<?xml version="1.0" encoding="UTF-8"?>
<?xml-model href="http://www.tei-c.org/release/xml/tei/custom/schema/relaxng/tei_all.rng" schematypens="http://relaxng.org/ns/structure/1.0"?>
<TEI xmlns="http://www.tei-c.org/ns/1.0">
  <teiHeader>
    <fileDesc>
        <titleStmt>
            <title>BASEL</title>
        </titleStmt>
        <editionStmt>
            <edition>TEI P5.1 Edition</edition>
            <respStmt>
                <resp>
                    <persName>Claudio Bacciagaluppi</persName>
                    <persName>Laurent Pugin</persName>
                    <persName>Rodolfo Zitellini</persName>
                    <date when="2016-01">Janvier 2016</date>
                </resp>
                <name>Bureau Suisse du RISM</name>
            </respStmt>
        </editionStmt>
        <publicationStmt>
            <publisher><orgName xml:base="http://www.rism-ch.org">Bureau Suisse du RISM</orgName></publisher>
        </publicationStmt>
	    <seriesStmt>
	     <idno type="collection">ch_famb</idno>
	    </seriesStmt>
      <sourceDesc>
		<bibl>
        <title>Concert<date when="19510330">30/03/1951</date></title>
<series>Concert</series>
<placeName>Basel, Hans Huber-Saal des Stadtcasinos Basel</placeName>
<orgName role="holding">Archiv des Vereins Freunde alter Musik Basel; <link target="http://famb.ch/"/></orgName>

		</bibl>
      </sourceDesc>
    </fileDesc>
  </teiHeader>
  <text>
    <body>
        <p> <!-- all the content of the program in one paragraph -->
            <pb facs="CH_Bm_prg/pyr_CH_Bm_prg-0670.tif"/>
<date when="19510330"/>
<name key="Schnyder von Wartensee, Franz Xaver " type="person" role="cmp">Schnyder von Wartensee, Franz Xaver </name>
<name key="Naumann, Johann Gottlieb" type="person" role="cmp">Naumann, Johann Gottlieb</name>
<name key="Haydn, Joseph" type="person" role="cmp">Haydn, Joseph</name>
<name key="Mozart, Wolfgang Amadeus" type="person" role="cmp">Mozart, Wolfgang Amadeus</name><name key="Hoffmann, Bruno" type="person" role="int">Hoffmann, Bruno</name>
<name key="Gold, Alexander" type="person" role="int">Gold, Alexander</name>
<name key="Bopp, Joseph" type="person" role="int">Bopp, Joseph</name>
<name key="Majer, Marianne" type="person" role="int">Majer, Marianne</name>
<name key="Wenzinger, August" type="person" role="int">Wenzinger, August</name>
<name key="Kägi, Valerie" type="person" role="int">Kägi, Valerie</name><title>Concert</title>
<placeName key="Basel, Hans Huber-Saal des Stadtcasinos Basel"/>
<name key="Concert" type="series"/>
<page><![CDATA[﻿Freunde alter Musik in Basel
      2. Hauskonzert
                                                       Freitag, SU. März 1951, 20.15 Uhr Hans Hubersaal (Stadtcasino)
 Musik mit Glasharmonika
                                            Bruno Hoffmann aus Stuttgart (Glasharmonika);
                                            Alexander Gold (Oboe) und Mitglieder der Schola Cantorum Basiliensis: Joseph Bopp (Flöte),
                                              Marianne Majer (Bratsche), August Wenzinger (Violoncello), Valerie Kägi (Hammerklavier)
            Programm 30 Cts.
             Eintritt für Mitglieder frei, für Nichtmitglieder Fr. 4.40, für Studenten, interne Konservatoristen und Berufsschüler der Schola Cantorum Basiliensis Fr. 2.75 im Vorverkauf bei Hug & Co., Freiestrasse 70 a, und an der Abendkasse.
             Jahresbeitrag für Mitglieder Fr. 15.—■, für Freimitglieder Fr. 40.—, für Personen unter 20 Jahren, Studenten, interne Konservatoristen und Berufsschüler der Schola Cantorum Basiliensis Fr. 10.—Anmeldung zur Mitgliedschaft an die Aktuarin, Frau E. Stalder-Suter, Missionsstrasse 33, Basel.
             Voranzeige: 2 Konzerte der Schola Cantorum Basiliensis, 21. und 23. Mai, im Hans Hubersaal: I. Altitalienische Gesangs- und Violinmusik, II. Musik am Hofe Friedrichs des Grossen.
]]></page>
<pb facs="CH_Bm_prg/pyr_CH_Bm_prg-0671.tif"/>
<page><![CDATA[﻿Franz Xaver Schnyder v. Wartensee 1786—1868
Fantasie c-moll / G-dur: «Der durch Musik überwundene Wütherich» für Glasharmonika und Klavier Allegro furioso / Andante
Joh. Gottl. Naumann 1741—1801
Drei Sonaten für Glasharmonika Nr. 4, C-dur: Larghetto Cantabile / Allegretto Nr.8,g-moll / G-dur: Adagio / Allegretto Nr.5,D-dur: Adagio arioso / Allegretto
Joseph Haydn	Trio D-dur für Flöte, Violoncello und
1732—1809	Klavier
                            Allegro / Andantino piü tosto allegretto / Vivace assai
Wolfgang Amadeus Mozart Adagio C-dur für Glasharmonika 1756-1791	(K. V. 617 a)
                          Adagio c-moll und Rondo C-dur für Glasharmonika, Flöte, Oboe, Bratsche und Violoncello (K. V. 617)
Hammerklavier Johann Andreas Stein, Augsburg 1791 (Sammlung Schola Cantorum Basiliensis)]]></page>
       
        </p>
    </body>
  </text>
</TEI>
