<?xml version="1.0" encoding="UTF-8"?>
<?xml-model href="http://www.tei-c.org/release/xml/tei/custom/schema/relaxng/tei_all.rng" schematypens="http://relaxng.org/ns/structure/1.0"?>
<TEI xmlns="http://www.tei-c.org/ns/1.0">
  <teiHeader>
    <fileDesc>
        <titleStmt>
            <title>BASEL</title>
        </titleStmt>
        <editionStmt>
            <edition>TEI P5.1 Edition</edition>
            <respStmt>
                <resp>
                    <persName>Claudio Bacciagaluppi</persName>
                    <persName>Laurent Pugin</persName>
                    <persName>Rodolfo Zitellini</persName>
                    <date when="2016-01">Janvier 2016</date>
                </resp>
                <name>Bureau Suisse du RISM</name>
            </respStmt>
        </editionStmt>
        <publicationStmt>
            <publisher><orgName xml:base="http://www.rism-ch.org">Bureau Suisse du RISM</orgName></publisher>
        </publicationStmt>
	    <seriesStmt>
	     <idno type="collection">ch_famb</idno>
	    </seriesStmt>
      <sourceDesc>
		<bibl>
        <title>Concert<date when="20050303">03/03/2005</date></title>
<series>Concert</series>
<placeName>Basel, Martinskirche</placeName>
<orgName role="holding">Archiv des Vereins Freunde alter Musik Basel; <link target="http://famb.ch/"/></orgName>

		</bibl>
      </sourceDesc>
    </fileDesc>
  </teiHeader>
  <text>
    <body>
        <p> <!-- all the content of the program in one paragraph -->
            <pb facs="CH_Bm_prg/pyr_CH_Bm_prg-1181.tif"/>
<date when="20050303"/>
<name key="Vivaldi, Antonio" type="person" role="cmp">Vivaldi, Antonio</name>
<name key="Geminiani, Francesco" type="person" role="cmp">Geminiani, Francesco</name>
<name key="Valentini, Giuseppe" type="person" role="cmp">Valentini, Giuseppe</name>
<name key="Porpora, Nicola" type="person" role="cmp">Porpora, Nicola</name><name key="Plantier, David" type="person" role="int">Plantier, David</name>
<name key="Pfister, Stephanie" type="person" role="int">Pfister, Stephanie</name>
<name key="Schayegh, Leila" type="person" role="int">Schayegh, Leila</name>
<name key="Borhi, Éva" type="person" role="int">Borhi, Éva</name>
<name key="Zemanová, Helena" type="person" role="int">Zemanová, Helena</name>
<name key="Barczi, Péter" type="person" role="int">Barczi, Péter</name>
<name key="Schnorhk, Martine" type="person" role="int">Schnorhk, Martine</name>
<name key="Nasillo, Gaetano" type="person" role="int">Nasillo, Gaetano</name>
<name key="Brugge, Hendrike ter" type="person" role="int">Brugge, Hendrike ter</name>
<name key="Chanu, Michael" type="person" role="int">Chanu, Michael</name>
<name key="Marchiol, Andrea" type="person" role="int">Marchiol, Andrea</name>
<name key="Mascardi, Evangelina" type="person" role="int">Mascardi, Evangelina</name>
<name key="Banchini, Chiara" type="person" role="int">Banchini, Chiara</name><title>Concert</title>
<placeName key="Basel, Martinskirche"/>
<name key="Concert" type="series"/>
<page><![CDATA[﻿Freunde alterMusik.S
Donnerstag, 3. März 2005 20.15	Uhr Martinskirche Basel
Konzert
„L ANGE DU BIZARRE"
 Concerti von A. Vivaldi, F. Geminiani, G. Valentini und N. Porpora
Ensemble 415
Leitung
Chiara Banchini
 Kartenvorverkauf: Musik Wyler Schneidergasse 24, Basel Tel. 061-261 90 25
Basel]]></page>
<pb facs="CH_Bm_prg/pyr_CH_Bm_prg-1182.tif"/>
<page><![CDATA[﻿Programm
Antonio Vivaldi 1678?-1741
Francesco Geminiani 1687-1762
Concerto a-moll op. 3. Nr. 8 für 2 Violinen
Allegro - Larghetto e spiritoso - Allegro Solistinnen: Chiara Banchini Stephanie Pfister
Concerto d-moll Nr. 7 (aus op. 5 von A. Corelli)
Preludio - Corrente - Sarabanda - Giga Solist: David Plantier
Giuseppe Valentini 1681 - 1753
Concerto a-moll op. 7 Nr.. 11 Largo - Allegro - Grave -Presto - Adagio - Allegro
        Solisten: Chiara Banchini David Plantier Leila Schayegh Eva Borhi
PAUSE
Nicola Antonio Porpora
1686-1768
Concerto GDur für Violoncello
Adagio - Allegro - Adagio - Allegro
Solist: Gaetano Nasillo
Francesco Geminiani
1687-1762
Concerto d-moll Nr. 12 „La Follia" (aus op. 5 von A. Corelli)
Solistin: Chiara Banchini
Ensemble 415
Chiara Banchini Violine und Leitung
Violine	David Plantier, Stephanie Pfister,
Leila Schayegh, Eva Borhi, Helena Zemanova
Viola	Peter Barczi, Martine Schnorhk
Violoncello	Gaetano Nasillo, Hendrike ter Brugge
Kontrabass	Michael Chanu
Cembalo	Andrea Marchiol
Theorbe	Evangelina Mascardi
Kultur*
Basel-Stadt]]></page>
<pb facs="CH_Bm_prg/pyr_CH_Bm_prg-1183.tif"/>
<page><![CDATA[﻿L'ANGE DU BIZARRE
Concerti von Antonio Vivaldi, Francesco Geminiani, Giuseppe Valentini und Nicola Porpora
Die musikalische Persönlichkeit Arcangelo Corellis drückte einem ganzen Zeitalter ihren Stempel auf: Als die Concerti Antonio Vivaldis schon längst dem Vergessen anheim gefallen waren, entschlossen sich Verleger in London und Amsterdam, sie wieder aufzulegen. Es waren nicht zuletzt Corellis Schüler, die wenigstens bis zur Mitte des 1 8. Jahrhunderts jenes besondere Ideal der klanglichen Schönheit als lebendiges und kostbares Erbe ihres Lehrers weiter trugen.
Zu ihnen gehörte Francesco Geminiani, ein ebenso temperamentvoller wie unberechenbarer Geiger. Den „Rasenden" („furibondo") nannte ihn sein Kollege Giuseppe Tartini. Er war einer der ersten, der die Violintechnik methodisch in die Richtung eines virtuosen Stils entwickelte. Sicher ist es der Bewunderung für seinen großen Meister zu verdanken, dass er von Corellis zwölf Violinsonaten opus
5	Transkriptionen für Orchester anfertigte, darunter auch die berühmten Follia-Variationen am Ende der Sammlung. Geminianis Fassung wurde 1735 in London gedruckt.
Giuseppe Valentini, ein virtuoser Geiger und Komponist, betätigte sich auch als Dichter und Maler. Er äußert seine Vorliebe für „Bizarrerien" im Vorwort seiner Concerti grossi op. 7: „ Wenn Sie zu dem Schluß kommen, dass meine Musik die Regeln der rechten Komposition nicht respektiert, erinnere ich daran, dass ich sie geschrieben habe, um jenen das größte Vergnügen zu bereiten, die die vorgefassten Lösungen nicht so sehr schätzen ..."
Valentini war jedoch nicht wegen seines exzentrischen Charakters bekannt, sondern als großer Virtuose und talentierter Komponist. Dies läßt sich daran ablesen, dass er nach einer gewissen Zeit Corelli in der Beliebtheit der römischen Öffentlichkeit verdrängen konnte.
Nicola Porpora, ein neapolitanischer Komponist und renommierter Gesangslehrer seiner Zeit (sein berühmtester

Schüler war der Kastrat Farinelli), zeigt uns mit seinem Konzert für Violoncello das außerordentlich hohe Niveau der Musik seiner Heimatstadt in der ersten Hälfte des 1 8. Jahrhunderts. Das Cello nahm dabei einen wichtigen Platz ein. Seine Technik entwickelte sich rasch (ablesbar am Einsatz der Daumenlage). Die Präsenz von virtuosen Cellisten, wie etwa Salvatore Lanzetti, hat Porporas Schreibart sicher beeinflußt. Sein eleganter und edler Charakter, der intensive Dialog mit dem Orchester, die Emotionalität und Tiefe der langsamen Sätze machen dieses Cellokonzert zu einer seiner besten Kompositionen.
Antonio Vivaldi hat für die verschiedensten Soloinstrumente im ganzen ca. 600 Concerti geschrieben. Die erste bei Estienne Roger in Amsterdam gedruckte Sammlung „L'estro armonico" op. 3 (171 1/12) machte ihn in ganz Europa berühmt. Niemand Geringeres als Johann Sebastian Bach bewunderte, studierte und bearbeitete diese Werke für andere Besetzungen.
Vivaldis Ruhm als Violin-Virtuose stand dem als Komponist in nichts nach. Sein atemberaubendes Spiel bis in die höchsten Lagen wurde von den Zeitgenossen bestaunt. Geiger wie der Konzertmeister der Dresdner Hofkapelle, Johann Georg Pisendel, kamen nach Venedig, um bei Vivaldi zu studieren.]]></page>
<pb facs="CH_Bm_prg/pyr_CH_Bm_prg-1184.tif"/>
<page><![CDATA[﻿Das 1981 in Genf gegründete Ensemble 415 leitet seinen Namen von einem der Stimmtöne ab, die im 1 8. Jahrhundert gebräuchlich waren. Frangois Fernandez, Enrico Gatti, Emilio Moreno und Fabio Biondi gehörten neben Chiara Banchini zur ersten Generation.
Zwanzig Jahre später setzen das Ensemble 415 und seine Gründerin ihre Arbeit der Erschließung neuen Repertoires und der Weitergabe ihres Wissens mit einer neuen Besetzung fort, die aus der Schola Cantorum Basiliensis hervorgegangen ist, wo Chiara Banchini seit 1991 die Ausbildungsklasse für Barockvioline leitet.
Unter den 1 5 CD-Aufnahmen für Harmonia Mundi befinden sich die Concerti grossi op. 6 von Arcangelo Corelli in grösser Besetzung, Vivaldis "Stabat Mater" mit Andreas Scholl und Georg Muffats "Armonico Tributo", Aufnahmen, die ebenso nachhaltig auf die Entwicklung der Rezeption wie der Interpretation der Musik des 17. und 1 8. Jahrhunderts gewirkt haben.
Bei Zig-Zag Territoires setzt das Ensemble 415 seine unermüdliche Suche nach stilistischer Integrität, vergessenen Werken und frischen Interpretationen fort, mit der Wiederentdeckung von Komponisten wie Giuseppe Valentini und Giovanni Bononcini, dessen "La nemica d'amore fatta amante" hier zum ersten Mal auf Tonträger vorgelegt wurde. Als nächste Einspielung werden seltene neapolitanische Violoncello-Konzerte von Porpora, Fiorenza und Leo mit Gaetano Nasillo als Solist veröffentlicht (April 2005).
Chiara Banchini wurde in der Schweiz geboren. Ihr Studium absolvierte sie bei Corrado Romano, Sändor Vegh und Sigiswald Kujiken, dessen Orchester „La Petite Bande" sie seit seiner Gründung angehörte. Ihre Solistenkarriere führte sie rund um den Globus. Daneben widmete sie sich intensiv der Lehre. Bevor sie als Dozentin für Barockvioline an die Schola Cantorum Basiliensis berufen wurde, unterrichtete sie an der Scuola Civica in Mailand und am Centre de Musique Ancienne in Genf. Meisterklassen führten sie in die USA, nach Australien und durch ganz Europa. Die Solisten von heute Abend gehören zu ihren ehemaligen Studenten, die heute zu den führenden Interpreten der Barockmusik-Szene zählen. Eine umfangreiche Diskographie dokumentiert Chiara Banchinis vielfältige musikalische

Aktivitäten. Ihre Aufnahmen erschienen bei den Labels Erato, Accent, Astree, Harmonia Mundi France und seit 2002 auch bei Zig-Zag Territoires. Besonderes Aufsehen erregten die Violinsonaten op. 5 von Arcangelo Corelli, die Invenzioni op. X von Francesco A. Bonporti, beide zusammen mit dem Cembalist Jesper Christensen (letztere in der Reihe „Schola Cantorum Basiliensis-Documenta"). Ausserdem machte sie eine Gesamtaufnahme der Sonaten für Violine und Fortepiano von W. A. Mozart sowie eine Gesamtaufnahme der Concerti grossi op. 6 von Arcangelo Corelli mit einem ungewöhnlich großen Orchester von 40 Musikern. Speziell diese Aufnahme wurde enthusiastisch aufgenommenen und führte zu lebhaften Diskussionen über die Möglichkeiten historischer Besetzungsgrößen. Chiara Banchini spielt eine Violine von Nicola Amati, Cremona 1664.
David Plantier studierte am Genfer Konservatorium moderne Violine und erhielt sein Konzertdiplom mit Auszeichnung. Anschliessend ging er ans Centre de Musique Ancienne in Genf und an die Schola Cantorum Basiliensis zu Chiara Banchini, wo er seine Studien 1997 in Barockvioline und Alter Musik abschloss.
David Plantier ist ein gesuchter Musiker und tritt als Solist und Konzertmeister mit Ensembles wie Le Concert des Na-tions und Hesperion XXI, Concerto Vocale, Ensemble 415, le Parlement de Musique, Cafe Zimmermann, Amarillis und La Rizonanza, unter Dirigenten wie Chiara Banchini, Jordi Savall, Rene Jacobs, Martin Gester, Fabio Bonizzoni auf.
Er ist Konzertmeister des Basler Barockorchesters La Cetra und hat mit diesem Orchester eine Aufnahme mit Werken von Giuseppe Antonio Brescianello dirigiert (in der Reihe „Schola Cantorum Basiliensis-Documenta" bei Harmonia Mundi, Diapason Decouverte, 10 de Classica-Repertoire). Mit Labels wie Zig-Zag Territoires, Harmonia Mundi,
Astree, Glossa und Opus 1 1 1 war er an zahlreichen, Einspielungen beteiligt.
2004 gründete er sein eigenes Ensemble "Les plaisirs du Parnasse". Bei Zig-Zag Territoires ist soeben als Welter-steinspielung eine Aufnahme mit Sonaten für Violine und Basso Continuo von Johann Paul von Westhoff erschienen. David Plantier lehrt als Assistent von Chiara Banchini an]]></page>
<pb facs="CH_Bm_prg/pyr_CH_Bm_prg-1185.tif"/>
<page><![CDATA[﻿der Hochschule sowie als Lehrer an der Allgemeinen Schule der Schola Cantorum Basiliensis. Er spielt eine anonyme Tiroler Geige aus der Mitte des 1 8. Jahrhunderts.
Stephanie Pfister nahm ihr Violinstudium am Konservatorium von Straßburg auf und wechselte 1991 in die Klasse von Chiara Banchini an die Schola Cantorum Basiliensis. Dort beendete sie 1997 das Studium der Alten Musik mit dem Diplom. Gleichzeitig besuchte sie Kurse am Konservatorium von Toulouse, wo sie Erste Preise für Barockvioline und Kammermusik errang. Nach ersten praktischen Erfahrungen 1991 im Barockorchester der Europäischen Union (ECBO) spielte sie in Ensembles wie Les Arts Florissants, Ensemble 415, Ensemble Elyma, Les Musiciens du Louvre, La Grande Ecurie und La Fenice. Sie ist heute Primgeigerin im Parlement de Musique und lehrt seit 1997 Barockvioline am Konservatorium von Straßburg.
Gaetano Nasillo erhielt sein Konzertdiplom am Conserva-torio Giuseppe Verdi in Mailand bei Rocco Filippini und besuchte dessen Kurse an der Accademia W. Stauffer in Cremona. Nach einer bedeutenden Cellisten-Karriere begann er Viola da gamba bei Paolo Pandolfo an der Schola Cantorum Basiliensis zu studieren. Er konzertierte innerhalb und außerhalb Europas (USA, Lateinamerika) und arbeitete mit namhaften europäischen Ensembles wie dem Ensemble 41 5, Concerto Vocale unter Rene Jacobs,
Le Concert des Nations unter Jordi Savall.
Er hat über 60 CDs für Labels wie Harmonia Mundi, Ricordi, Teldec, Zig-Zag Territoires eingespielt, viele mit bedeutenden Preisen ausgezeichnet. 2004 hat er für Zig-Zag Territoires Salvatore Lanzettis Sonaten für Violoncello und Basso continuo sowie Concerti von Nicola Porpora,
N. Fiorenza und Leonardo Leo mit dem Ensemble 415 eingespielt.
Gaetano Nasillo unterrichtet Barockcello an der Accademia Internazionale della Musica sowie am Conservatorio Vincenzo Bellini in Palermo und gibt zahlreiche Meisterkurse. Er spielt ein Cello von Barak Norman, London 1710.

Leila Schayegh, 1975 in Winterthur geboren, absolvierte sie ihr Solistendiplom 1999 nach Studien bei Nora Chastain, Hansheinz Schneeberger und Raphael Oleg mit Auszeichnung. Nach zweijähriger Tätigkeit als Mitglied des Orchesters der Oper Zürich entschloss sie sich 2002, sich auf Violine in alter Mensur zu konzentrieren und begann bei Chiara Banchini an der Schola Cantorum Basiliensis ein zweites Studium. Als moderne Geigerin ist Leila Schayegh Preisträgerin sämtlicher wichtiger Schweizer Stipendien wie jene des Migros-Genossenschaftsbundes, der Kiefer-Hablitzel-Stiftung oder der Kulturfördergemeinschaft der Europäischen Wirtschaft. Als Barockgeigerin war sie allein im Jahr 2003 Preisträgerin des Grossen Förderpreis-wettbewerbs der Konzertgesellschaft München, des Alten Musiktreff Berlin sowie des Premio Bonporti für Barockvioline in Rovereto, Italien. Als Mitglied des Ensembles 415, des Barockorchesters La Cetra sowie als Kammermusikerin und Solistin ist Leila Schayegh an Festivals und Konzerten in ganz Europa präsent.
Eva Borhi ist geboren und aufgewachsen in Szombathely (Ungarn). Ihr Musikstudium schloss sie mit dem Konzertdiplom für Violine ab. Ergänzt wurde ihre Ausbildung durch Studien bei Simon Standage, John Holloway und Anton Steck sowie durch ein Fortbildungsstudium mit Chiara Banchini an der Schola Cantorum Basiliensis. Seit Jahren spielt Eva Borhi in verschiedenen Ensembles wie Musica Fiorita, La Cetra, Capriccio Basel und Ensemble 415. Immer wieder tritt sie auch als Solistin in Erscheinung. Eva Borhi lebt zur Zeit in Basel.]]></page>
<pb facs="CH_Bm_prg/pyr_CH_Bm_prg-1186.tif"/>
<page><![CDATA[﻿Giuseppe Valentini - „il straccioncino" (der Bohemien)
Giuseppe Valentinis Musik wurde bis heute kaum zur Kenntnis genommen. Das Konzert für vier Violinen op.
7	Nr. 11, sein Hauptwerk, erfreute sich eines gewissen Interesses, der Rest aber blieb im Schatten der Großen seiner Zeit: Vivaldi, Corelli, Locatelli... Erst seit kurzem wird Valentinis Bedeutung auf dem Gebiet der italienischen Instrumentalmusik der ersten Hälfte des 1 8. Jahrhunderts gewürdigt. Ihre Charakteristika sind Originalität, formale Innovation und der Ehrgeiz, sich vom großen Meister Corelli abzuheben.
Giuseppe Valentini wurde am 14. Dezember 1681 in Florenz geboren und starb im November 1753 in Rom. Wann er in die Heilige Stadt kam, wissen wir nicht, doch taucht sein Name 1692 in den Listen der Congregazione di Santa Cecilia, der Berufsvereinigung der Musiker in Rom, auf. 1692 bis 1697 studierte Valentini bei Giovanni Bononcini, 1694 ist er — mit 1 3 Jahren — erstmals als freischaffender Geiger nachweisbar, aber erst ab 1708 erscheint er regelmäßig in den Musikerlisten der Kirchen und Kollegien, wo in Konzerten des Fürsten Ruspoli und der Kardinäle Ottoboni und Pamphili Instrumentalsten auftraten. Außerhalb der Kirchen spielte sich das Musikleben Roms in den verschiedenen Adelsfamilien ab. Zwischen März 1 708 und Oktober 1713 war Valentini oft an Kan-taten-Aufführungen bei den sonntäglichen Conversazioni des Fürsten Ruspoli beteiligt. Hinzu kamen Aufführungen von Opern, Oratorien und Serenaten außerhalb dieser Reihe. So war er am 9. April 1 708 unter den 20 Geigern in der von Corelli geleiteten Aufführung des Oratoriums „La Resurrezzione" von Georg Friedrich Händel.
Zwischen 1701 und 1714 veröffentlichte Valentini sieben Bände Instrumental-Musik (opp. 1-8, das Opus 7 erschien 1710), eine Reihe von Oratorien und Kantaten sowie einen erst kürzlich wieder aufgefundenen Band Gedichte, die „Rime varie" opus 6. Trotz seiner Ankündigung im Vorwort zu Opus 8, sechs weitere Sammlungen Instrumentalmusik sowie ein „Poemetto in ottava rima" herauszugeben, lässt sich nach 1714 kein weiterer Druck in Italien

nachweisen. Das plötzliche Abbrechen seiner Publikationstätigkeit ist nicht allein auf die gestiegenen Druckkosten zurückzuführen, die Valentini im Vorwort zu op. 4 dafür verantwortlich machte, daß seine „Sonate a due e tre corde" nicht erscheinen konnten, sondern auch auf den Umstand, daß sein Ruf seit 1710 genügend gefestigt war, um an San Luigi dei Francesi engagiert zu werden, wo er von 1710 bis 1741 als Corellis Nachfolger das Amt des Primgeigers im Concertino versah. Zudem war er — laut Titelblatt der Concerti grossi op. 7 — „Suonator di violino e compositore di musica" des Fürsten Michelangelo Cae-tani. Dieser Fürst, in dessen Dienst er mindestens bis 1727 stand, ermöglichte — unter anderem — die Publikation der Concerti grossi op. 7.
Valentinis Aktivitäten verzweigten sich nun noch mehr.
Wir stoßen in den meisten Kirchen und Kollegien Roms auf seine Spuren. Er scheint geradezu ein Monopol im Musik-Ieben der Stadt ausgeübt zu haben. Gekrönt wurde die glanzvolle Laufbahn durch seine Wahl zum Mitglied der Accademia Arcadiana, eine Ehre, die nur wenigen Komponisten vor ihm zuteil geworden war. Doch obwohl er als Maestro di cappella allgegenwärtig blieb, machten sich seine Werke in den 1 730 Jahren immer rarer. Mit Ausnahme der 1733 im Palazzo Apostolico und in San Lo-renzo in Lucina aufgeführten Kantaten, sowie derjenigen, die er 1 746-47 für das Collegio del Nazareno schrieb, ist seine Komponisten-Karriere praktisch zu Ende. Valentinis genaues Todesdatum ist unbekannt, doch vermerkt seine Personalakte in den Archiven der Accademia di Santa Ce-cilia „gestorben im November 1753". Am 12. November zelebrierte die Gemeinde der Kirche eine Messe zu seinen Ehren.
Valentini scheint auf sein „Image" bedacht gewesen zu sein: Er bestand in einer Weise auf seiner Originalität und Neuartigkeit, die ihm den Zorn einiger seiner Kollegen und Kritiker zuzog. Geradezu wütend versuchte er, sich von der Masse ausgezeichneter Musiker Roms abzuheben, und zögerte nicht, auch Corellis Primat in Frage zu stellen. Der forcierte Versuch, anders zu sein als die Anderen, mag hier und dort ungelenk oder schlecht strukturiert erscheinen,]]></page>
<pb facs="CH_Bm_prg/pyr_CH_Bm_prg-1187.tif"/>
<page><![CDATA[﻿spiegelt aber eine genialische Persönlichkeit, die entschlossen ist, Eigenes hervorzubringen, statt Andere nachzuahmen. Ihre Vorliebe für Eigentümlichkeiten reicht bis in die Titel der Sammlungen: Bizzarie per Camera, Fantasie musicali, Idee per Camera, Villegiature Armoniche. Valentini lehnte es auch ab, die einzelnen Sätze seiner Werke mit den Namen der Tänze zu bezeichnen, deren Charakteristika sie aufweisen. Er verwendete ungebräuchliche Tempo-Bezeichnungen wie posato, amoroso, spiritoso und fasste sieben oder zehn Werke zu einer Sammlung zusammen, statt der üblichen sechs oder zwölf. Er gab den Stücken seiner Bizzarie Titel, die auf berühmte Persönlichkeiten verweisen (La Corelli), obwohl diese Praxis in Italien bereits seit dem Ende des 17. Jahrhunderts außer Mode gekommen war, erläuterte aber in den Vorworten seiner Sammlungen, warum er das tat. In der Vorrede zu Opus
4	erinnerte er den Leser : „ Wenn Du meinst, meine Musik würde die Regeln nicht beachten, so bedenke bitte, daß ich sie geschrieben habe, um denjenigen umso mehr Vergnügen zu bereiten, die es nicht lieben, in engen Grenzen eingeschlossen zu sein. "Und in Opus 7 fügte er hinzu, er habe „versucht, Konzerte in einem neuen Stil zu schreiben, da ich glaube, daß Neuartigkeit dem Ohr gewohnheitsmäßig gefällt".
Die Concerti grossi op. 7 dokumentieren Valentinis Streben nach Originalität und Extravaganz am deutlichsten.
An vielen Stellen demonstriert er, wie sehr er sich den Stil des großen Corelli zu eigen gemacht hat, als wolle er sich davon dann umso stärker abheben. Wo sich der Römer formal um perfektes Ebenmaß bemüht, wirft Valentini alle Traditionen über den Haufen, gibt jedem Konzert eine eigene Form und einen eigenen Charakter und verhindert geradezu den eleganten Dialog zwischen Concertino und Ripieno-Gruppe, der Corelii so teuer war. Valentini tendiert zum Solokonzert, gestaltet den Part der 1. Violine virtuos mit komplizierten Arpeggios, Passagen in höchster Lage und einer Kantilene, deren Expressivität nicht hinter Vivaldi zurücksteht. Die 2. Violine ist dagegen zur Bedeutungslosigkeit degradiert, während dem Cello einige virtuose Einwürfe gestattet sind. Ungewöhnlich ist der Bratschen-Part, der die simple Funktion einer „Füllstimme" weit hinter

sich lässt, oft gleichwertig neben den Violinen steht und deren Tessitur gelegentlich sogar übersteigt.
Gewagte Anleihen bei der Volksmusik würzen Valentinis Werke (Vivace im 1., Allegro assai im 7., Allegro im 10. und das Tarantella-artige Allegro-Finale im 3. Konzert). Sie nehmen die Gestalt humoristischer Melodien, Nachahmungen ländlicher Motive und ungewohnter und origineller harmonischer Wendungen an. Besonders gern kontrastiert er verschiedene Stilebenen im selben Satz — mal augenzwinkernd, mal als „Wink mit dem Zaunpfahl" — was seiner Musik unerhörte Farbigkeit verleiht. Manche Stücke weisen alle Eigentümlichkeiten eines regelrechten Violin-Konzerts Vivaldischen Typs auf, aber es finden sich auch altertümliche Stücke in der klassischen Concerto gros-so-Form. Das Meisterwerk der Sammlung ist zweifellos das Konzert Nr. 1 1 für vier Violinen, das ein Muster der Inspiration und des musikalischen Satzes ist. Mit knapp 20 Minuten Aufführungsdauer hat es für damalige Verhältnisse erstaunliche Ausmaße. Der ingeniöse Dialog der vier Violinen ist perfekt ausbalanciert, die Sätze sind abwechslungsreich, darunter eine imposante Fuge, ein opernhaftes Rezitativ und ein Virtuosen-Schaukampf, in dem jeder der vier Geiger nacheinander das Ausmaß seines Talents unter Beweis stellen kann... Valentinis Konzerte tragen insgesamt die charakteristischen Züge ihres Autors - Humor, Fantasie, Originalität - und machen uns mit einem innovativen Feuerkopf bekannt, dessen glänzender Ruhm bedauerlicherweise allzu kurzlebig war.
David Plantier
(Text aus dem CD-booklet der oben erwähnten Aufnahme von Giuseppe Valentini „Concerti grossi op. 7", erschienen bei Zig-Zag Territoires, mit freundlicher Genehmigung des Autors.)]]></page>
<pb facs="CH_Bm_prg/pyr_CH_Bm_prg-1188.tif"/>
<page><![CDATA[﻿Unsere nächsten Konzerte:
Konzert IV
Extra konzert II
Vorverkauf:
Donnerstag, 21. April 2005
20.15	Uhr Peterskirche Basel
"...ALSO DAS ES WEGEN DES LAUTS DER GAR VIELEN SAITEN FAST ALLES GEKNITTERT HAT..."
Motteten von Agostino Agazzari und Michael Praetorius
Sänger/innen und Instrumentalist/innen der Schola Cantorum Basiliensis
Leitung: Jesper B. Christensen
Samstag, 18. Juni 2005
20.15	Uhr Martinskirche Basel
"THE PASSIONS" (1760)
Eine CaecilienOde von William Hayes Vokalsolisten, Chor und Orchester der Schola Cantorum Basiliensis
Narrator:
Anger:
Fear:
Despair:
Revenge:
Chearfulness:
Jealousy:
Melancholy:
Hope:
Reason:
Joy:
Evelyn Tubb Lisandro Abadie David Munderloh Hans-Jürg Rickenbacher Sebastian Goll Kinga Misiak Marni Schwonberg Ulrike Hofbauer Evelyn Tubb Kristine Jaunalksne Kate Hawnt
alle Altstimmen des Chores
Konzertmeister: Cosimo Stawiarski Einstudierung: Anthony Rooley
Musik Wyler, Schneidergasse 24, 4051 Basel Tel. 061 - 261 90 25

Herzliche Einladung zu einem Sonderanlass der Schola Cantorum Basiliensis
Freitag, 27. Mai 2005 im Kunstmuseum Basel
VANITAS
18.00 Uhr im Vortragssaal:
Vortrag Dr. Gian Casper Bott: „Bezaubernd vergänglich -Vanitas in Malerei und Musik"
19 Uhr:
Werkbetrachtungen mit Gian Casper Bott vor ausgewählten Bildern der Ausstellung
Apero 20.15 Uhr im Foyer 1. Stock: Abschlusskonzert
     der SCB- Kurse 2004/05 mit Anthony Rooley und Evelyn Tubb: „Ensemblewerke des 16.-18. Jahrhunderts zur Vanitas-Thematik", ausgeführt von Studierenden der Schola Cantorum Basiliensis
Vorverkauf: Musik Wyler, Schneidergasse 24, 4051 Basel Tel. 061 - 261 90 25]]></page>
<pb facs="CH_Bm_prg/pyr_CH_Bm_prg-1189.tif"/>
<page><![CDATA[﻿]]></page>
       
        </p>
    </body>
  </text>
</TEI>
