<?xml version="1.0" encoding="UTF-8"?>
<?xml-model href="http://www.tei-c.org/release/xml/tei/custom/schema/relaxng/tei_all.rng" schematypens="http://relaxng.org/ns/structure/1.0"?>
<TEI xmlns="http://www.tei-c.org/ns/1.0">
  <teiHeader>
    <fileDesc>
        <titleStmt>
            <title>BASEL</title>
        </titleStmt>
        <editionStmt>
            <edition>TEI P5.1 Edition</edition>
            <respStmt>
                <resp>
                    <persName>Claudio Bacciagaluppi</persName>
                    <persName>Laurent Pugin</persName>
                    <persName>Rodolfo Zitellini</persName>
                    <date when="2016-01">Janvier 2016</date>
                </resp>
                <name>Bureau Suisse du RISM</name>
            </respStmt>
        </editionStmt>
        <publicationStmt>
            <publisher><orgName xml:base="http://www.rism-ch.org">Bureau Suisse du RISM</orgName></publisher>
        </publicationStmt>
	    <seriesStmt>
	     <idno type="collection">ch_famb</idno>
	    </seriesStmt>
      <sourceDesc>
		<bibl>
        <title>Concert<date when="19531130">30/11/1953</date></title>
<series>Concert</series>
<placeName>Basel, Münstersaal des Bischofshofs</placeName>
<orgName role="holding">Archiv des Vereins Freunde alter Musik Basel; <link target="http://famb.ch/"/></orgName>

		</bibl>
      </sourceDesc>
    </fileDesc>
  </teiHeader>
  <text>
    <body>
        <p> <!-- all the content of the program in one paragraph -->
            <pb facs="CH_Bm_prg/pyr_CH_Bm_prg-0718.tif"/>
<date when="19531130"/>
<name key="Purcell, Henry" type="person" role="cmp">Purcell, Henry</name>
<name key="Couperin, François" type="person" role="cmp">Couperin, François</name>
<name key="Marais, Marin" type="person" role="cmp">Marais, Marin</name><name key="Wenzinger, August" type="person" role="int">Wenzinger, August</name>
<name key="Majer, Marianne" type="person" role="int">Majer, Marianne</name>
<name key="Müller, Hannelore" type="person" role="int">Müller, Hannelore</name>
<name key="Koch, Johannes" type="person" role="int">Koch, Johannes</name>
<name key="Kägi, Valerie" type="person" role="int">Kägi, Valerie</name><title>Concert</title>
<placeName key="Basel, Münstersaal des Bischofshofs"/>
<name key="Concert" type="series"/>
<page><![CDATA[﻿F A M B Freunde alter Musik in Basel
Montag, 50.November 1953, 20.15 Uhr Münstersaal des Bischofshofs (Rittergasse)
                    H	1	V. I
IV. HAUSKONZERT	^
MUSIK AUF GAMBEN UND CEMBALO
Henry Purcell, Frankois Couperin, Marin Marais
Ausführende
                Das Viola da Gamba-Quartett der Schola Cantorum Basiliensis: August Wenzinger, Diskant-und Bassviola, Marianne Majer, Tenorviola, Hannelore Müller, Tenor- und Bassviola, Johannes Koch, Bassviola Valerie Kägi, Cembalo
                 Programm 30 Cts. Eintritt für Mitglieder frei, für Nichtmitglieder Fr.4.60 im Vorverkauf bei Hug & Co. und an der Abendkasse. Studenten, Konservatoristen und Berufsschüler der Schola Cantorum Basiliensis ermässigte Eintrittskarten zu Fr.2.70-Anmeldung zur Mitgliedschaft an die Aktuarin, Frau
                 E,Stalder-Suter,.Missionsstrasse 33 oder an das Sekretariat, St.Albanvorstadt 5, Tel.24.20.51.

  Progra mm
Neun Fantasien für	viar Violen
Fantasie t in g	10.Juni 1680
                      " .. II in B	11. * 1680
" III in F	Ik. * 1680
                   " IV in c	19. " 1680
                  " V in d	22. " 1680
                   " VI in a	23. " 1680
                     '* VII in e	30. " 1680
                   , / " VIII in G	19.Aug. 1680
                   " IX in d	31. " 1680
Franqois Couperin La Princesse Marie
                    Premiere Partie: Gracieusement sans lenteur Seconde Partie
                      Troisieme Partie: Air . dans le goüt Pol.onois
                     La Boufonne
                    Les Cherubins ou l'amiable Lazure
                    Le Croc-en-jambe
                    Les Tricoteuses
        Premiere Suite a trois Violes et Basse continue Prelude/Allemande/Courante/ Menuet/Sarabande/Gigue/Gavotte/ Petite Paysane/Rondeau
Verwendete Instrumente: Diskant- und Tenorviolen Eugen Sprenger, Bassviolen Jacobus Stainer, Joachim Tielke, Christian Hoffmann, Cembalo J.C.Neupert 1952, Spezialanfertigung
Marin Marais 1656-1728
Henry Purcell
 1658-1695]]></page>
       
        </p>
    </body>
  </text>
</TEI>
