<?xml version="1.0" encoding="UTF-8"?>
<?xml-model href="http://www.tei-c.org/release/xml/tei/custom/schema/relaxng/tei_all.rng" schematypens="http://relaxng.org/ns/structure/1.0"?>
<TEI xmlns="http://www.tei-c.org/ns/1.0">
  <teiHeader>
    <fileDesc>
        <titleStmt>
            <title>BASEL</title>
        </titleStmt>
        <editionStmt>
            <edition>TEI P5.1 Edition</edition>
            <respStmt>
                <resp>
                    <persName>Claudio Bacciagaluppi</persName>
                    <persName>Laurent Pugin</persName>
                    <persName>Rodolfo Zitellini</persName>
                    <date when="2016-01">Janvier 2016</date>
                </resp>
                <name>Bureau Suisse du RISM</name>
            </respStmt>
        </editionStmt>
        <publicationStmt>
            <publisher><orgName xml:base="http://www.rism-ch.org">Bureau Suisse du RISM</orgName></publisher>
        </publicationStmt>
	    <seriesStmt>
	     <idno type="collection">ch_famb</idno>
	    </seriesStmt>
      <sourceDesc>
		<bibl>
        <title>Concert<date when="19680329">29/03/1968</date></title>
<series>Concert</series>
<placeName>Basel, Hans Huber-Saal des Stadtcasinos Basel</placeName>
<orgName role="holding">Archiv des Vereins Freunde alter Musik Basel; <link target="http://famb.ch/"/></orgName>

		</bibl>
      </sourceDesc>
    </fileDesc>
  </teiHeader>
  <text>
    <body>
        <p> <!-- all the content of the program in one paragraph -->
            <pb facs="CH_Bm_prg/pyr_CH_Bm_prg-1762.tif"/>
<date when="19680329"/>
<name key="Telemann, Georg Philipp" type="person" role="cmp">Telemann, Georg Philipp</name><name key="Linde, Hans-Martin" type="person" role="int">Linde, Hans-Martin</name>
<name key="Piguet, Michel" type="person" role="int">Piguet, Michel</name>
<name key="Hoever, Herbert" type="person" role="int">Hoever, Herbert</name>
<name key="Müller, Hannelore" type="person" role="int">Müller, Hannelore</name>
<name key="Jappe, Michael" type="person" role="int">Jappe, Michael</name>
<name key="Müller, Eduard" type="person" role="int">Müller, Eduard</name><title>Concert</title>
<placeName key="Basel, Hans Huber-Saal des Stadtcasinos Basel"/>
<name key="Concert" type="series"/>
<page><![CDATA[﻿FREUNDE ALTER MUSIK IN BASEL
4- Konzert
Freitag, 29» März 1968, 20.15 tta im Hans Huber-Saal
GEORG PHILIPP TELEMANN
Schola Cantorum Basiliensis:
Hans-Martin Linde (Traversflöte, Blockflöte) Michel Piguet (Barockoboe)
Herbert Hoever (Violine)
Hannelore Müller, Michael Jappe (Viola da gamba) Eduard Müller (Qgge-1-) CtAuWl*
Programm 50 Ra-ooen
Eintritt für Mitglieder frei.
Karten für Nichtmitglieder zu Fr. 6.90 (Jugendliche, Stud.enten. und. Berufsschüler der Musik-Akademie Fr. 4»--) hei Hug & Co.; Freie Strasse 70a, und an der Abendkasse.]]></page>
<pb facs="CH_Bm_prg/pyr_CH_Bm_prg-1763.tif"/>
<page><![CDATA[﻿              Pro gramm
Georg Philipp Telemann Triosonate e-moll für Traversflöte, I68I-I767	Oboe und Continuo (Viola da gamba,
                       Cembalo) aus "Masique de Table", Teil II
                          Affettuoso / Allegro /
                          Dolce / Vivace
                       Sonate D-dur für Viola da gamba solo
                          Andante / Vivace /
                          Recitativo Arioso / Vivace
                       Triosonate a-moll für Blockflöte, Violine und Continuo (Viola da gamba, Cembalo)
                          Largo / Vivace /
                          Affettuoso / Allegro
             Pause
                       Sonate d-moll für Blockflöte und Continuo (Viola da gamba, Cembalo) aus ''Essercizii musici"
                          Affettuoso / Presto /
                          Grave / Allegro
                       Quartett g-moll für Oboe, Violine, Viola da gamba und Continuo (Viola da gamba, Cembalo)
                          Affettuoso / Vivace /
                          Adagio / Allegro
Die verwendeten Instrumente
Traversflöte nach Johann Georg Tromlitz von Johannes Adler, Markneukirchen
Blockflöte Hans Conrad Fehr, Zürich
Barockoboe nach Christian Schlegel (Basel), Kopie
             von B. Schermer aus den Werkstätten der Firma H.C. Fehr-Blockflötenbau A.G., Zürich
Violine Joannes Varotti, Bologna 1788
Viola da gamba Jakob Stainer, Absam 1673, und
             Johann Christian Hoffmann, Leipzig um 1700
Konzertcembalo Martin Scholz aus den Werkstätten vcn Hug & Co., Basel]]></page>
<pb facs="CH_Bm_prg/pyr_CH_Bm_prg-1764.tif"/>
<page><![CDATA[﻿]]></page>
       
        </p>
    </body>
  </text>
</TEI>
