<?xml version="1.0" encoding="UTF-8"?>
<?xml-model href="http://www.tei-c.org/release/xml/tei/custom/schema/relaxng/tei_all.rng" schematypens="http://relaxng.org/ns/structure/1.0"?>
<TEI xmlns="http://www.tei-c.org/ns/1.0">
  <teiHeader>
    <fileDesc>
        <titleStmt>
            <title>BASEL</title>
        </titleStmt>
        <editionStmt>
            <edition>TEI P5.1 Edition</edition>
            <respStmt>
                <resp>
                    <persName>Claudio Bacciagaluppi</persName>
                    <persName>Laurent Pugin</persName>
                    <persName>Rodolfo Zitellini</persName>
                    <date when="2016-01">Janvier 2016</date>
                </resp>
                <name>Bureau Suisse du RISM</name>
            </respStmt>
        </editionStmt>
        <publicationStmt>
            <publisher><orgName xml:base="http://www.rism-ch.org">Bureau Suisse du RISM</orgName></publisher>
        </publicationStmt>
	    <seriesStmt>
	     <idno type="collection">ch_famb</idno>
	    </seriesStmt>
      <sourceDesc>
		<bibl>
        <title>Concert<date when="19850505">05/05/1985</date></title>
<series>Concert</series>
<placeName>Basel, Münstersaal des Bischofshofs</placeName>
<orgName role="holding">Archiv des Vereins Freunde alter Musik Basel; <link target="http://famb.ch/"/></orgName>

		</bibl>
      </sourceDesc>
    </fileDesc>
  </teiHeader>
  <text>
    <body>
        <p> <!-- all the content of the program in one paragraph -->
            <pb facs="CH_Bm_prg/pyr_CH_Bm_prg-1365.tif"/>
<date when="19850505"/>
<name key="Handel, George Frideric" type="person" role="cmp">Händel, Georg Friedrich</name><name key="Piguet, Michel" type="person" role="int">Piguet, Michel</name>
<name key="Seifert, Ingrid" type="person" role="int">Seifert, Ingrid</name>
<name key="Toll, John" type="person" role="int">Toll, John</name>
<name key="Medlam, Charles" type="person" role="int">Medlam, Charles</name><title>Concert</title>
<placeName key="Basel, Münstersaal des Bischofshofs"/>
<name key="Concert" type="series"/>
<page><![CDATA[﻿Freunde Alter Musik in Basel
a
SOLOS
  ^or a
  GERMAN FLUTE HOB OY VIO LIN
 HARPSICORD
              or
 BASS VIOLIN
   C<9ompm^ Iry
 an
 Printcd: and Sold bj IOHN where
 1. s d
  A Compleat Set of all bis Opera $ r\ Score — _ —	_ _ 14.1
 The Mafk of Acis and Galatea 0-4 Apoilo's Fe alt 5 Vol. containing the choiceft Songs outofthelateOpeias3-5 Twentjr four Overtuxesfor Violins
 n 8 Fartt «... _ ___| .|
 Solos for a German Flute _ 0-3
 WALSH at the Harp and Hoboy in Catherine Street trzj be had the following Pi ec es of MUSICK Compos*d by Mr. HANDEL*
     ÖCelebrated Songs for French s*
      Horns Coilccted from the lateOperasO-5 >0 7 Collection* of Opera Aires for a German Flute violin or Harpii-
    cord Vd. Jft _ — — - -1.1-0
       2 Collectionsof Opera Aires Voi 2d being the cboiceft Songs in Fartlie* nope and Forus for^ German PluteO-6-0
 in the Strand.
i. i* d*
 24 Overtures for the Harplicord O-12-o A Compleat Set of all the Operis Tranf^ot'dfor the Flute in 2 vol. 4 »o 1.11-6 Leffons for the Harpficord _ — 1-1-0 72 JAinuets and Marches for a German Flute and a Bafs — — 0-2-6 20Englifh Songs Set to hisMinuets0-3-6 Tunes in the Alchimift — — — 0-1-6
                                    3.	EXTRAKONZERT Sonntag, 5. Mai 1985, 20.15 Uhr Münstersaal des Bischofshofes
]]></page>
<pb facs="CH_Bm_prg/pyr_CH_Bm_prg-1366.tif"/>
<page><![CDATA[﻿Georg Friedrich Handel (1685-1759)
Sonaten mit Basso continuo
Erster Teil
                  Michel Piguet	Blockflöte, Oboe
                       "The London Baroque":
                 Ingrid Seifert	Violine
             John Toll	Cembalo
Charles Medlam	Viola da gamba
                         Sonate g-moll op. 1 für Blockflöte Larghetto Andante Adagio Presto
                         Sonate A-dur op. 1 für Violine Andante Allegro Adagio Allegro
                         Sonate c-moll op. 1 für Oboe Adagio Allegro Adagio Allegro
*****
                         Sonate C-dur op. 1 für Blockflöte Larghetto Allegro Larghetto
                           A tempo di Gavotti Allegro
                         Triosonate c-moll op. 2 Largo Allegro Adagio Allegro
         Instrumente: Blockflöte von Thomas Stanesby jun., London um 1730 Oboe von Jonathan Bradbury, London um 1715
           Hinweis: Der zweite Teil dieses Konzertes findet morgen Montag, 6. Mai um 20.15 Uhr im Münstersaal des Bischofshofes statt.
]]></page>
       
        </p>
    </body>
  </text>
</TEI>
