<?xml version="1.0" encoding="UTF-8"?>
<?xml-model href="http://www.tei-c.org/release/xml/tei/custom/schema/relaxng/tei_all.rng" schematypens="http://relaxng.org/ns/structure/1.0"?>
<TEI xmlns="http://www.tei-c.org/ns/1.0">
  <teiHeader>
    <fileDesc>
        <titleStmt>
            <title>BASEL</title>
        </titleStmt>
        <editionStmt>
            <edition>TEI P5.1 Edition</edition>
            <respStmt>
                <resp>
                    <persName>Claudio Bacciagaluppi</persName>
                    <persName>Laurent Pugin</persName>
                    <persName>Rodolfo Zitellini</persName>
                    <date when="2016-01">Janvier 2016</date>
                </resp>
                <name>Bureau Suisse du RISM</name>
            </respStmt>
        </editionStmt>
        <publicationStmt>
            <publisher><orgName xml:base="http://www.rism-ch.org">Bureau Suisse du RISM</orgName></publisher>
        </publicationStmt>
	    <seriesStmt>
	     <idno type="collection">ch_famb</idno>
	    </seriesStmt>
      <sourceDesc>
		<bibl>
        <title>Concert<date when="19880114">14/01/1988</date></title>
<series>Concert</series>
<placeName>Basel, Festsaal des Stadtcasinos Basel</placeName>
<orgName role="holding">Archiv des Vereins Freunde alter Musik Basel; <link target="http://famb.ch/"/></orgName>

		</bibl>
      </sourceDesc>
    </fileDesc>
  </teiHeader>
  <text>
    <body>
        <p> <!-- all the content of the program in one paragraph -->
            <pb facs="CH_Bm_prg/pyr_CH_Bm_prg-1411.tif"/>
<date when="19880114"/>
<name key="Bach, Carl Philipp Emmanuel" type="person" role="cmp">Bach, Carl Philipp Emanuel</name>
<name key="Bach, Wilhelm Friedemann" type="person" role="cmp">Bach, Wilhelm Friedemann</name><name key="Hazelzet, Wilbert" type="person" role="int">Hazelzet, Wilbert</name>
<name key="Bäss, Hajo" type="person" role="int">Bäss, Hajo</name>
<name key="Staier, Andreas" type="person" role="int">Staier, Andreas</name><title>Concert</title>
<placeName key="Basel, Festsaal des Stadtcasinos Basel"/>
<name key="Concert" type="series"/>
<page><![CDATA[﻿Freunde Alter Musik in Basel
2.	Konzert
 Donnerstag, 14. Januar 1988, 20.15 Uhr im Festsaal des Stadtcasinos Basel]]></page>
<pb facs="CH_Bm_prg/pyr_CH_Bm_prg-1412.tif"/>
<page><![CDATA[﻿Wilbert Hazelzet - Traverso (Heinrich Grenser, Dresden um 1790)
Das Extrakonzert der "Freunde Alter Musik in Basel" findet am Donnerstag, 28. und Freitag, 29. Januar 1988 im Historischen Museum Basel (BarfUsserkirche) statt.
"Die Heirat des Pantalone"
(commedia dell'arte)
Solisten, Sänger und ein Instrumental-Ensemble der Schola Cantorum Basiliensis, die Schauspiel-Familie Carrara (Vicenza), Leitung: Anthony Rooley
3.	Konzert der "Freunde Alter Musik in Basel":
Mittwoch, 9. März 1988, 20.15 Uhr, Leonhardskirche Basel
"Musik des späten Mittelalters aus dem Kloster Engelberg"
Gesangssolisten und Choral-Ensemble der Schola Cantorum Basiliensis, Leitung: Dominique Vellard
Hajo Bäss Andreas Staier
Viola (Giambattista Ceruti, Cremona 1789)
Fortepiano (nach Anton Walter, 1795, von Monika May, Marburg)
                             Hinweis

"Die späte Kammermusik Carl Philipp Emanuel Bachs"
Carl Philipp Emanuel Bach
1714 - 1788
Quartett a-moll, Wotq. 93,
für Fortepiano, Flöte und Viola,
Hamburg 1788
   Andantino Largo e sostenuto Allegro assai
Willhelm Friedemann Sonate c-moll,
Bach	für Viola und obligates Hammerklavier
              Adagio e mesto Allegro non troppo Allegro scherzando
1710 - 1784
Carl Philipp Emanuel Bach
Quartett G-dur, Wotq. 95,
für Fortepiano, Flöte und Viola
   Allegretto
   Adagio
   Presto
Carl Philipp Emanuel Bach
Sonate G-dur, Wotq. 133, für Flöte und Basso continuo, Hamburg 1786
   Allegretto
   Rondo
Carl Philipp Emanuel Bach
Rondo c-moll, Wotq. 59,
aus dem 5. Band "Claviersonaten... für
Kenner und Liebhaber”
Carl Philipp Emanuel Bach
Quartett D-dur, Wotq. 94,
für Flöte, Viola und Pianoforte
   Allegretto
   Sehr langsam und ausgehalten Allegro di molto]]></page>
<pb facs="CH_Bm_prg/pyr_CH_Bm_prg-1413.tif"/>
<page><![CDATA[﻿Freunde Alter Musik Basel]]></page>
       
        </p>
    </body>
  </text>
</TEI>
