<?xml version="1.0" encoding="UTF-8"?>
<?xml-model href="http://www.tei-c.org/release/xml/tei/custom/schema/relaxng/tei_all.rng" schematypens="http://relaxng.org/ns/structure/1.0"?>
<TEI xmlns="http://www.tei-c.org/ns/1.0">
  <teiHeader>
    <fileDesc>
        <titleStmt>
            <title>BASEL</title>
        </titleStmt>
        <editionStmt>
            <edition>TEI P5.1 Edition</edition>
            <respStmt>
                <resp>
                    <persName>Claudio Bacciagaluppi</persName>
                    <persName>Laurent Pugin</persName>
                    <persName>Rodolfo Zitellini</persName>
                    <date when="2016-01">Janvier 2016</date>
                </resp>
                <name>Bureau Suisse du RISM</name>
            </respStmt>
        </editionStmt>
        <publicationStmt>
            <publisher><orgName xml:base="http://www.rism-ch.org">Bureau Suisse du RISM</orgName></publisher>
        </publicationStmt>
	    <seriesStmt>
	     <idno type="collection">ch_famb</idno>
	    </seriesStmt>
      <sourceDesc>
		<bibl>
        <title>Concert<date when="19850221">21/02/1985</date></title>
<series>Concert</series>
<placeName>Basel, Hans Huber-Saal des Stadtcasinos Basel</placeName>
<orgName role="holding">Archiv des Vereins Freunde alter Musik Basel; <link target="http://famb.ch/"/></orgName>

		</bibl>
      </sourceDesc>
    </fileDesc>
  </teiHeader>
  <text>
    <body>
        <p> <!-- all the content of the program in one paragraph -->
            <pb facs="CH_Bm_prg/pyr_CH_Bm_prg-1355.tif"/>
<date when="19850221"/>
<name key="Graupner, Christoph" type="person" role="cmp">Graupner, Christoph</name>
<name key="Conti, Francesco Bartolomeo" type="person" role="cmp">Conti, Francesco Bartolomeo</name>
<name key="Werner, Gregor Joseph" type="person" role="cmp">Werner, Gregor Joseph</name>
<name key="Fux, Johann Joseph" type="person" role="cmp">Fux, Johann Joseph</name>
<name key="Telemann, Georg Philipp" type="person" role="cmp">Telemann, Georg Philipp</name><name key="Hofmann, Rosmarie" type="person" role="int">Hofmann, Rosmarie</name>
<name key="Stalder, Hans Rudolf" type="person" role="int">Stalder, Hans Rudolf</name>
<name key="Schmid, Elmar" type="person" role="int">Schmid, Elmar</name>
<name key="Hofer, Heinz" type="person" role="int">Hofer, Heinz</name>
<name key="Landolf, Beatrix" type="person" role="int">Landolf, Beatrix</name>
<name key="Linde, Hedwig van der" type="person" role="int">Linde, Hedwig van der</name>
<name key="Staerkle, Claudia" type="person" role="int">Staerkle, Claudia</name>
<name key="Jones, Sterling" type="person" role="int">Jones, Sterling</name>
<name key="Gohl-Moser, Käthi" type="person" role="int">Gohl-Moser, Käthi</name>
<name key="Franklin, Brian" type="person" role="int">Franklin, Brian</name>
<name key="Junghanns, Rolf" type="person" role="int">Junghanns, Rolf</name>
<name key="Contini, Luciano" type="person" role="int">Contini, Luciano</name>
<name key="Imamura, Yasunori" type="person" role="int">Imamura, Yasunori</name>
<name key="Huber, Heinrich" type="person" role="int">Huber, Heinrich</name>
<name key="Stiftner, Walter" type="person" role="int">Stiftner, Walter</name>
<name key="Wassmer, Claude" type="person" role="int">Wassmer, Claude</name><title>Concert</title>
<placeName key="Basel, Hans Huber-Saal des Stadtcasinos Basel"/>
<name key="Concert" type="series"/>
<page><![CDATA[﻿Freunde Alter Musik in Basel
3.	KONZERT
Donnerstag, 21. Februar 1985, 20.15 Uhr Hans Huber-Saal des Stadtcasinos
Das Chalumeau - ein Portrait
                            )o( 4KOS»
                                                          .$• 5*
       Chalumeau. pl. Chalumeaux , gall. Fiftula paftoritia lac. eine @djaHmeD / @d)dfeti W!(* 5 »eil fie mc&rent&eil* au* SHobr (fo Calamus beifiet) ö<madjt iß. Vtbft biefer 58«# Deutung tDirb aud) bie an einem ©ubelfacf beftnblicbe ^feiffe: Serner ein Heine* S8(a*<inftni-mene, fo 7. Cdc^er bat / unb Dom f bi* in* twet) geffric&ene a gefjet / a(fo genennet. Leiter ein Meine* au* Söuc&*>93aum oerfertigte* 33la* Wnftrument/ fo 7. ßdeber oben begm &nfa$/ jido mefiinge klappen/ aud) bet) bec untern nod) ein ä partes god> bat/ unb Dom ein gejlrid^ uen f bi* in* jtoeo ßejiticbene a unb b, aud) too&l bi* in* jn>eo gejtricfcene h unb brep gejlri*
                         f 1
       t0?«n bat fonjl Difcant» Alt- ober Qua« - Chalumeaux, foie aud& Tenor-unb Bafs-Ch*. lumeaux» tbeil* mit bem ftranjöjifc&en / tbeil* mit ^eutfe^em £oti/ unb jinb abfonberlicfr«* tione be* fd)foebren 2fnfa^e*/ fe$r f}art ju blafen/ bie Application barauf correfpondiret rneü (len* mit benen JWtben; Allein beren Ambitus erflrecfet |id) niebt Diel über eine Ofav. %Qitb berbalben Dor untidtbig erachtet / toeitlduftger (jieoon |u melben / jumalen / (Dann man ein« SWtljen blafen fan/ toirb man auc^ Ijier pnrftanda przftiren Wunen.
                        4K0*ft )<>(
                        Rosmarie Hofmann, Sopran Hans Rudolf Stalder, Heinz Hofer, Elmar Schmid, Chalumeaux Trix Landolf, Hedwig van der Linde, Claudia Staerkle, Violinen
Sterling Jones, Viola Käthi Gohl, Violoncello Brian Franklin, Violone Rolf Junghanns, Cembalo/Orgel Luciano Contini, Yasunori Imamura, Laute/Theorbe Heinrich Huber, Posaune Walter Stiftner, Claude Wassmer, Fagotte]]></page>
<pb facs="CH_Bm_prg/pyr_CH_Bm_prg-1356.tif"/>
<page><![CDATA[﻿PROGRAMM
Christoph Graupner 1683-1760
Ouverture ä 3 Chalumeaux (c.1740) (Alt-, Tenor-, Bass-Chalumeau)
  Ouverture - Air (affettuosi) -Menuet - Gavotte - Sarabande -Eccho
Francesco Bartolomeo Conti 1681-1732
Cantata 4a "Vaghi augelletti, che d'amor" für Sopran, 2 Diskant-Chalumeaux,
2 Violinen, Laute und Basso
Gregor Joseph Werner 1693-1766
Concerto in B per 2 Violini, 2 Diskant-Chalumeaux, con Organo Concertante e db Violone (1753)
  Allegro - Largo - Tempo di Menuetto
*****
Christoph Graupner	Trio a Fagotto, (Bass-)Chalumeau e
                                Cembalo (1737)
                                 Largo e giusto - Allegro - Largo Allegro
Johann Joseph Fux 1660-1741
Georg Philipp Telemann 1681-1767
Arie "Vedi che il Redentor" (aus: "II Fonte della Salute,
1716)
für Sopran, Diskant-Chalumeau, Posaune und Violone senza organo
Concerto für Alt- und Tenor-Chalumeau, Streicher und Continuo
c
Largo - Allegro - Adagio - (Vivace)
          Hinweis
         4.	Konzert der "Freunde alter Musik in Basel"
         Mittwoch, 27. und Donnerstag, 28. März 1985, jeweils 20.15 Uhr, Münstersaal des Bischofshofes
         Französische Musik des 14. Jahrhunderts (Lescurel, Machaut)
         Dominique Vellard, Ann-Marie Lablaude, Brigitte Lesne, Gesang Das Mittelalter-Ensemble der Schola Cantorum Basiliensis
]]></page>
<pb facs="CH_Bm_prg/pyr_CH_Bm_prg-1357.tif"/>
<page><![CDATA[﻿Johann Joseph Fux (1660-1741)
aus: "Il Fonte della Salute aperto dalla Grazia nel Calvario", Componimento Sacro, Cantato Al Santissimo Sepolcro di Christo, La Sera del venerdi Santo, dell anno 1716
Aria: Vedi che il Redentor dal suo piagato seno vuole per te versar acque di vita.
        Tergi con quelle almeno le colpe del tuo cor e impara a lagrimar alma pentita.
Sieh, wie der Erlöser aus der verwundeten Brust dir das Wasser des Lebens gewähren will.
Reinige damit zumindest die Schuld deines Herzens und lerne zu weinen, reuige Seele.
Francesco Bartolomeo Conti (1681-1732)
Cantata 4a
       Vaghi augelletti, che d'amor formate armoniosi accenti sian gioia i vostri canti e non lamenti,
        lieta e ridente e con soavi odori
       Primavera ritorna e i verdi campi
        adorna d'erbe odorosi
        e di purpurei fiori,
        mä per far piü compito,
       e render pretioso
        il ben che dona
        ella co' fior ei rende
        in questa piaggi' amena
        Tirsi gentil
       quel Tirsi si gradito
        alle Ninfe beate
        del superbo Elicona.
        Vaghi augelletti...
       Dolce amor in noi s'accende or che lieta in Ciel risplende l'amorosa e vaga stella.
       Spira odor l'aura vezzosa ogni cosa sente amor, e par piü bella.]]></page>
<pb facs="CH_Bm_prg/pyr_CH_Bm_prg-1358.tif"/>
<page><![CDATA[﻿1
)
Rec.
Rec.
In si vaga staggione
non men' l'erbette i fiori,
e gl'arbescelli fan lieti i campi,
e verdeggiar le selve
mä per dolcezza di novello amore
giran per le foreste mansuete,
e leggiadre anche le belve
e con canoro ed innocente affetto
ogni augellin d'amor prende diletto.
Per dolce ardore che sente al core ama e sospira la Tortorella, d'intorno al fido suo caro nido vola e saggira la rondinella.
Or che dunque fiorisce
amorosa vaghezza in ogni parte
Tirsi ritorna,
e parch& l'erbe e i fiori
nei vaghi lor'colori
formino al Prato
aprirsi in amena
sembianza e l'alta virtü,
che Tirsi in sen riservi
e parch'in forma placida e contenta
ogn'un lieto gioisca della bella virtü,
che rappresenta.
Quel puro colore che splende nel giglio accenna il candore che Tirsi ha nel cor.
La rosa nel brio del vago vermiglio dimostra il desio di gloria e d'onor.
Quel puro...
                                             * * *
                   Der Frühling kündigt sich an, und die ganze Natur freut sich? die Vögel sollen freudig singen, wenn der Frühling mit süssen Düften die Luft erfüllt und die Wiesen mit purpurnen Blüten schmückt. Mit dem Frühling kommt auch die Liebe, und Mensch und Tier werden von brennender Sehnsucht erfüllt.
]]></page>
       
        </p>
    </body>
  </text>
</TEI>
