<?xml version="1.0" encoding="UTF-8"?>
<?xml-model href="http://www.tei-c.org/release/xml/tei/custom/schema/relaxng/tei_all.rng" schematypens="http://relaxng.org/ns/structure/1.0"?>
<TEI xmlns="http://www.tei-c.org/ns/1.0">
  <teiHeader>
    <fileDesc>
        <titleStmt>
            <title>BASEL</title>
        </titleStmt>
        <editionStmt>
            <edition>TEI P5.1 Edition</edition>
            <respStmt>
                <resp>
                    <persName>Claudio Bacciagaluppi</persName>
                    <persName>Laurent Pugin</persName>
                    <persName>Rodolfo Zitellini</persName>
                    <date when="2016-01">Janvier 2016</date>
                </resp>
                <name>Bureau Suisse du RISM</name>
            </respStmt>
        </editionStmt>
        <publicationStmt>
            <publisher><orgName xml:base="http://www.rism-ch.org">Bureau Suisse du RISM</orgName></publisher>
        </publicationStmt>
	    <seriesStmt>
	     <idno type="collection">ch_famb</idno>
	    </seriesStmt>
      <sourceDesc>
		<bibl>
        <title>Concert<date when="19790126">26/01/1979</date></title>
<series>Concert</series>
<placeName>Basel, Hans Huber-Saal des Stadtcasinos Basel</placeName>
<orgName role="holding">Archiv des Vereins Freunde alter Musik Basel; <link target="http://famb.ch/"/></orgName>

		</bibl>
      </sourceDesc>
    </fileDesc>
  </teiHeader>
  <text>
    <body>
        <p> <!-- all the content of the program in one paragraph -->
            <pb facs="CH_Bm_prg/pyr_CH_Bm_prg-0430.tif"/>
<date when="19790126"/>
<name key="Telemann, Georg Philipp" type="person" role="cmp">Telemann, Georg Philipp</name>
<name key="Scarlatti, Domenico" type="person" role="cmp">Scarlatti, Domenico</name>
<name key="Fontana, Giovanni Battista" type="person" role="cmp">Fontana, Giovanni Battista</name>
<name key="Pesenti, Martino" type="person" role="cmp">Pesenti, Martino</name>
<name key="Castello, Dario" type="person" role="cmp">Castello, Dario</name>
<name key="Bach, Johann Sebastian" type="person" role="cmp">Bach, Johann Sebastian</name>
<name key="Corelli, Arcangelo" type="person" role="cmp">Corelli, Arcangelo</name><name key="Brüggen, Frans" type="person" role="int">Brüggen, Frans</name>
<name key="Bylsma, Anner" type="person" role="int">Bylsma, Anner</name>
<name key="Leonhardt, Gustav" type="person" role="int">Leonhardt, Gustav</name><title>Concert</title>
<placeName key="Basel, Hans Huber-Saal des Stadtcasinos Basel"/>
<name key="Concert" type="series"/>
<page><![CDATA[﻿]]></page>
<pb facs="CH_Bm_prg/pyr_CH_Bm_prg-0431.tif"/>
<page><![CDATA[﻿PROGRAMM
Gorg Philipp Telemann	Sonate d-moll
1681-1767	für Blockflöte und Continuo
                                 Affettuoso / Presto /
                                 Grave - Allegro
                       ★ ★ ★ ★
Domenico Scarlatti	Fünf Sonaten für Cembalo
1685-1757	,, , _
                                  a-moll (K 3)
                                  f-moll (K 208)
                                  f-moll (K 209)
                                 Es-dur (K 192)
                                 Es-dur (K 193)
                       *	* * *
Giovanni Battista Fontana Sonata Terza (1641) per Violino o gest. 1630	simile altro Instrumento e basso
Martino Pesenti	Passo e Mezo (1645) per sonarsi nel
um 1600 - um 1648	Clavicembalo e altri Stromenti
Dario Castello	Sonata Seconda (1629) per Soprano
16./17. Jh.	solo e Basso
          sbastj
                       PAUSE
Johann Sebastian Bach	Suite G-dur (BWV 1007)
1685-1750	für Violoncello solo
                            Prölude / Allemande / Courante / Sarabande / Menuet 1 u. 2 / Gigue
                       *	* * *
Arcangelo Corelli	La Follia op. 5, Nr. 12
1653-1713	zeitgenössische Bearbeitung für
                           - Blockflöte und Continuo
ausfuehren:
Frans Brüggen	Blockflöte
Gustav Leonhardt Cembalo
Anner Bylsma	Violoncello in alter Mensur
Cembalo in italienischer Bauweise von Bernhard Fleig, Basel
Cembalo in französischer Bauweise nach Pascal Taskin von William Dowd, Paris
Eintritt für Mitglieder frei. Karten für Nichtmitglieder zu Fr. 14.50 (Jugendliche, Studenten und Berufsschüler der Musik-Akademie Fr. 8.80) im Vorverkauf beim Musikhaus "au concert", Aeschenvorstadt 24, Tel. 2 3'11'76 und an der Abendkasse.
Hinweis: Interessenten für eine Mitgliedschaft können sich an das Sekretariat der FAMB, Leonhardsstr. 4, 4051 Basel (Tel. 25'57'22, intern 21) wenden.
Nächstes Konzert: Extrakonzert Dienstag, den 13. Februar,
20.15	Uhr in der Tituskirche, Heinrich Schütz: Musikalische Exequien. Vokalensemble Nigel Rogers, Knabenkantorei Basel, Instrumentalensemble der Schola Cantorum Basiliensis. Leitung: Hans-Martin Linde.]]></page>
<pb facs="CH_Bm_prg/pyr_CH_Bm_prg-0432.tif"/>
<page><![CDATA[﻿]]></page>
       
        </p>
    </body>
  </text>
</TEI>
