<?xml version="1.0" encoding="UTF-8"?>
<?xml-model href="http://www.tei-c.org/release/xml/tei/custom/schema/relaxng/tei_all.rng" schematypens="http://relaxng.org/ns/structure/1.0"?>
<TEI xmlns="http://www.tei-c.org/ns/1.0">
  <teiHeader>
    <fileDesc>
        <titleStmt>
            <title>BASEL</title>
        </titleStmt>
        <editionStmt>
            <edition>TEI P5.1 Edition</edition>
            <respStmt>
                <resp>
                    <persName>Claudio Bacciagaluppi</persName>
                    <persName>Laurent Pugin</persName>
                    <persName>Rodolfo Zitellini</persName>
                    <date when="2016-01">Janvier 2016</date>
                </resp>
                <name>Bureau Suisse du RISM</name>
            </respStmt>
        </editionStmt>
        <publicationStmt>
            <publisher><orgName xml:base="http://www.rism-ch.org">Bureau Suisse du RISM</orgName></publisher>
        </publicationStmt>
	    <seriesStmt>
	     <idno type="collection">ch_famb</idno>
	    </seriesStmt>
      <sourceDesc>
		<bibl>
        <title>Season<date when="19601129">29/11/1960</date></title>
<series>Season</series>
<placeName>Basel, Martinskirche</placeName>
<orgName role="holding">Archiv des Vereins Freunde alter Musik Basel; <link target="http://famb.ch/"/></orgName>

		</bibl>
      </sourceDesc>
    </fileDesc>
  </teiHeader>
  <text>
    <body>
        <p> <!-- all the content of the program in one paragraph -->
            <pb facs="CH_Bm_prg/pyr_CH_Bm_prg-0056.tif"/>
<date when="19601129"/>
<name key="Kotter, Hans" type="person" role="cmp">Kotter, Hans</name>
<name key="Wannenmacher, Johannes" type="person" role="cmp">Wannenmacher, Johannes</name>
<name key="Meyer, Gregor" type="person" role="cmp">Meyer, Gregor</name>
<name key="Isaac, Heinrich" type="person" role="cmp">Isaac, Heinrich</name>
<name key="Josquin des Prez" type="person" role="cmp">Josquin des Prez</name>
<name key="Dietrich, Sixtus" type="person" role="cmp">Dietrich, Sixtus</name>
<name key="Greiter, Mathias" type="person" role="cmp">Greiter, Mathias</name>
<name key="Barbarini Lupus, Manfred" type="person" role="cmp">Barbarini Lupus, Manfred</name>
<name key="Tritonius, Petrus" type="person" role="cmp">Tritonius, Petrus</name>
<name key="Alder, Cosmas" type="person" role="cmp">Alder, Cosmas</name>
<name key="Senfl, Ludwig" type="person" role="cmp">Senfl, Ludwig</name>
<name key="Encina, Juan del" type="person" role="cmp">Encina, Juan del</name>
<name key="Vasquez, Juan" type="person" role="cmp">Vasquez, Juan</name>
<name key="Cabezón, Antonio de" type="person" role="cmp">Cabezón, Antonio de</name>
<name key="Torre, Francisco de la" type="person" role="cmp">Torre, Francisco de la</name>
<name key="Ortiz, Diego" type="person" role="cmp">Ortiz, Diego</name>
<name key="Victoria, Tomás Luis de" type="person" role="cmp">Victoria, Tomás Luis de</name>
<name key="Coelho, Manuel Rodrigues" type="person" role="cmp">Coelho, Manuel Rodrigues</name>
<name key="Soler, Antonio" type="person" role="cmp">Soler, Antonio</name>
<name key="Couperin, François" type="person" role="cmp">Couperin, François</name>
<name key="Montéclair, Michel Pignolet de" type="person" role="cmp">Montéclair, Michel Pignolet de</name>
<name key="Campra, André" type="person" role="cmp">Campra, André</name>
<name key="Handel, George Frideric" type="person" role="cmp">Händel, Georg Friedrich</name>
<name key="Purcell, Henry" type="person" role="cmp">Purcell, Henry</name>
<name key="Naudot, Jacques-Christophe" type="person" role="cmp">Naudot, Jacques-Christophe</name>
<name key="Schmittbauer, Joseph Aloys" type="person" role="cmp">Schmittbauer, Joseph Aloys</name>
<name key="Sammartini, Giuseppe" type="person" role="cmp">Sammartini, Giuseppe</name>
<name key="Bach, Johann Christoph Friedrich" type="person" role="cmp">Bach, Johann Christoph Friedrich</name>
<name key="Beethoven, Ludwig van" type="person" role="cmp">Beethoven, Ludwig van</name><name key="Wellingham, John" type="person" role="int">Wellingham, John</name>
<name key="Beuret, Gaston" type="person" role="int">Beuret, Gaston</name>
<name key="Berger, Willi" type="person" role="int">Berger, Willi</name>
<name key="Kurth, Gotthelf" type="person" role="int">Kurth, Gotthelf</name>
<name key="Hagmann, Moritz" type="person" role="int">Hagmann, Moritz</name>
<name key="Kägi, Valerie" type="person" role="int">Kägi, Valerie</name>
<name key="Linde, Hans-Martin" type="person" role="int">Linde, Hans-Martin</name>
<name key="Wenzinger, August" type="person" role="int">Wenzinger, August</name>
<name key="Müller, Hannelore" type="person" role="int">Müller, Hannelore</name>
<name key="Majer, Marianne" type="person" role="int">Majer, Marianne</name>
<name key="Flügel, Gertrud" type="person" role="int">Flügel, Gertrud</name>
<name key="Müller, Eduard" type="person" role="int">Müller, Eduard</name>
<name key="Zickendraht, Christian" type="person" role="int">Zickendraht, Christian</name>
<name key="Eglin, Arthur" type="person" role="int">Eglin, Arthur</name>
<name key="Soergel, Gero" type="person" role="int">Soergel, Gero</name>
<name key="Schaller, Paul" type="person" role="int">Schaller, Paul</name>
<name key="Felicani, Rodolfo" type="person" role="int">Felicani, Rodolfo</name>
<name key="Neininger, Wolfgang" type="person" role="int">Neininger, Wolfgang</name>
<name key="Wenzinger, August" type="person" role="int">Wenzinger, August</name>
<name key="Müller, Hannelore" type="person" role="int">Müller, Hannelore</name>
<name key="Majer, Marianne" type="person" role="int">Majer, Marianne</name>
<name key="Koch, Johannes" type="person" role="int">Koch, Johannes</name>
<name key="Müller, Eduard" type="person" role="int">Müller, Eduard</name>
<name key="Olsen, Derrik" type="person" role="int">Olsen, Derrik</name>
<name key="Felicani, Rodolfo" type="person" role="int">Felicani, Rodolfo</name>
<name key="Neininger, Wolfgang" type="person" role="int">Neininger, Wolfgang</name>
<name key="Wenzinger, August" type="person" role="int">Wenzinger, August</name>
<name key="Müller, Hannelore" type="person" role="int">Müller, Hannelore</name>
<name key="Müller, Eduard" type="person" role="int">Müller, Eduard</name>
<name key="Linde, Hans-Martin" type="person" role="int">Linde, Hans-Martin</name>
<name key="Vorholz, Dieter" type="person" role="int">Vorholz, Dieter</name>
<name key="Wolff-Malm, Doris" type="person" role="int">Wolff-Malm, Doris</name>
<name key="Buhl, Reinhold Johannes" type="person" role="int">Buhl, Reinhold Johannes</name>
<name key="Ruf, Hugo" type="person" role="int">Ruf, Hugo</name>
<name key="Felicani, Rodolfo" type="person" role="int">Felicani, Rodolfo</name>
<name key="Wenzinger, August" type="person" role="int">Wenzinger, August</name>
<name key="Baumgartner, Paul" type="person" role="int">Baumgartner, Paul</name><title>Season</title>
<placeName key="Basel, Martinskirche"/>
<name key="Season" type="series"/>
<page><![CDATA[﻿Sceuttöe alter fctTufif tn23afel
GENERALPROGRAMM
1960/61]]></page>
<pb facs="CH_Bm_prg/pyr_CH_Bm_prg-0057.tif"/>
<page><![CDATA[﻿Sehr geehrte Damen und Herren!
In der bevorstehenden Saison 1960/61 wartet Ihnen der Verein der «Freunde alter Musik in Basel» wiederum mit einem reichhaltigen und auserlesenen Generalprogramm auf. Die in den vier regulären Konzerten und im Extrakonzert zu Gehör gelangenden Werke geben Ihnen die Gelegenheit, selten aufgeführte Musik aus verschiedenen Nationen vom ausgehenden Mittelalter bis zum Beginn des 19. Jahrhunderts kennenzulernen. Das Generalprogramm soll Ihnen anhand eines Ausschnittes auch diesmal einen Überblick über den Reichtum und die Mannigfaltigkeit der musikalischen Produktion dieser Jahrhunderte bieten. Es wird, wie es in unseren Veranstaltungen üblich ist, auf alten Instrumenten musiziert. Der Konzertbesucher kann deshalb die zu hörenden Werke im ursprünglichen Klanggewand auf sich wirken lassen.
   Das erste Konzert, «Musik in Basel zur Humanistenzeit», ist eine Wiederholung der im Rahmen der Fünfhundertjahrfeier der Universität Basel durchgeführten Veranstaltung, die damals großes Interesse erweckt hat. Ende Januar 1961 werden das Viola da gamba-Quartett der Schola Cantorum Basiliensis und der Organist Eduard Müller altspanische Instrumentalmusik spielen und Ihnen damit den Zugang zu einer aparten Klangwelt verschaffen, von der man bei uns sonst sehr wenig zu hören bekommt. In das glanzvolle Milieu der französischen Barockkunst versetzt Sie das dritte Konzert, dessen Programm selten aufgeführte Kantaten von Campra und Rameau sowie Instrumentalwerke von Couperin umfaßt. Für das letzte der regulären Konzerte konnte die Vereinigung «MUSICA da Camera» gewonnen werden, ein unter der Leitung von Hans-Martin Linde stehendes Ensemble, das sich aus namhaften jüngeren deutschen Musikern zusammensetzt. Diese Instrumenta-listengruppe wird Ihnen konzertante Musik und Kammermusik-
werke deutscher und italienischer Meister des 18. Jahrhunderts vorführen. Das Programm des ganz im Zeichen Beethovens stehenden Extrakonzertes vom Mai 1961 wird von Musikern der Schola Cantorum Basiliensis bestritten. Den Mittelpunkt des vielversprechenden Abends bildet der aus der Beethovenzeit stammende Hammerflügel, den Paul Baumgartner zum Erklingen bringen wird.
  Wir möchten nicht verfehlen, unsern Mitgliedern für ihre Treue herzlichen Dank auszusprechen. Wer neu einzutreten wünscht, findet auf der letzten Seite dieses Zirkulars alle nötigen Hinweise.
Der Vorstand der «Freunde alter Musik in Basel»;
Dr. Jean Druey (Präsident)
Prof. Dr. Werner Kaegi (Vizepräsident)
Dr. Karl Hoffmann (Kassier)
Frau Trudi Hoffmann-Boller (Aktuarin) Fräulein Edith Biichi (Sekretärin)
Paul Baumgartner Dr. med. Ernst Buchmann Dr. Paul Geßler Dr. David Linder Dr. Walter Nef Dr. h. c. Paul Sacher Frau Elisabeth Stalder-Suter Frau Antoinette Vischer Alfred Von der Mühll
I
Dienstag, 29■ November I960, 20.15 Uhr, in der Martinskirche
Musik in Basel zur Humanistenzeit
(Wiederholung des Konzertes im Rahmen der Fünfhundert jahrfeier der Universität Basel)
Kotter, Wannenmacher, Meyer, lsaac, Desprez, Greiter, Barbarini Lupus, Dietrich, Tritonius, Alder, Sen fl
Verstärkte Konzertgruppe der Schola Cantorum Basiliensis (Leitung August Wenzinger): John Wellingham (Countertenor), Gaston Beuret, Willi Berger (Tenor), Gotthelf Kurth (Bariton), Moritz Hagmann (Baß); Gertrud Flügel, Valerie Kägi, Marianne Majer, Hannelore Müller, August Wenzinger (Blockflöte, Krummhorn, Viola da gamba)
Ein Chor unter Leitung von Paul Schaller
II
Freitag, 20. Januar 1961, 20.15 Uhr, im Großen Saal der Musik-Akademie
Spanische Musik ^
Encina, Väsquez, Ortiz, Cabezön, Victoria, Correa de Arauxo, Cabanilles,
Martin y Soler
Konzertgruppe der Schola Cantorum Basiliensis: Rodolfo Felicani, Wolfgang Neininger (Violine), August Wenzinger, Hannelore Müller, Marianne Majer, Johannes Koch (Viola da gamba-Quartett), Eduard Müller (Orgel)
III
Montag, 13. März 1961, 20.15 Uhr, im Hans Hubersaal Französische Musik
Kantaten von Campra und Rameau, Instrumentalwerke von Couperin
Derrik Olsen (Bariton) und die Konzertgruppe der Schola Cantorum Basiliensis: Rodolfo Felicani, Wolfgang Neininger (Violine), Hannelore Müller, August Wenzinger (Viola da gamba), Eduard Müller (Cembalo)]]></page>
<pb facs="CH_Bm_prg/pyr_CH_Bm_prg-0058.tif"/>
<page><![CDATA[﻿IV
Freitag, 14- April 1961, 20.15 Uhr, im Großen Saal der Musik-Akademie Deutsche und italienische Musik
Händel, Pepusch, A. Scarlatti, Paisiello, Sammartini, J. Chr. F. Bach
Die Vereinigung «Musica DA Camera» mit Hans-Martin Linde (Blockflöte, Traversflöte), Dieter Vorholz (Violine), Doris Wolff-Malm (Violine, Viola), Reinhold Johannes Buhl (Violoncello), Johannes Koch (Viola da gamba, Violone), Hugo Ruf (Cembalo)
EXTRAKONZERT Dienstag, 9■ Mai 1961, 20.15 Uhr, im Münstersaal des Bischofshofs
Musik von Beethoven mit Hammerflügel 5 k,
Cellosonate A-dur, op. 69, Klavierstücke, Klaviertrio Es-dur, op. 1, Nr. 1
Schola Cantorum Basiliensis: Rodolfo Felicani (Violine), August Wenzinger (Violoncello), Paul Baumgartner (Hammerflügel)
Änderungen Vorbehalten

<_Mitglieder
bezahlen einen Jahresbeitrag von Fr. 20 - (Personen unter 20 Jahren, Studenten und Berufsschüler der Musik-Akademie Fr. 10.-). Sie haben freien Eintritt zu den vier Konzerten des Vereins und das Vorbezugsrecht auf eine ermäßigte Einzelkarte zum Extrakonzert.
Freimitglieder
entrichten einen Jahresbeitrag von mindestens Fr. 40.-. Dieser höhere Beitrag hilft dem Verein, die dringend notwendigen Mittel zur Durchführung größerer Konzerte bereitzustellen, und gibt Ihnen freien Eintritt zu sämtlichen Konzerten.
<JMitgliederbeiträge für 1960/61
bitten wir, im Hinblick auf das erste Konzert vom 29. November I960, bis Ende Oktober auf unser Postcheckkonto Basel V 16 145 einzahlen zu wollen. Sie erhalten dann Ihre Mitgliederkarte, die als Ausweis zum freien Eintritt in die Konzerte gilt, per Post zugestellt. Wir werden uns erlauben, Mit gliederb eiträge, die bis zum genannten Datum nicht bezahlt wurden, per Nachnahme zu erheben.
c_Anmeldungen zur Mitgliedschaft-,
sind zu richten an Frau Trudi Hoffmann-Boller, Allschwilerweg 53, Binningen (Telephon 38 61 35).]]></page>
       
        </p>
    </body>
  </text>
</TEI>
