<?xml version="1.0" encoding="UTF-8"?>
<?xml-model href="http://www.tei-c.org/release/xml/tei/custom/schema/relaxng/tei_all.rng" schematypens="http://relaxng.org/ns/structure/1.0"?>
<TEI xmlns="http://www.tei-c.org/ns/1.0">
  <teiHeader>
    <fileDesc>
        <titleStmt>
            <title>BASEL</title>
        </titleStmt>
        <editionStmt>
            <edition>TEI P5.1 Edition</edition>
            <respStmt>
                <resp>
                    <persName>Claudio Bacciagaluppi</persName>
                    <persName>Laurent Pugin</persName>
                    <persName>Rodolfo Zitellini</persName>
                    <date when="2016-01">Janvier 2016</date>
                </resp>
                <name>Bureau Suisse du RISM</name>
            </respStmt>
        </editionStmt>
        <publicationStmt>
            <publisher><orgName xml:base="http://www.rism-ch.org">Bureau Suisse du RISM</orgName></publisher>
        </publicationStmt>
	    <seriesStmt>
	     <idno type="collection">ch_famb</idno>
	    </seriesStmt>
      <sourceDesc>
		<bibl>
        <title>Concert<date when="19660224">24/02/1966</date></title>
<series>Concert</series>
<placeName>Basel, Grosser Saal der Musik-Akademie</placeName>
<orgName role="holding">Archiv des Vereins Freunde alter Musik Basel; <link target="http://famb.ch/"/></orgName>

		</bibl>
      </sourceDesc>
    </fileDesc>
  </teiHeader>
  <text>
    <body>
        <p> <!-- all the content of the program in one paragraph -->
            <pb facs="CH_Bm_prg/pyr_CH_Bm_prg-1335.tif"/>
<date when="19660224"/>
<name key="Mandikian, Arda" type="person" role="int">Mandikian, Arda</name>
<name key="Baud-Bovy, Samuel" type="person" role="int">Baud-Bovy, Samuel</name><title>Concert</title>
<placeName key="Basel, Grosser Saal der Musik-Akademie"/>
<name key="Concert" type="series"/>
<page><![CDATA[﻿   FREUNDE ALTER MUSIK IN BASEL
           4.	Konzert
Donnerstag, 24. Februar 1966, 20.15 Uhr im Grossen Saal der Musik-Akademie
ALTGRIECHISCHE MUSIK
vorgetragen von
Arda Mandikian, Athen (Sopran),
mit Erläuterungen von Prof.Dr. Samuel Baud-Bovy, Genf
Programm 50 Rappen. Eintritt frei für Mitglieder der FAMB. Karten für ITicht-mitglieder zu Fr. 6.90 (Jugendliche, Studenten und Berufsschüler der Musik-Akademie Fr. 4.-) bei Hug ;c Co., Freie Strasse 70a, imd an der Abendkasse.
La musique grecque antique
Les instruments;
Le rythme:
La notation;
La lyre (comparaison avec le koto japonais).
L'aulos (comparaison avec le Jeu d’un clarinettiste popu-laire de Grece moderne).
Survivance dans la chanson de la Grece moderne de la texture par tetrachordes et de la ten-dance desCendante de la melodie, avec sensible superieure. (Exemples)
Melodie du grec ancien parle (accents de hauteur, longues et breves) et melodie musicale.
Schemas rythmiques preexistants et universels; leur application ä la langue grecque antique. Rythme binaire de 11Hymne ä la Muse, ternaire de l1Hymne au Soleil et de l1Epitaphe de Sei-kilos, irregulier du Chelidonis-ma Tsa persistance dans 1'ile de Rhodes) et du 1er H3nmie ä Apollon.
Les deux systemes de notation. Accord des instruments et modes. (Exemples tires des deux Hymnes ä Apollon) .]]></page>
       
        </p>
    </body>
  </text>
</TEI>
