<?xml version="1.0" encoding="UTF-8"?>
<?xml-model href="http://www.tei-c.org/release/xml/tei/custom/schema/relaxng/tei_all.rng" schematypens="http://relaxng.org/ns/structure/1.0"?>
<TEI xmlns="http://www.tei-c.org/ns/1.0">
  <teiHeader>
    <fileDesc>
        <titleStmt>
            <title>BASEL</title>
        </titleStmt>
        <editionStmt>
            <edition>TEI P5.1 Edition</edition>
            <respStmt>
                <resp>
                    <persName>Claudio Bacciagaluppi</persName>
                    <persName>Laurent Pugin</persName>
                    <persName>Rodolfo Zitellini</persName>
                    <date when="2016-01">Janvier 2016</date>
                </resp>
                <name>Bureau Suisse du RISM</name>
            </respStmt>
        </editionStmt>
        <publicationStmt>
            <publisher><orgName xml:base="http://www.rism-ch.org">Bureau Suisse du RISM</orgName></publisher>
        </publicationStmt>
	    <seriesStmt>
	     <idno type="collection">ch_famb</idno>
	    </seriesStmt>
      <sourceDesc>
		<bibl>
        <title>Concert<date when="19790330">30/03/1979</date></title>
<series>Concert</series>
<placeName>Basel, Grosser Saal der Musik-Akademie</placeName>
<orgName role="holding">Archiv des Vereins Freunde alter Musik Basel; <link target="http://famb.ch/"/></orgName>

		</bibl>
      </sourceDesc>
    </fileDesc>
  </teiHeader>
  <text>
    <body>
        <p> <!-- all the content of the program in one paragraph -->
            <pb facs="CH_Bm_prg/pyr_CH_Bm_prg-0433.tif"/>
<date when="19790330"/>
<name key="Scarlatti, Alessandro" type="person" role="cmp">Scarlatti, Alessandro</name>
<name key="Scarlatti, Domenico" type="person" role="cmp">Scarlatti, Domenico</name>
<name key="Vivaldi, Antonio" type="person" role="cmp">Vivaldi, Antonio</name>
<name key="Carissimi, Giacomo" type="person" role="cmp">Carissimi, Giacomo</name>
<name key="Telemann, Georg Philipp" type="person" role="cmp">Telemann, Georg Philipp</name>
<name key="Handel, George Frideric" type="person" role="cmp">Händel, Georg Friedrich</name><name key="Kirkby, Emma" type="person" role="int">Kirkby, Emma</name>
<name key="Piguet, Michel" type="person" role="int">Piguet, Michel</name>
<name key="Jappe, Michael" type="person" role="int">Jappe, Michael</name>
<name key="Curtis, Alan" type="person" role="int">Curtis, Alan</name><title>Concert</title>
<placeName key="Basel, Grosser Saal der Musik-Akademie"/>
<name key="Concert" type="series"/>
<page><![CDATA[﻿FREUNDE ALTER MUSIK IN BASEL
4.	Konzert
Freitag, den 30. März 1979, 20.15 Uhr Grösser Saal der Musik-Akademie]]></page>
<pb facs="CH_Bm_prg/pyr_CH_Bm_prg-0434.tif"/>
<page><![CDATA[﻿PROGRAMM
Alessandro Scarlatti 1660-1725
"Ardo e ver per te d'Amore"
Kantate für Sopran, Blockflöte und basso continuo
(Edition Raymond Meylan)
Domenico Scarlatti 1685-1757
Antonio Vivaldi 1678-1741
PAUSE
Giacomo Carissimi 1605-1674
6 Sonaten
a-moll,	Allegro (K 532)
D-dur,	Allegro (K 443)
d-moll,	Allegrissimo (K 444)
B-dur,	Cantabile (K 544)
B-dur,	Allegro (K 248)
C-dur,	Allegro (K 421)
Sonate c-moll
für Oboe und basso continuo
Adagio
Allegro
Andante
Allegro
Ferma lascia ch'io parli Lamento di Maria di Scozia
Georg Philipp Telemann	Sonate f-moll
1681-1767	für Blockflöte und basso continuo
                             aus den "Essercizi Musicali"
                             Mesto
                             Allegro
                             Andante
                             Vivace
Georg Friedrich Händel 1685-1759
"Mi palpita il cor" Kantate für Sopran, Oboe und basso continuo

AUSFUEHRENDE
Emma Kirkby Michel Piguet Michael Jappe Alan Curtis
                   Gesang
                   Blockflöte, Oboe Violoncello in alter Mensur Cembalo
                   INSTRUMENTE
Blockflöten von Thomas Stanesby, London, erstes Viertel 18. Jahrhundert und von Frederick Morgan (nach Stanesby).
Oboe von Jean Hyacinth Joseph Rottenburgh, erstes Viertel 18. Jahrhundert
Violoncello von Carlo Ferdinando Landolfi, Mailand 1740. Cembalo nach Pascal Taskin von William Dowd, Paris.
Hinweis: Interessenten für eine Mitgliedschaft können sich an das Sekretariat der FAMB, Leonhardsstr. 4, 4051 Basel (Tel. 25 57 22, intern 21) wenden.
Nächstes Konzert: Podiumskonzert, Dienstag, den 24. April,
20.15	Uhr im Grossen Saal der Musik-Akademie:
Affetti Musicali (Marini, Castello, Cesare, Bonamenti u.a.) Bruce Dickey und Michael Collver (Zinken), Jaap Schroeder und Beatrix Landolf (Violine in alter Mensur), Roberto Gini (Violoncello), Frances Fitch (Cembalo).]]></page>
<pb facs="CH_Bm_prg/pyr_CH_Bm_prg-0435.tif"/>
<page><![CDATA[﻿]]></page>
       
        </p>
    </body>
  </text>
</TEI>
