<?xml version="1.0" encoding="UTF-8"?>
<?xml-model href="http://www.tei-c.org/release/xml/tei/custom/schema/relaxng/tei_all.rng" schematypens="http://relaxng.org/ns/structure/1.0"?>
<TEI xmlns="http://www.tei-c.org/ns/1.0">
  <teiHeader>
    <fileDesc>
        <titleStmt>
            <title>BASEL</title>
        </titleStmt>
        <editionStmt>
            <edition>TEI P5.1 Edition</edition>
            <respStmt>
                <resp>
                    <persName>Claudio Bacciagaluppi</persName>
                    <persName>Laurent Pugin</persName>
                    <persName>Rodolfo Zitellini</persName>
                    <date when="2016-01">Janvier 2016</date>
                </resp>
                <name>Bureau Suisse du RISM</name>
            </respStmt>
        </editionStmt>
        <publicationStmt>
            <publisher><orgName xml:base="http://www.rism-ch.org">Bureau Suisse du RISM</orgName></publisher>
        </publicationStmt>
	    <seriesStmt>
	     <idno type="collection">ch_famb</idno>
	    </seriesStmt>
      <sourceDesc>
		<bibl>
        <title>Concert<date when="19550314">14/03/1955</date></title>
<series>Concert</series>
<placeName>Basel, Münstersaal des Bischofshofs</placeName>
<orgName role="holding">Archiv des Vereins Freunde alter Musik Basel; <link target="http://famb.ch/"/></orgName>

		</bibl>
      </sourceDesc>
    </fileDesc>
  </teiHeader>
  <text>
    <body>
        <p> <!-- all the content of the program in one paragraph -->
            <pb facs="CH_Bm_prg/pyr_CH_Bm_prg-0745.tif"/>
<date when="19550314"/>
<name key="Marais, Marin" type="person" role="cmp">Marais, Marin</name>
<name key="Couperin, François" type="person" role="cmp">Couperin, François</name>
<name key="Forqueray, Jean-Baptiste" type="person" role="cmp">Forqueray, Jean-Baptiste</name>
<name key="Schenck, Johannes" type="person" role="cmp">Schenck, Johannes</name>
<name key="Graun, Johann Gottlieb" type="person" role="cmp">Graun, Johann Gottlieb</name><name key="Wenzinger, August" type="person" role="int">Wenzinger, August</name>
<name key="Müller, Hannelore" type="person" role="int">Müller, Hannelore</name>
<name key="Müller, Eduard" type="person" role="int">Müller, Eduard</name><title>Concert</title>
<placeName key="Basel, Münstersaal des Bischofshofs"/>
<name key="Concert" type="series"/>
<page><![CDATA[﻿F A M B Freunde alter Musik in Basel
Montag, l^r.März 1955.» 20.15 Uhr Münstersaal des Bischofshofs (Kittergasse)
II.HAUSKONZERT
             SOLOMUSIK FÜR VIOLA DA GAMBA UND CEMBALO
          Marin Marais, Franqois Couperin, J.-B.Ant.Forqueray Johann Schenck, Joh.Gottl.Graun
Ausführende -SCHOLA CANTORUM BASILIENSIS:
       August Wenzinger, Hannelora Müller (Viola da gamba), Eduard Müller (Cembalo)
          Programm 50 Cts. Eintritt für Mitglieder frei, für Nichtmitglieder Fr.4.60 im Vorverkauf bei Hug & Co. und an der Abendkasse. Jugendliche, Studenten, interne Konservatoristen und Berufsschüler der Schola Cantorum Basiliensis ermässigte Karten zu Fr.2.70. Anmeldung zur Mitgliedschaft an die Aktuarin Frau T.Hoffmann-Boller, Allschwilerweg 53> Binningen oder an das Sekretariat, LeonhardsstrA.

Prog ramm
Marin Marais
Franqois Couperin 1668-1733
 Suite h-moll für Viola da gamba und Continuo
 Prelude / Petite Fantaisie / Allemande / Courante / Sarabande / Gigue / Menuet / Le Tcmbeau de M.Lully
 Zvel Stücke für Cembalo La Forqueray
 Les petits moulins a vent
J,-3.Antoine Forqueray Suite Hr.5» c-moll für Viola da gamba
1699-1782
Johann Schenck um 1700
Joh.Gottlieb Graun 1702-1771
und Continuo
  La Rameau / La Guignon / Sarabande / La Leon / Jupiter
Sonate a-moll für Viola da gamba solo op„IX No. 6 "Echo de Darübe"
  Prelude / Aria I / Aria II / Gigue
Sonate in F-dur für Cembalo und Viola da gamba
  Adagio non molto / Allegro /
  Allegro ma non tanto
Voranzeige: III.Hauskcnzert 1955 der FREUNDE ALTES MUSIK Freitag, 2?-,Mai, 20.lg Uhr im Historischen
            Museum (Ba.rfüaserkircha)
           Fassions- und Ostermusik aus dem 17.Jahrhundert]]></page>
       
        </p>
    </body>
  </text>
</TEI>
