<?xml version="1.0" encoding="UTF-8"?>
<?xml-model href="http://www.tei-c.org/release/xml/tei/custom/schema/relaxng/tei_all.rng" schematypens="http://relaxng.org/ns/structure/1.0"?>
<TEI xmlns="http://www.tei-c.org/ns/1.0">
  <teiHeader>
    <fileDesc>
        <titleStmt>
            <title>BASEL</title>
        </titleStmt>
        <editionStmt>
            <edition>TEI P5.1 Edition</edition>
            <respStmt>
                <resp>
                    <persName>Claudio Bacciagaluppi</persName>
                    <persName>Laurent Pugin</persName>
                    <persName>Rodolfo Zitellini</persName>
                    <date when="2016-01">Janvier 2016</date>
                </resp>
                <name>Bureau Suisse du RISM</name>
            </respStmt>
        </editionStmt>
        <publicationStmt>
            <publisher><orgName xml:base="http://www.rism-ch.org">Bureau Suisse du RISM</orgName></publisher>
        </publicationStmt>
	    <seriesStmt>
	     <idno type="collection">ch_famb</idno>
	    </seriesStmt>
      <sourceDesc>
		<bibl>
        <title>Concert<date when="19661212">12/12/1966</date></title>
<series>Concert</series>
<placeName>Basel, Grosser Saal der Musik-Akademie</placeName>
<orgName role="holding">Archiv des Vereins Freunde alter Musik Basel; <link target="http://famb.ch/"/></orgName>

		</bibl>
      </sourceDesc>
    </fileDesc>
  </teiHeader>
  <text>
    <body>
        <p> <!-- all the content of the program in one paragraph -->
            <pb facs="CH_Bm_prg/pyr_CH_Bm_prg-1711.tif"/>
<date when="19661212"/>
<name key="Purcell, Henry" type="person" role="cmp">Purcell, Henry</name><name key="Deller, Alfred" type="person" role="int">Deller, Alfred</name>
<name key="Wenzinger, August" type="person" role="int">Wenzinger, August</name>
<name key="Müller, Hannelore" type="person" role="int">Müller, Hannelore</name>
<name key="Majer, Marianne" type="person" role="int">Majer, Marianne</name>
<name key="Koch, Johannes" type="person" role="int">Koch, Johannes</name>
<name key="Balzer, Ingelore" type="person" role="int">Balzer, Ingelore</name>
<name key="Gutmann, Veronika" type="person" role="int">Gutmann, Veronika</name>
<name key="Ohashi, Toshinari" type="person" role="int">Ohashi, Toshinari</name>
<name key="Dähler, Jörg Ewald" type="person" role="int">Dähler, Jörg Ewald</name><title>Concert</title>
<placeName key="Basel, Grosser Saal der Musik-Akademie"/>
<name key="Concert" type="series"/>
<page><![CDATA[﻿ ^ceunbe alter ITTufif in 23afel
 Erstes Konzert
 Montag, 12. Dezember 1966, 20.15 Uhr, im Großen Saal der Musik-Akademie
    Henry Purcell
 Ausführende:
  Alfred Deller (Counter-Tenor);
  Das Viola da gamba-Quartett der Schola Cantorum Basiliensis: August Wenzinger, Hannelore Müller,
 Marianne Majer, Johannes Koch;
  Ingelore Balzer, Veronika Gutmann, Toshinari Ohashi ( Viola da gamba);
 Jörg Ewald Dähler (Cembalo)
 Programm 50 Rappen Eintritt für Mitglieder frei. Karten für Nichtmitglieder zu Fr. 6.90 (Jugendliche unter 20 Jahren, Studenten und Berufsschüler der Musik-Akademie Fr. 4.-) bei Hug & Co., Freiestraße 70 a, und an der Abendkasse.
  Umtausch der Nitoba-Lose bis 10. Dezember nur bei Hug & Co.]]></page>
<pb facs="CH_Bm_prg/pyr_CH_Bm_prg-1712.tif"/>
<page><![CDATA[﻿Programm
Programm
Henry Purcell 1658/59-1695
Drei- und vierstimmige Fantasien für Violen da gamba
  Fantasie Nr. 1 in g, vierstimmig	(10. Juni 1680)
  Fantasie Nr. 2 in B, vierstimmig	(11. Juni 1680) Fantasie Nr. 3 in g, dreistimmig
  Fantasie Nr. 3 in F, vierstimmig	(14. Juni 1680)
  Fantasie Nr. 4 in c, vierstimmig	(19. Juni 1680)
  Fantasie Nr. 5 in d, vierstimmig	(22. Juni 1680)
Drei Gesänge für Count er-Tenor und Continuo (Viola da gamba, Cembalo)
«7 attempt from Love’s sickness» (1695 ?) «Crown the altar» (1693)
«Sweeter than roses» (1695)
Drei- und vierstimmige Fantasien für Violen da gamba
Fantasie Nr. 6 in a, vierstimmig (23. Juni 1680)
Fantasie Nr. 7 in e, vierstimmig (30. Juni 1680)
  Fantasie Nr. 1 in d, dreistimmig
  Fantasie Nr. 2 in F, dreistimmig
Fantasie Nr. 8 in G, vierstimmig (19. August 1680)
Fantasie Nr. 9 in d, vierstimmig (31. August 1680)
Pause
Drei Gesänge für Counter-T'enor und Continuo (Viola da gamba, Cembalo)
An Evening Hymn on a Ground (1688)
«Here the Deities approve» (1683)
«Music for a white-» (1692)
Fünf- bis siebenstimmige Fantasien für Violen da gamba
Fantasie in F, upon one note, fünfstimmig ln Nomine, in g, sechsstimmig ln Nomine, in g, siebenstimmig
Die verwendeten Instrumente:
Zwei Diskantgamben, drei Tenorgamben, zwei Baßgamben Eugen Sprenger, Frankfurt a. M.
Baßgambe Joachim Tielke, Hamburg 1677 Konzertcembalo Martin Scholz aus den Werkstätten von Hug & Co., Basel]]></page>
<pb facs="CH_Bm_prg/pyr_CH_Bm_prg-1713.tif"/>
<page><![CDATA[﻿Texte
«Sweeter than roses»
«I attempt from Love’s sickness»
I attempt from Love’s sickness to fly in vain,
Since I am myself my own fever and pain.
No more now, fond heart, with pride no more swell,
Thou canst not raise forces enough to rebel.
For Love has more power and less mercy than fate,
To make us seek ruin and love those that hate.
Aus «The Indian Queen».
Text von John Dryden und Robert Howard.
Vom Liebes-Siechtum such ich umsonst mich zu befrein, Denn ich bin selbst mein Fieber und meine Fieberpein. Nicht weiter, närrisch Herz, tu nicht mit Prahlen groß:
Du hast nicht Kraft genug zu einem Gegenstoß.
Liebe kann Schicksals Macht, doch seine Gnad’ nicht fassen: Wir suchen Untergang und lieben, die uns hassen.
Sweeter than roses, or cool ev’ning breeze,
On a warm flow’ry shore,
Was the dear kiss, first trembling made me freeze, Then shot like fire all o’er;
What magic has victorious love!
For all I touch, or see,
Since that dear kiss, I hourly prove,
All, all is love to me.
Aus «Pausanias, the Betrayer of his Country».
Text von Norton.
Holder als Rosen, kühler als Abendwind In warm umblühter Laube War Liebeskuß: erst Schauer, fiebrig-fröstelnd, Dann überlief’s mich als verzehrend Feuer.
O Allgewalt der Liebe, zaubermächtig!
Was ich berühr’, erblicke
Seit jenem Liebeskuß, ich spür’ es stündlich,
Wird anders mir im Strahl der Liebe.
«Crown the altar»
Crown the altar, deck the shrine,
Behold the bright seraphic throng Prepar’d our harmony to join,
The Sacred Quire attend too long.
Aus «Celebrate this festival», Birthday song for Queen Mary. Text von Nahum Tate.
Kränzt den Altar, deckt den Schrein! Engel-Ansturm drängt herein, Einzustimmen unsrem Sang;
Der heilige Chor harrt schon zu lang.
An Evening Hymn on a Ground
Now that the sun hath veil’d his light And bid the wofld good-night,
To the soft bed my body I dispose,
But where shall my soul repose?
Dear God, even in thy arms, and can there be Any so sweet security?
Then to thy rest,
O my soul, and, singing, praise The mercy that prolongs thy days!
Alleluia.
Text von William Füller.]]></page>
<pb facs="CH_Bm_prg/pyr_CH_Bm_prg-1714.tif"/>
<page><![CDATA[﻿Nun, da die Sonne barg ihr Licht Und aller Welt Gutnacht entbot, Leg ich den Leib ins linde Bett, Doch meine Seel’, wo findt sie Ruh? Herr Gott, in deinem Arm, denn wo Sind wir geborgen wie bei dir? Drum für die Rast,
O Seele, preise mit Gesang
Die Gnad’, die Lebens Tag verlangt.
Aileluia.
   «Music for a while»
Music for a while shall all your cares beguile:
Wond’ring how your pains were eas’d And disdaining to be pleas’d,
Till Alecto free the dead From their eternal bands,
Till the snakes drop from her head,
And the whip from out her hands.
Aus «Oedipus». Text von John Dryden und Nathaniel Lee.
                                                                                 Musik soll für ein Nu all deine Sorgen bannen: Staune, wie die Qual sich mindert,
                                                                                   Ekel sich in Lust verwandelt,
                                                                              Bis Allekto den Verblichnen Ihre ewigen Fesseln löst,
                                                                                Ihr vom Haupt die Nattern gleiten,
                                                                                   Geissel ihrer Hand entsinkt.
                                                                              Übersetzungen von J. Oe.
«Here the Deities approve»
Here the Deities approve,
The God of music and of love,
All the talents they have lent you,
All the blessings they have sent you,
Pleas’d to see what they bestow,
Live and thrive so well below.
Aus «Welcome to all the pleasures»,
A Song for St. Cecilia’s Day.
Text von Christopher Fishburn.
Götter sagen freudig Ja. Liebesgott und Musica Sehn entzückt, was sie beschieden, All die Gaben, die sie sandten, Segen, den sie an euch wandten, Blühen und gedeihn hienieden.]]></page>
<pb facs="CH_Bm_prg/pyr_CH_Bm_prg-1715.tif"/>
<page><![CDATA[﻿]]></page>
       
        </p>
    </body>
  </text>
</TEI>
