<?xml version="1.0" encoding="UTF-8"?>
<?xml-model href="http://www.tei-c.org/release/xml/tei/custom/schema/relaxng/tei_all.rng" schematypens="http://relaxng.org/ns/structure/1.0"?>
<TEI xmlns="http://www.tei-c.org/ns/1.0">
  <teiHeader>
    <fileDesc>
        <titleStmt>
            <title>BASEL</title>
        </titleStmt>
        <editionStmt>
            <edition>TEI P5.1 Edition</edition>
            <respStmt>
                <resp>
                    <persName>Claudio Bacciagaluppi</persName>
                    <persName>Laurent Pugin</persName>
                    <persName>Rodolfo Zitellini</persName>
                    <date when="2016-01">Janvier 2016</date>
                </resp>
                <name>Bureau Suisse du RISM</name>
            </respStmt>
        </editionStmt>
        <publicationStmt>
            <publisher><orgName xml:base="http://www.rism-ch.org">Bureau Suisse du RISM</orgName></publisher>
        </publicationStmt>
	    <seriesStmt>
	     <idno type="collection">ch_famb</idno>
	    </seriesStmt>
      <sourceDesc>
		<bibl>
        <title>Concert<date when="19700413">13/04/1970</date></title>
<series>Concert</series>
<placeName>Basel, Hans Huber-Saal des Stadtcasinos Basel</placeName>
<orgName role="holding">Archiv des Vereins Freunde alter Musik Basel; <link target="http://famb.ch/"/></orgName>

		</bibl>
      </sourceDesc>
    </fileDesc>
  </teiHeader>
  <text>
    <body>
        <p> <!-- all the content of the program in one paragraph -->
            <pb facs="CH_Bm_prg/pyr_CH_Bm_prg-1628.tif"/>
<date when="19700413"/>
<name key="Zelenka, Jan Dismas" type="person" role="cmp">Zelenka, Jan Dismas</name>
<name key="Rosetti, Antonio (Rösler, Franz Anton)" type="person" role="cmp">Rosetti, Antonio (Rösler, Franz Anton)</name>
<name key="Vanhal, Johann Baptist" type="person" role="cmp">Vanhal, Johann Baptist</name>
<name key="Stamitz, Johann" type="person" role="cmp">Stamitz, Johann</name><name key="Linde, Hans-Martin" type="person" role="int">Linde, Hans-Martin</name>
<name key="Hünteler, Konrad" type="person" role="int">Hünteler, Konrad</name>
<name key="Renner, Hans Georg" type="person" role="int">Renner, Hans Georg</name>
<name key="Brejza, Josef" type="person" role="int">Brejza, Josef</name>
<name key="Leguillon, Bernhard" type="person" role="int">Leguillon, Bernhard</name>
<name key="Stiftner, Walter" type="person" role="int">Stiftner, Walter</name>
<name key="Neininger, Wolfgang" type="person" role="int">Neininger, Wolfgang</name>
<name key="Joubert-Kägi, Ursula" type="person" role="int">Joubert-Kägi, Ursula</name>
<name key="Joubert, Jules" type="person" role="int">Joubert, Jules</name>
<name key="Fuente, Miguel de la" type="person" role="int">Fuente, Miguel de la</name>
<name key="Leisinger, Heidi" type="person" role="int">Leisinger, Heidi</name>
<name key="Heman, Christine" type="person" role="int">Heman, Christine</name>
<name key="Day, Christoph" type="person" role="int">Day, Christoph</name>
<name key="Majer, Marianne" type="person" role="int">Majer, Marianne</name>
<name key="Müller, Hannelore" type="person" role="int">Müller, Hannelore</name>
<name key="Viale, Angelo" type="person" role="int">Viale, Angelo</name>
<name key="Müller, Eduard" type="person" role="int">Müller, Eduard</name><title>Concert</title>
<placeName key="Basel, Hans Huber-Saal des Stadtcasinos Basel"/>
<name key="Concert" type="series"/>
<page><![CDATA[﻿              FREUNDE ALTER MUSIK IN BASEL
                     EXTRAKONZERT
Montag, 13. April 1970, 20.15 Uhr, Hans Huber-Saal BOEHMISCHE ORCEESTERMUSIK DES 18. JAHRHUNDERTS
Die verstärkte Konzertgruppe der Schola Cantorum Basi-liensiss
Hans-Martin Linde, Konrad Hünteler (Traversflöte), Hans Georg Renner (Barockoboe), Josef Brejza, Bernhard Leguil-lon (Waldhorn), Walter Stiftner (Barockfagott), Wolfgang Neininger, Ursula Joubert-Kägi, Jules Joubert, Miguel de la Fuente, Heidi Leisinger, Christine Heman (Violine), Christoph Day, Marianne Majer (Bratsche), Hannelore Müller (Violoncello ) , Angelo Viale (Contrabass ), Eduard. Müller (Cembalo)
Leitung^ August Wenzinger
Programm 50 Rappen.]]></page>
<pb facs="CH_Bm_prg/pyr_CH_Bm_prg-1629.tif"/>
<page><![CDATA[﻿PROGRAMM
Jan Dismas Zelenka
1679-1745
Franz Anton Rösler (genannt Rosetti) um 1750-1792
P A
Johann Baptist Vanhsl 1739-1813
Johann Stamitz
1717-1757
   Concerto G-d.ur "a 8 concertanti" für Oboe, Fagott, Violine, Violoncello soli, Streicher und Continuo
      Allegro / Largo cantabile / Allegro
   Notturno D-dur für Traversflöte, zwei Waldhörner, Violine, Bratsche und. Violoncello
      Allegro / Romance (Adagio) / Rondeau (Allegretto)
IISE
   Concerto C-d.ur für "Violino princi-pale, Cembalo concertato", zwei Traversflöten, zwei Waldhörner und Streicher
      Allegro / Andante / Allegro
   Sinfonie D-dur für zwei Traversflöten, zwei Waldhörner, Streicher und Continuo
      Allegro assai / And.antino / Menuetto / Presto assai
Die verwendeten Instrumente;
Traversflöte nach Johann Georg Tromlitz von Johannes Adler. Markneukirchen Traversflöte Otto Steinkopf, Celle
Barockoboe nach Johann Christoph Denner von Otto Steinkopf, Celle Barockfagott Bühner & Keller, Strassburg um 1800
Je zwei Waldhörner (Naturhörner) in D und. A Gebrüder Alexander, Mainz Streichinstrumente in alter Mensur
Konzertcembalo Martin Scholz aus den Werkstätten von Hug & Co., Basel.]]></page>
<pb facs="CH_Bm_prg/pyr_CH_Bm_prg-1630.tif"/>
<page><![CDATA[﻿]]></page>
       
        </p>
    </body>
  </text>
</TEI>
