<?xml version="1.0" encoding="UTF-8"?>
<?xml-model href="http://www.tei-c.org/release/xml/tei/custom/schema/relaxng/tei_all.rng" schematypens="http://relaxng.org/ns/structure/1.0"?>
<TEI xmlns="http://www.tei-c.org/ns/1.0">
  <teiHeader>
    <fileDesc>
        <titleStmt>
            <title>BASEL</title>
        </titleStmt>
        <editionStmt>
            <edition>TEI P5.1 Edition</edition>
            <respStmt>
                <resp>
                    <persName>Claudio Bacciagaluppi</persName>
                    <persName>Laurent Pugin</persName>
                    <persName>Rodolfo Zitellini</persName>
                    <date when="2016-01">Janvier 2016</date>
                </resp>
                <name>Bureau Suisse du RISM</name>
            </respStmt>
        </editionStmt>
        <publicationStmt>
            <publisher><orgName xml:base="http://www.rism-ch.org">Bureau Suisse du RISM</orgName></publisher>
        </publicationStmt>
	    <seriesStmt>
	     <idno type="collection">ch_famb</idno>
	    </seriesStmt>
      <sourceDesc>
		<bibl>
        <title>Season<date when="19841017">17/10/1984</date></title>
<series>Season</series>
<placeName>Basel, Martinskirche</placeName>
<orgName role="holding">Archiv des Vereins Freunde alter Musik Basel; <link target="http://famb.ch/"/></orgName>

		</bibl>
      </sourceDesc>
    </fileDesc>
  </teiHeader>
  <text>
    <body>
        <p> <!-- all the content of the program in one paragraph -->
            <pb facs="CH_Bm_prg/pyr_CH_Bm_prg-0162.tif"/>
<date when="19841017"/>
<name key="Handel, George Frideric" type="person" role="cmp">Händel, Georg Friedrich</name>
<name key="Scarlatti, Domenico" type="person" role="cmp">Scarlatti, Domenico</name>
<name key="Bach, Johann Sebastian" type="person" role="cmp">Bach, Johann Sebastian</name>
<name key="Cesare, Giovanni Martino" type="person" role="cmp">Cesare, Giovanni Martino</name>
<name key="Riccio, Giovanni Battista" type="person" role="cmp">Riccio, Giovanni Battista</name>
<name key="Merula, Tarquinio" type="person" role="cmp">Merula, Tarquinio</name>
<name key="Frescobaldi, Girolamo Alessandro" type="person" role="cmp">Frescobaldi, Girolamo</name>
<name key="Selma y Salaverde, Bartolomé de" type="person" role="cmp">Selma y Salaverde, Bartolomé de</name>
<name key="Fontana, Giovanni Battista" type="person" role="cmp">Fontana, Giovanni Battista</name>
<name key="Castello, Dario" type="person" role="cmp">Castello, Dario</name>
<name key="Rore, Cipriano de" type="person" role="cmp">Rore, Cipriano de</name>
<name key="Francesco da Milano" type="person" role="cmp">Francesco da Milano</name>
<name key="Graupner, Christoph" type="person" role="cmp">Graupner, Christoph</name>
<name key="Conti, Francesco Bartolomeo" type="person" role="cmp">Conti, Francesco Bartolomeo</name>
<name key="Werner, Gregor Joseph" type="person" role="cmp">Werner, Gregor Joseph</name>
<name key="Fux, Johann Joseph" type="person" role="cmp">Fux, Johann Joseph</name>
<name key="Telemann, Georg Philipp" type="person" role="cmp">Telemann, Georg Philipp</name>
<name key="Jehan de Lescurel" type="person" role="cmp">Jehan de Lescurel</name>
<name key="Anonymus" type="person" role="cmp">Anonymus</name>
<name key="Machaut, Guillaume de" type="person" role="cmp">Machaut, Guillaume de</name>
<name key="Handel, George Frideric" type="person" role="cmp">Händel, Georg Friedrich</name>
<name key="Handel, George Frideric" type="person" role="cmp">Händel, Georg Friedrich</name>
<name key="Handel, George Frideric" type="person" role="cmp">Händel, Georg Friedrich</name>
<name key="Handel, George Frideric" type="person" role="cmp">Händel, Georg Friedrich</name>
<name key="Handel, George Frideric" type="person" role="cmp">Händel, Georg Friedrich</name><name key="Brüggen, Frans" type="person" role="int">Brüggen, Frans</name>
<name key="Leonhardt, Gustav" type="person" role="int">Leonhardt, Gustav</name>
<name key="Bailes, Anthony" type="person" role="int">Bailes, Anthony</name>
<name key="James, David" type="person" role="int">James, David</name>
<name key="Covey-Crump, Rogers" type="person" role="int">Covey-Crump, Rogers</name>
<name key="Potter, John" type="person" role="int">Potter, John</name>
<name key="Robertson, Nicholas" type="person" role="int">Robertson, Nicholas</name>
<name key="Hillier, Paul" type="person" role="int">Hillier, Paul</name>
<name key="Hofmann, Rosmarie" type="person" role="int">Hofmann, Rosmarie</name>
<name key="Stalder, Hans Rudolf" type="person" role="int">Stalder, Hans Rudolf</name>
<name key="Schmid, Elmar" type="person" role="int">Schmid, Elmar</name>
<name key="Hofer, Heinz" type="person" role="int">Hofer, Heinz</name>
<name key="Landolf, Beatrix" type="person" role="int">Landolf, Beatrix</name>
<name key="Linde, Hedwig van der" type="person" role="int">Linde, Hedwig van der</name>
<name key="Staerkle, Claudia" type="person" role="int">Staerkle, Claudia</name>
<name key="Jones, Sterling" type="person" role="int">Jones, Sterling</name>
<name key="Gohl-Moser, Käthi" type="person" role="int">Gohl-Moser, Käthi</name>
<name key="Franklin, Brian" type="person" role="int">Franklin, Brian</name>
<name key="Junghanns, Rolf" type="person" role="int">Junghanns, Rolf</name>
<name key="Contini, Luciano" type="person" role="int">Contini, Luciano</name>
<name key="Imamura, Yasunori" type="person" role="int">Imamura, Yasunori</name>
<name key="Huber, Heinrich" type="person" role="int">Huber, Heinrich</name>
<name key="Stiftner, Walter" type="person" role="int">Stiftner, Walter</name>
<name key="Wassmer, Claude" type="person" role="int">Wassmer, Claude</name>
<name key="Vellard, Dominique" type="person" role="int">Vellard, Dominique</name>
<name key="Lablaude, Anne-Marie" type="person" role="int">Lablaude, Anne-Marie</name>
<name key="Lesne, Brigitte" type="person" role="int">Lesne, Brigitte</name>
<name key="Cook, Randall" type="person" role="int">Cook, Randall</name>
<name key="Young, Crawford" type="person" role="int">Young, Crawford</name>
<name key="Zuckerman, Kenneth" type="person" role="int">Zuckerman, Kenneth</name>
<name key="Näf, Fritz" type="person" role="int">Näf, Fritz</name>
<name key="Zehnder, Jean-Claude" type="person" role="int">Zehnder, Jean-Claude</name>
<name key="Schroeder, Jaap" type="person" role="int">Schroeder, Jaap</name>
<name key="Landolf, Beatrix" type="person" role="int">Landolf, Beatrix</name>
<name key="Stewart, Warren" type="person" role="int">Stewart, Warren</name>
<name key="Poulenard, Isabelle" type="person" role="int">Poulenard, Isabelle</name>
<name key="Feldman, Jill" type="person" role="int">Feldman, Jill</name>
<name key="Christie, William" type="person" role="int">Christie, William</name>
<name key="Meer, Richte van der" type="person" role="int">Meer, Richte van der</name>
<name key="Piguet, Michel" type="person" role="int">Piguet, Michel</name>
<name key="Seifert, Ingrid" type="person" role="int">Seifert, Ingrid</name>
<name key="Toll, John" type="person" role="int">Toll, John</name>
<name key="Medlam, Charles" type="person" role="int">Medlam, Charles</name>
<name key="Piguet, Michel" type="person" role="int">Piguet, Michel</name>
<name key="Seifert, Ingrid" type="person" role="int">Seifert, Ingrid</name>
<name key="Toll, John" type="person" role="int">Toll, John</name>
<name key="Medlam, Charles" type="person" role="int">Medlam, Charles</name>
<name key="Bilgen, Meral" type="person" role="int">Bilgen, Meral</name>
<name key="Wagner, Antonio" type="person" role="int">Wagner, Antonio</name>
<name key="Schuler, Tabitha" type="person" role="int">Schuler, Tabitha</name>
<name key="Bachmann, Elizabeth" type="person" role="int">Bachmann, Elizabeth</name>
<name key="Weller, Sharon" type="person" role="int">Weller, Sharon</name>
<name key="Türk, Gerd" type="person" role="int">Türk, Gerd</name>
<name key="Angel, Morris" type="person" role="int">Angel, Morris</name>
<name key="Ronen, Ruth-Eva" type="person" role="int">Ronen, Ruth-Eva</name>
<name key="Linde, Hans-Martin" type="person" role="int">Linde, Hans-Martin</name><title>Season</title>
<placeName key="Basel, Martinskirche"/>
<name key="Season" type="series"/>
<page><![CDATA[﻿Steunöe älter fcfiufif in 23afel
GENERALPROGRAMM
1984/85]]></page>
<pb facs="CH_Bm_prg/pyr_CH_Bm_prg-0163.tif"/>
<page><![CDATA[﻿Sehr geehrte Damen und Herren,
Mit dem vorliegenden Generalprogramm heißt Sie der Vorstand der Freunde alter Musik zur nun bald beginnenden Konzertsaison 1984/85 herzlich willkommen. Neben den vier regulären Konzerten, zu denen Sie als Mitglied gratis Zutritt haben, finden im Mai 1985 fünf Extra-Konzerte statt: In Zusammenarbeit mit der Schola Cantorum Basiliensis feiern wir mit einem Konzert-Zyklus den 300. Geburtstag Georg Friedrich Händels (1685—1759), dessen Werke in unserer Stadt nicht so oft in den Konzertprogrammen zu finden sind wie diejenigen des im gleichen Jahr geborenen Johann Sebastian Bach (1685—1750). Diesem Umstand Sorge tragend machten wir es uns zur Aufgabe, für Sie ein Programm mit selten zu hörender Vokal- und Instrumentalmusik zusammenzustellen, wobei das erste und das letzte Konzert quasi als Rahmen grosse Besetzung aufweisen, die mittleren drei Konzerte aber der Kammermusik gewidmet sind.
  Zu diesem Händel-Zyklus werden Sie im Frühjahr 1985 separat eingeladen. Es wird die Möglichkeit bestehen, einen «Pass» für alle fünf Konzerte oder aber auch Einzelkarten zu Veranstaltungen Ihrer Wahl zu beziehen.
  Die vier regulären Konzerte versprechen abwechslungsreiche musikalische Erlebnisse: Das Programm des ersten Abends beinhaltet sozusagen als Auftakt zum jubiläumsreichen Jahr 1985 Musik von J. S. Bach, G. F. Händel und D. Scarlatti (alle drei geboren im Jahre 1685, dargeboten von zwei hervorragenden Künstlern; bleibt nur noch zu sagen: Kommen Sie rechtzeitig, auch die Martinskirche ist in ihrer Platzzahl beschränkt.

  Im zweiten Konzert mit dem Hilliard-Ensemble aus London, das von seinem Konzert im Jahr 1981 in allerbester Erinnerung ist, begegnen wir nicht nur der Musik Ciprianos, sondern auch den wunderbaren Stanzen Francesco Petrarcas; als Interludium erklingen Lauten-Fantasien des «divino Francesco da Milano».
  Das dritte Konzert ist einem Instrument gewidmet: dem Chalumeau. Als Vorläufer unserer Klarinette genoss es im 18. Jahrhundert wegen seines eigenartigen und einzigartigen Klanges grosses Ansehen. Zur Aufführung gelangt Musik verschiedener Komponisten und unterschiedlichster Stilrichtungen.
  Schliesslich wahrt der letzte Abend der «normalen» Konzertsaison die Kontinuität unseres Bestrebens, auch entlegenere musikalische Gebiete in unsere Programme mit einzubeziehen. Nachdem die letzte Saison mit italienischer Musik des Tre-cento ausklang, führt uns dieses Konzert in das Frankreich des 14. Jahrhunderts. Französische Sänger und das Mittelalter-Ensemble der Schola Cantorum Basiliensis laden in den schönen Raum des Münstersaales ein.
  Wir hoffen, dass Sie an diesen Programmen Gefallen finden werden, und möchten es nicht versäumen, unseren Mitgliedern für ihre Treue zu danken.
Mit freundlichen Grüssen
Der Vorstand der «Freunde alter Musik in Basel»
Prof. Dr. Robert Kopp,
      Hans-Martin Linde Rudolf Kelterborn
Präsident Dr. Bernhard Riggenbach,
Frau Vera Oeri-Hoffmann
  Vizepräsident Marc Ducommun, Kassier Frau Dr. Barbara Begelsbacher Eugen M. Dombois
 Dr. Peter Reidemeister Christopher Schmidt Meinrad Schweizer
 Prof. Dr. Hans Oesch
Sekretariat: Leonhardsstrasse 4, 4051 Basel, Tel. 25 57 22]]></page>
<pb facs="CH_Bm_prg/pyr_CH_Bm_prg-0164.tif"/>
<page><![CDATA[﻿Was heißt calte Musik>?
Die Frage scheint müssig, denn die Antwort liegt auf der Hand. Sie findet sich auch in den alten Programmheften der FAMB, und zwar seit über vierzig Jahren. Unter «alter Musik» verstehen wir Troubadour- und Trouveres-Gesänge, gregorianischen Choral, Opern von Monteverdi und Händel, Singspiele von Adam de la Halle und Motetten von Guillaume de Machaut, Hoftänze der Renaissance und Kantaten von Johann Sebastian Bach, barocke Lamentationen und Klavierstücke von Mozart. Kurz: sie umfaßt das gesamte geistige und weltliche Musikschaffen Europas vom Mittelalter bis zur französischen Revolution. Werke aus einer Zeitspanne von fast tausend Jahren. Die «neue Musik» beginnt demnach erst mit der Romantik, mit Beethoven und Schubert... Die Eigenwilligkeit dieser Gegenüberstellung fällt spätestens dann auf, wenn wir sie mit den in anderen Kunstgattungen geläufigen Periodisierungen vergleichen. Wer würde es wagen, die «neue Malerei» mit David oder Delacroix, die «neue Literatur» mit Byron oder Chateaubriand beginnen zu lassen? Die Vermutung liegt daher nahe, dass der Begriff «alte Musik» ursprünglich weniger der Chronologie, als einer bestimmten Auffassung der Musik und ihrer Darbietung verpflichtet ist.
  Das Interesse an «alter Musik» — sieht man einmal vom rein historischen Interesse ab — entstand unter anderem aus dem Unbehagen am «klassischen Musikbetrieb», jenem «Pantheon der Bestseller» — wie Adorno einmal sagte —, in welchem fast nur die reine Instrumentalmusik des 19. Jahrhunderts Aufnahme fand. Es ging den Pionieren der «alten Musik» — allen voran Paul Sacher — zunächst um eine Erweiterung des Repertoires. Ihre vor mehr als fünfzig Jahren formulierten Bestrebungen haben auch heute, da wir — besonders von den Massenmedien — immer mehr an kulturellen Eintopf gewöhnt werden, nichts an Aktualität eingebüßt. So schrieb zum Beispiel Arnold Geering in den Basler Nachrichten vom 9710. Juni 1934: «Wenn sich die Überzeugung des ausführenden Musikers und sein Glaube an die unmittelbare Kraft, die von der Musik aller Zeiten und aller Völker ausgeht, dem Publikum mitteilen lassen, so verspricht die Pflege der alten Musik eine Erweiterung des Horizonts und eine Vertiefung des Musikgenusses, eine Verfeinerung der Aufnahmefähigkeit, kurz alle jene Voraussetzungen für Musiker und Publikum, die die Bereitschaft auch für die Musik der Gegenwart und Zukunft ausmachen.» «Alte Musik» bedeutet hier vorurteilsloses Interesse für Musik überhaupt.
  Protest gegen ein zu enges und zu einseitiges Repertoire, aber auch Protest gegen einen zu routinemässig ablaufenden Konzertbetrieb. Im soeben zitierten Text «Alte Musik im Konzert» heisst es weiter: «Dem

aufmerksamen Beobachter kann es aber nicht entgehen, dass seit einiger Zeit eine Umschichtung im Konzert- und Musikleben vor sich geht, die durch die Abwendung von der einseitigen Pflege der virtuosen Kunst des letzten Jahrhunderts charakterisiert wird und zu Kunstgattungen hinneigt, welche sich nicht ohne weiteres in einen isolierten Konzertbetrieb zwingen lassen, sondern sich den verschiedensten Lebenslagen einordnen. Hier vermag nun die ältere Musik als Beispiel zu dienen, denn ihre ursprünglich Bestimmung war, den Menschen in allen Lagen seines Lebens zu begleiten als Ausdruck von Lust und Leid. Andererseits läßt gerade die enge Lebensverbundenheit der alten Musik es fraglich erscheinen, ob das Konzert der richtige Ort für die Wiederbelebung dieser Kunst sei, ob nicht vielmehr andere Formen der Darbietung gefunden werden sollten.»
  «Lebensverbundenheit» oder — wie Ina Lohr zu sagen pflegte — «Lebenszusammenhang», damit ist ein weiteres, wichtiges Merkmal der «alten Musik» angesprochen. Verbundenheit der Musik mit anderen Bereichen des menschlichen Ausdrucks, vor allem mit der Sprache, sei es in der weltlichen Form der Dichtung oder in der religiösen Form der Liturgie. Verbundenheit mit den verschiedensten Momenten unseres Daseins: Kunst ist kein Luxus, keine Freizeitbeschäftigung. Sie gehört mit zu unserem Menschsein, ist vielleicht sogar dessen höchster Ausdruck. Das meinte auch Baudelaire, als er schrieb: «Le bourgeois peut vivre deux jours sans pain, sans po^sie jamais.» Verbundenheit schliesslich des Aestheti-schen und des Ethischen. Damit ist angedeutet, dass die Freude am Spiel keine unverbindliche ist. «Alte Musik» ist daher auch eine Besinnung auf das Wesen der Musik überhaupt, so wie es Paul Sacher einmal definiert hat: «Ein über dem Menschen stehendes geistiges Geschehen, eine geistige Macht, in der ein Ruhepunkt gesucht wird, als eine Welt des Geistes, die der Mensch mit seinem eigenen Sehen und Streben durchdringt und empfängt als ein bereits Gestaltetes, Objektives.»
Robert Kopp]]></page>
<pb facs="CH_Bm_prg/pyr_CH_Bm_prg-0165.tif"/>
<page><![CDATA[﻿ I.
 Mittwoch, 17. Oktober 1984, 20.15 Uhr,
 Martinskirche
Musik für Blockflöte und Cembalo
 Werke von Domenico Scarlatti, Georg Friedrich Händel,
 Johann Sebastian Bach u. a.
 Frans Brüggen (Blockflöte), Gustav Leonhardt (Cembalo)
 II.
 Mittwoch, 28. und Donnerstag, 29. November 1984, jeweils 20.15 Uhr, Grösser Saal der Musik-Akademie
Le Vergine — musica di Cipriano Rore sopra ^ ^ le stanze del Petrarca in laude della Madonna Fantasie del divino Francesco da Milano
 Das Hilliard-Ensemble, London, Leitung: Paul Hillier Anthony Bailes (Laute)
III.
 Donnerstag, 21. Februar 1985, 20.15 Uhr,
 Hans-Huber-Saal des Stadtcasinos
<*5 Das Chalumeau — ein Portrait
 Kantaten und Sonaten von Conti, Fux, Graupner, Steffani und Telemann
 Rosmarie Hofmann (Sopran), Kurt Widmer (Bass), Hans Rudolf Stalder, Elmar Schmid und Heinz Hofer (Chalumeaux), Streicher und Bläser der Schola Cantorum Basiliensis
IV.
 Mittwoch, 27. und Donnerstag, 28. März 1985, jeweils 20.15 Uhr, Münstersaal des Bischofshofes, Rittergasse 1
(^Französische Musik des 14.Jahrhunderts
 (Lescurel, Machaut)
 Dominique Vellard, Ann-Marie Lablaude und Brigitte Lesne (Gesang), das Mittelalter-Ensemble der Schola Cantorum Basiliensis

EXTRAKONZERTE (In Zusammenarbeit mit der Schola Cantorum Basiliensis)
 Händel-Zyklus
 5 Konzerte zum 300. Geburtstag des Komponisten
 I.
 Mittwoch, 24. April 1985, 20.15 Uhr Dom zu Arlesheim
 Orgelkonzerte, Orgelfugen, Concerti grossi und Vokalwerke
 Fritz Näf (Tenor), Jaap Schroeder und Trix Landolf (Violine), das Streicher-Ensemble der Schola Cantorum Basiliensis
 II.
 Donnerstag, 2. Mai 1985, 20.15 Uhr,
 Grösser Saal der Musik-Akademie
 Duette und Kantaten
 Isabelle Poulenard (Sopran), Jill Feldman (Sopran),
 William Christie (Cembalo), Christophe Coin (Violoncello)
 III./IV.
 Sonntag, 5. und Montag, 6. Mai 1985, jeweils 20.15 Uhr, Münstersaal des Bischofshofes, Rittergasse 1
 Sonaten op. 1 und 2 für Blockflöte, Oboe und Violine; Triosonaten
erster Teil: Sonntag; zweiter Teil: Montag Michel Piguet (Blockflöte und Oboe), «The London Baroque»: Ingrid Seifert (Violine), John Toll (Cembalo), Charles Medlam (Viola da gamba)
 V.
Mittwoch, 15. Mai 1985, 20.15 Uhr Barfüsserkirche (Historisches Museum)
Apollo e Dafne — The choice of Hercules
Zwei dramatische Kantaten Vokalsolisten, Streicher und Bläser der Schola Cantorum Basiliensis, der Kammerchor des Konservatoriums Regie: Ruth-Eva Ronen. Leitung: Hans-Martin Linde.
Programmänderungen Vorbehalten]]></page>
<pb facs="CH_Bm_prg/pyr_CH_Bm_prg-0166.tif"/>
<page><![CDATA[﻿<_✓Mitglieder
bezahlen einen Jahresbeitrag von Fr. 50.— (Personen unter 20 Jahren, Studenten und Berufsschüler der Musik-Akademie Fr. 25.—). Sie haben freien Eintritt zu den vier regulären Konzerten des Vereins und das Vorbezugsrecht auf ermäßigte Abonnemente oder Einzelkarten für die Konzerte des Händel-Zyklus. Zu diesen fünf Extrakonzerten werden Sie gesondert im Frühjahr 1985 eingeladen.
Freimitglieder
entrichten einen Jahresbeitrag von mindestens Fr. 100.—. Dieser erhöhte Beitrag hilft dem Verein, die dringend notwendigen Mittel zur Durchführung größerer Konzerte bereitzustellen. Er verschafft freien Eintritt zu den vier regulären Konzerten und zu den Extrakonzerten.
"Die Mitgliederbeiträge für 1984/83
bitten wir, rechtzeitig vor dem ersten Konzert am 17. Oktober 1984 auf unser Postcheckkonto Basel 40 - 16145 einzahlen zu wollen. Die Postcheckquittung gilt als Mitgliederkarte und berechtigt zum freien Eintritt in die vier regulären Konzerte sowie zum Bezug eines ermässigten Abonnements oder von Einzelkarten für die Konzerte des Händel-Zyklus. Es werden keine besonderen Mitgliederkarten verschickt.
c.Anmeldungen zur Mitgliedschaft^
können an das Sekretariat der «Freunde alter Musik in Basel», Leonhardsstraße 4, 4051 Basel (Tel. 255722) gerichtet werden.
Nichtmitglieder
sind in unseren Konzerten willkommen, jedoch ohne die für Mitglieder geltenden Ermäßigungen. Vorverkauf jeweils beim Musikhaus au concert, Aeschenvorstadt 24, 4051 Basel, Telefon 23 1176, und an der Abendkasse.]]></page>
       
        </p>
    </body>
  </text>
</TEI>
