<?xml version="1.0" encoding="UTF-8"?>
<?xml-model href="http://www.tei-c.org/release/xml/tei/custom/schema/relaxng/tei_all.rng" schematypens="http://relaxng.org/ns/structure/1.0"?>
<TEI xmlns="http://www.tei-c.org/ns/1.0">
  <teiHeader>
    <fileDesc>
        <titleStmt>
            <title>BASEL</title>
        </titleStmt>
        <editionStmt>
            <edition>TEI P5.1 Edition</edition>
            <respStmt>
                <resp>
                    <persName>Claudio Bacciagaluppi</persName>
                    <persName>Laurent Pugin</persName>
                    <persName>Rodolfo Zitellini</persName>
                    <date when="2016-01">Janvier 2016</date>
                </resp>
                <name>Bureau Suisse du RISM</name>
            </respStmt>
        </editionStmt>
        <publicationStmt>
            <publisher><orgName xml:base="http://www.rism-ch.org">Bureau Suisse du RISM</orgName></publisher>
        </publicationStmt>
	    <seriesStmt>
	     <idno type="collection">ch_famb</idno>
	    </seriesStmt>
      <sourceDesc>
		<bibl>
        <title>Concert<date when="19741204">04/12/1974</date></title>
<series>Concert</series>
<placeName>Basel, Leonhardskirche</placeName>
<orgName role="holding">Archiv des Vereins Freunde alter Musik Basel; <link target="http://famb.ch/"/></orgName>

		</bibl>
      </sourceDesc>
    </fileDesc>
  </teiHeader>
  <text>
    <body>
        <p> <!-- all the content of the program in one paragraph -->
            <pb facs="CH_Bm_prg/pyr_CH_Bm_prg-0374.tif"/>
<date when="19741204"/>
<name key="Bach, Johann Sebastian" type="person" role="cmp">Bach, Johann Sebastian</name><name key="Rogers, Nigel" type="person" role="int">Rogers, Nigel</name>
<name key="Widmer, Kurt" type="person" role="int">Widmer, Kurt</name>
<name key="Teichert, Almut" type="person" role="int">Teichert, Almut</name>
<name key="Steiner, Marianne" type="person" role="int">Steiner, Marianne</name>
<name key="Linde, Hans-Martin" type="person" role="int">Linde, Hans-Martin</name>
<name key="Degenhart, Sabine" type="person" role="int">Degenhart, Sabine</name>
<name key="Piguet, Michel" type="person" role="int">Piguet, Michel</name>
<name key="King, Stanley" type="person" role="int">King, Stanley</name>
<name key="Hildebrand, Renate" type="person" role="int">Hildebrand, Renate</name>
<name key="Stiftner, Walter" type="person" role="int">Stiftner, Walter</name>
<name key="Hoever, Herbert" type="person" role="int">Hoever, Herbert</name>
<name key="Joubert-Kägi, Ursula" type="person" role="int">Joubert-Kägi, Ursula</name>
<name key="Schmidt, Christopher" type="person" role="int">Schmidt, Christopher</name>
<name key="Fuente, Miguel de la" type="person" role="int">Fuente, Miguel de la</name>
<name key="Kambe, Yukimi" type="person" role="int">Kambe, Yukimi</name>
<name key="Leisinger, Heidi" type="person" role="int">Leisinger, Heidi</name>
<name key="Jappe, Dorothea" type="person" role="int">Jappe, Dorothea</name>
<name key="Gross, Christa" type="person" role="int">Gross, Christa</name>
<name key="Jappe, Michael" type="person" role="int">Jappe, Michael</name>
<name key="Viale, Angelo" type="person" role="int">Viale, Angelo</name>
<name key="Zehnder, Jean-Claude" type="person" role="int">Zehnder, Jean-Claude</name><title>Concert</title>
<placeName key="Basel, Leonhardskirche"/>
<name key="Concert" type="series"/>
<page><![CDATA[﻿F0UNDE ALTER MTJSIK IN BASEL Extrakonzert Mittwoch, den 4. Dezember 1974, 20.15 Uhr, in der Leonhardskirche
DREI KANTATEN VON JOHANN SEBASTIAN BACH]]></page>
<pb facs="CH_Bm_prg/pyr_CH_Bm_prg-0375.tif"/>
<page><![CDATA[﻿          PROGRAMM
          Johann Sebastian Bach
          Kantate zum 24. Sonntag nach Trinitatis BWV 26
ri
                  "ACH WIE FLUCHTIG, ACH WIE NICHTIG"
                           Sopran, Alt, Tenor, Bass, vierstimmiger Chor, Flauto tra-verso, drei Oboen, Streicher,
Continuo
          Kantate zum 22. Sonntag nach Trinitatis BWV 55
                  "ICH ARMER MENSCH, ICH SUNDENKNECHT"
                           Tenor, vierstimmiger Chor, Flauto traverso, Oboe d'amore, Streicher, Continuo
          Kantace zum 1. Advent BWV 62
                  "NUN KOMM, DER HEIDEN HEILAND"
                           Sopran, Alt, Tenor, Bass, vierstimmiger Chor, zwei Oboen, Streicher, Continuo

AUSFUHRENDE
Nigel Rogers, Tenor Kurt Widmer, Bass Almut Teichert, Sopran Marianne Steiner, Alt
Das Vokalensemble der Schola Cantorum Ba-siliensis
Hans-Martin Linde, Flauto traverso Sabine Degenhart, Flauto traverso Michel Piguet, Barockoboe Stanley King, Barockoboe Renate Hildebrand, Barockoboe Walter Stiftner, Barockfagott
Herbert Höver, Ursula Joubert-Kägi, Christophe3^ Schmidt, Miguel de la Fuente-, Yukimi Kambe, Heidy Leisinger, Violinen in alter Mensur
Dorothea Jappe und Christa Gross, Viola in alter Mensur
Michael Jappe, Violoncello in alter Mensur Angelo Viale, Violone
Jean-Claude Zehnder, Orgelpositiv
Leitung: HANS-MARTIN LINDE]]></page>
       
        </p>
    </body>
  </text>
</TEI>
