<?xml version="1.0" encoding="UTF-8"?>
<?xml-model href="http://www.tei-c.org/release/xml/tei/custom/schema/relaxng/tei_all.rng" schematypens="http://relaxng.org/ns/structure/1.0"?>
<TEI xmlns="http://www.tei-c.org/ns/1.0">
  <teiHeader>
    <fileDesc>
        <titleStmt>
            <title>BASEL</title>
        </titleStmt>
        <editionStmt>
            <edition>TEI P5.1 Edition</edition>
            <respStmt>
                <resp>
                    <persName>Claudio Bacciagaluppi</persName>
                    <persName>Laurent Pugin</persName>
                    <persName>Rodolfo Zitellini</persName>
                    <date when="2016-01">Janvier 2016</date>
                </resp>
                <name>Bureau Suisse du RISM</name>
            </respStmt>
        </editionStmt>
        <publicationStmt>
            <publisher><orgName xml:base="http://www.rism-ch.org">Bureau Suisse du RISM</orgName></publisher>
        </publicationStmt>
	    <seriesStmt>
	     <idno type="collection">ch_famb</idno>
	    </seriesStmt>
      <sourceDesc>
		<bibl>
        <title>Concert<date when="19520505">05/05/1952</date></title>
<series>Concert</series>
<placeName>Basel, Münstersaal des Bischofshofs</placeName>
<orgName role="holding">Archiv des Vereins Freunde alter Musik Basel; <link target="http://famb.ch/"/></orgName>

		</bibl>
      </sourceDesc>
    </fileDesc>
  </teiHeader>
  <text>
    <body>
        <p> <!-- all the content of the program in one paragraph -->
            <pb facs="CH_Bm_prg/pyr_CH_Bm_prg-0684.tif"/>
<date when="19520505"/>
<name key="Cabezón, Antonio de" type="person" role="cmp">Cabezón, Antonio de</name>
<name key="Mudarra, Alonso" type="person" role="cmp">Mudarra, Alonso</name>
<name key="Valderrábano, Enríquez de" type="person" role="cmp">Valderrábano, Enríquez de</name>
<name key="Milán, Luis" type="person" role="cmp">Milán, Luis</name><name key="Meili, Max" type="person" role="int">Meili, Max</name>
<name key="Wörsching, Fritz" type="person" role="int">Wörsching, Fritz</name>
<name key="Kägi, Valerie" type="person" role="int">Kägi, Valerie</name>
<name key="Rüegg, August" type="person" role="int">Rüegg, August</name><title>Concert</title>
<placeName key="Basel, Münstersaal des Bischofshofs"/>
<name key="Concert" type="series"/>
<page><![CDATA[﻿F A M B Freunde alter Musik in Basel
Montag, 5.Mai 1952 20.15 Uhr im Münstersaal des Bischofshofs
                                     II.	HAUSKONZERT
MUSIK UND DICHTUNG AUS SPANIEN
/.de Cabezon, A.de Mudarra, A.de Valderrabano,
                                         L.Milan
SCHOLA CANTORUM BASILIENSIS
Max Meili (Tenor); Fritz Wörsching (Laute); Valerie Kägi (Cembalo) unter freundlicher Mitwirkung von Herrn Prof.Dr.August Rüegg.
                  Programm 40 cts. Eintritt für Mitglieder frei, für Nichtmitglieder Fr.4.60 bei Hug & Co., Freiestrasse 70a und an der Abendkasse. Studenten, Konservatoristen und Berufsschüler der S^C.B. ermässigte Eintrittskarten zu Fr.2*90. Anmeldung zur Mitgliedschaft an die Aktuarin, Frau E.Stalder-Suter, Missionsstrasse 33-

Antonio de Cabezon
. 1510 - 1566
Alonso de Mudarra um 15^6
Anriquez de Valderrabano um 1547
Luis Milan
um 1535
Alonso de Mudarra Antonio de Cabezon
Luis Milan
Alonso de Mudarra
Variationen über das "Lied des Ritters" für Cembalo
Tiento in G für Laute
"Triste estaba" für Tenor und Laute
"Israel" für Tenor und Laute
Pavana und Gallarda in D für Laute
"Senora, si te olvidare" für Tenor und Laute
"Perdida tenyo la color" für Tenor und Laute
"Isabel" für Tenor und Laute
Variationen über "Pavana Italiana" und "Gallarda Mila-nesa" für Cembalo
Pavana in D für Laute "Durandarte" für Tenor und Laute
"La manana de Sant Juan" für Tenor und Laute
Voranzeige : 2 Sommerkonzerte der Schola Cantorum Basiliensis im Hans Huber Saal, 10. und 13-Juni 1952. I. J.S.Bach, Musika lisches Opfer, Tripelkonzert a-moll f.Flöte, Violine und Cemb lo. II. G.F.Händel, Concerto grosso, Triosonate, Kantate "Apollo und Daphne".]]></page>
       
        </p>
    </body>
  </text>
</TEI>
