<?xml version="1.0" encoding="UTF-8"?>
<?xml-model href="http://www.tei-c.org/release/xml/tei/custom/schema/relaxng/tei_all.rng" schematypens="http://relaxng.org/ns/structure/1.0"?>
<TEI xmlns="http://www.tei-c.org/ns/1.0">
  <teiHeader>
    <fileDesc>
        <titleStmt>
            <title>BASEL</title>
        </titleStmt>
        <editionStmt>
            <edition>TEI P5.1 Edition</edition>
            <respStmt>
                <resp>
                    <persName>Claudio Bacciagaluppi</persName>
                    <persName>Laurent Pugin</persName>
                    <persName>Rodolfo Zitellini</persName>
                    <date when="2016-01">Janvier 2016</date>
                </resp>
                <name>Bureau Suisse du RISM</name>
            </respStmt>
        </editionStmt>
        <publicationStmt>
            <publisher><orgName xml:base="http://www.rism-ch.org">Bureau Suisse du RISM</orgName></publisher>
        </publicationStmt>
	    <seriesStmt>
	     <idno type="collection">ch_famb</idno>
	    </seriesStmt>
      <sourceDesc>
		<bibl>
        <title>Concert<date when="19870121">21/01/1987</date></title>
<series>Concert</series>
<placeName>Basel, Historisches Museum (Chor der Barfüsserkirche)</placeName>
<orgName role="holding">Archiv des Vereins Freunde alter Musik Basel; <link target="http://famb.ch/"/></orgName>

		</bibl>
      </sourceDesc>
    </fileDesc>
  </teiHeader>
  <text>
    <body>
        <p> <!-- all the content of the program in one paragraph -->
            <pb facs="CH_Bm_prg/pyr_CH_Bm_prg-1395.tif"/>
<date when="19870121"/>
<name key="Du Fay, Guillaume" type="person" role="cmp">Dufay, Guillaume</name>
<name key="Pierre des Molins" type="person" role="cmp">Pierre des Molins</name>
<name key="Anonymus" type="person" role="cmp">Anonymus</name>
<name key="Domenico da Piacenza" type="person" role="cmp">Domenico da Piacenza</name>
<name key="Cornazzano, Antonio" type="person" role="cmp">Cornazzano, Antonio</name>
<name key="Dunstaple, John" type="person" role="cmp">Dunstaple, John</name>
<name key="Martini, Johannes" type="person" role="cmp">Martini, Johannes</name>
<name key="Landini, Francesco" type="person" role="cmp">Landini, Francesco</name><name key="Arfken, Katharina" type="person" role="int">Arfken, Katharina</name>
<name key="Cook, Randall" type="person" role="int">Cook, Randall</name>
<name key="Welker, Lorenz" type="person" role="int">Welker, Lorenz</name>
<name key="Young, Crawford" type="person" role="int">Young, Crawford</name>
<name key="Cook, Randall" type="person" role="int">Cook, Randall</name>
<name key="Schickhaus, Karl-Heinz" type="person" role="int">Schickhaus, Karl-Heinz</name>
<name key="Gomez, Debra" type="person" role="int">Gomez, Debra</name>
<name key="Moirandat, Alain" type="person" role="int">Moirandat, Alain</name><title>Concert</title>
<placeName key="Basel, Historisches Museum (Chor der Barfüsserkirche)"/>
<name key="Concert" type="series"/>
<page><![CDATA[﻿                           2.	KONZERT
     Mi., 21. und Do., 22. Januar 1987 jeweils 20.15 Uhr in der Barfüsserkirche
     Italienische Musik zu einem Renaissance-Fest
     DAS FERRARA-ENSEMBLE DER SCHOLA CANTORUM BASILIENSIS
     Alta Capella
     Randall Cook, Schalmei Katharina Arfken, Schalmei, Pommer Lorenz Welker, Zugtrompete
     Citharedi
     Crawford Young, Laute Rands’] Cook, Viella Debra Gomez, Harfe Karl-Heinz Schickhaus, Hackbrett
     Gebäck und Konfekt nach Rezepten von Meister Hanns von 1460 zubereitet von Alain Moirandat
     Hinweis
2.	Extrakonzert der "Freunde alter Musik in Basel"
Mittwoch, 25. Februar 1987, 20.15 Uhr, Grösser Saal der Musik-Akademie: Ludwig van Beethoven: Sonaten für Pianoforte und Violine Jos van Immerseel (Pianoforte) und Jaap Schröder (Violine)

4
            PROGRAMM
                       ALTA CAPELLA
Guillaume Dufay	Resvelons nous
c. 1400-1474	Je ne puis plus
Pierre des Molins	Amis, tout dous vis
14. Jh.
                          CITHAREDI
Anonymus	Rostiboli
                                Franco cuore gentile Domenico da Piacenza	La Figlia Guiliemino
c.1400-1470
                           *****
                      ALTA CAPELLA
Anonymus	Tant plus vous voy
Antonio Cornazano (?)	La Spagna
c.1430-1484
John Dunstable	Puisque m'amours
13 70-14 53
                       CITHAREDI
Anonymus/Johannes Martini	Fortuna desperata
c.1440-c.14 79
Anonymus	Franchoise nouvelle
                               La danza ravestain La danza cleves
                                            *	* * * *
                       CITHAREDI
Antonio Cornazano (?) Domenico da Piacenza
Anonymus
El ferrarese Amoroso Leoncello Petit vriens
                      ALTA CAPELLA
Guillaume Dufay Francesco Landini 14. Jh.
Anonymus
Navr6 je suy Lasso 1 di donna
L'esperance de Bourbon]]></page>
       
        </p>
    </body>
  </text>
</TEI>
