<?xml version="1.0" encoding="UTF-8"?>
<?xml-model href="http://www.tei-c.org/release/xml/tei/custom/schema/relaxng/tei_all.rng" schematypens="http://relaxng.org/ns/structure/1.0"?>
<TEI xmlns="http://www.tei-c.org/ns/1.0">
  <teiHeader>
    <fileDesc>
        <titleStmt>
            <title>BASEL</title>
        </titleStmt>
        <editionStmt>
            <edition>TEI P5.1 Edition</edition>
            <respStmt>
                <resp>
                    <persName>Claudio Bacciagaluppi</persName>
                    <persName>Laurent Pugin</persName>
                    <persName>Rodolfo Zitellini</persName>
                    <date when="2016-01">Janvier 2016</date>
                </resp>
                <name>Bureau Suisse du RISM</name>
            </respStmt>
        </editionStmt>
        <publicationStmt>
            <publisher><orgName xml:base="http://www.rism-ch.org">Bureau Suisse du RISM</orgName></publisher>
        </publicationStmt>
	    <seriesStmt>
	     <idno type="collection">ch_famb</idno>
	    </seriesStmt>
      <sourceDesc>
		<bibl>
        <title>Concert<date when="19841017">17/10/1984</date></title>
<series>Concert</series>
<placeName>Basel, Martinskirche</placeName>
<orgName role="holding">Archiv des Vereins Freunde alter Musik Basel; <link target="http://famb.ch/"/></orgName>

		</bibl>
      </sourceDesc>
    </fileDesc>
  </teiHeader>
  <text>
    <body>
        <p> <!-- all the content of the program in one paragraph -->
            <pb facs="CH_Bm_prg/pyr_CH_Bm_prg-1353.tif"/>
<date when="19841017"/>
<name key="Handel, George Frideric" type="person" role="cmp">Händel, Georg Friedrich</name>
<name key="Scarlatti, Domenico" type="person" role="cmp">Scarlatti, Domenico</name>
<name key="Bach, Johann Sebastian" type="person" role="cmp">Bach, Johann Sebastian</name>
<name key="Cesare, Giovanni Martino" type="person" role="cmp">Cesare, Giovanni Martino</name>
<name key="Riccio, Giovanni Battista" type="person" role="cmp">Riccio, Giovanni Battista</name>
<name key="Merula, Tarquinio" type="person" role="cmp">Merula, Tarquinio</name>
<name key="Frescobaldi, Girolamo Alessandro" type="person" role="cmp">Frescobaldi, Girolamo</name>
<name key="Selma y Salaverde, Bartolomé de" type="person" role="cmp">Selma y Salaverde, Bartolomé de</name>
<name key="Fontana, Giovanni Battista" type="person" role="cmp">Fontana, Giovanni Battista</name>
<name key="Castello, Dario" type="person" role="cmp">Castello, Dario</name><name key="Brüggen, Frans" type="person" role="int">Brüggen, Frans</name>
<name key="Leonhardt, Gustav" type="person" role="int">Leonhardt, Gustav</name><title>Concert</title>
<placeName key="Basel, Martinskirche"/>
<name key="Concert" type="series"/>
<page><![CDATA[﻿Freunde Alter Musik in Basel
  Mittwoch, 17. Oktober 1984., 20.15 Uhr, Martinskirche]]></page>
<pb facs="CH_Bm_prg/pyr_CH_Bm_prg-1354.tif"/>
<page><![CDATA[﻿Frans Brüggen Gustav Leonhardt
Blockflöte, Traversflöte Cembalo
PROGRAMM
Georg Friedrich Händel 1685 - 1759
Sonate a-moll op. 1, 4 Larghetto-Allegro-Adagio-Allegro
Domenico Scarlatti
Sonaten für Cembalo
No. 3, 69, 172, 87, 192, 193
1685 - 1757
Johann Sebastian Bach
Sonate h-moll BWV 1030 Andante-Largo e dolce-Presto/Allei
1685 - 1750
              PAUSE
Canzone, Sonate e Toccate aus dem frühen 17. Jahrhundert:
           Cembalo in italienischer Mensur von Bernhardt Edskes Cembalo nach Taskin von William Dowd
           Hinweis
2.	Konzert: 28. und 29. (Wiederholung) November 1984, jeweils
           20.15	Uhr, Grösser Saal der Musik-Akademie
           Le Vergine - musica di Cipriano Rore Fantasie del divino Francesco da Milano
           Das Hilliard-Ensemble, London; Anthony Bailes (Laute)
Giovanni Martino Cesare
München 1621 Venedig 1612 Venedig 1624 Rom	1637
Giovanni Battista Riccio
Tarquinio Merula
Girolamo Frescobaldi
Fray Bartlomd de Selma y Salaverde
Giovanni Battista Fontana
Dario Castello
Venedig 1638 Venedig 1641 Venedig 1629
]]></page>
       
        </p>
    </body>
  </text>
</TEI>
