<?xml version="1.0" encoding="UTF-8"?>
<?xml-model href="http://www.tei-c.org/release/xml/tei/custom/schema/relaxng/tei_all.rng" schematypens="http://relaxng.org/ns/structure/1.0"?>
<TEI xmlns="http://www.tei-c.org/ns/1.0">
  <teiHeader>
    <fileDesc>
        <titleStmt>
            <title>BASEL</title>
        </titleStmt>
        <editionStmt>
            <edition>TEI P5.1 Edition</edition>
            <respStmt>
                <resp>
                    <persName>Claudio Bacciagaluppi</persName>
                    <persName>Laurent Pugin</persName>
                    <persName>Rodolfo Zitellini</persName>
                    <date when="2016-01">Janvier 2016</date>
                </resp>
                <name>Bureau Suisse du RISM</name>
            </respStmt>
        </editionStmt>
        <publicationStmt>
            <publisher><orgName xml:base="http://www.rism-ch.org">Bureau Suisse du RISM</orgName></publisher>
        </publicationStmt>
	    <seriesStmt>
	     <idno type="collection">ch_famb</idno>
	    </seriesStmt>
      <sourceDesc>
		<bibl>
        <title>Season<date when="19480223">23/02/1948</date></title>
<series>Season</series>
<placeName>Basel, Vortragssaal des Kunstmuseums</placeName>
<orgName role="holding">Archiv des Vereins Freunde alter Musik Basel; <link target="http://famb.ch/"/></orgName>

		</bibl>
      </sourceDesc>
    </fileDesc>
  </teiHeader>
  <text>
    <body>
        <p> <!-- all the content of the program in one paragraph -->
            <pb facs="CH_Bm_prg/pyr_CH_Bm_prg-0017.tif"/>
<date when="19480223"/>
<name key="Bach, Johann Sebastian" type="person" role="cmp">Bach, Johann Sebastian</name>
<name key="Rameau, Jean-Philippe" type="person" role="cmp">Rameau, Jean-Philippe</name>
<name key="Couperin, François" type="person" role="cmp">Couperin, François</name>
<name key="Veracini, Antonio" type="person" role="cmp">Veracini, Antonio</name>
<name key="Gabrielli, Domenico" type="person" role="cmp">Gabrielli, Domenico</name>
<name key="Lonati, Carlo Ambrogio" type="person" role="cmp">Lonati, Carlo Ambrogio</name>
<name key="Pergolesi, Giovanni Battista" type="person" role="cmp">Pergolesi, Giovanni Battista</name>
<name key="Locatelli, Pietro Antonio" type="person" role="cmp">Locatelli, Pietro Antonio</name>
<name key="Bach, Johann Sebastian" type="person" role="cmp">Bach, Johann Sebastian</name>
<name key="Mozart, Wolfgang Amadeus" type="person" role="cmp">Mozart, Wolfgang Amadeus</name>
<name key="Haydn, Joseph" type="person" role="cmp">Haydn, Joseph</name>
<name key="Senfl, Ludwig" type="person" role="cmp">Senfl, Ludwig</name>
<name key="Coprario, John" type="person" role="cmp">Coperario, John</name>
<name key="Dowland, John" type="person" role="cmp">Dowland, John</name>
<name key="Lawes, William" type="person" role="cmp">Lawes, William</name>
<name key="Weelkes, Thomas" type="person" role="cmp">Weelkes, Thomas</name>
<name key="Tomkins, Thomas" type="person" role="cmp">Tomkins, Thomas</name>
<name key="Gabrieli, Giovanni" type="person" role="cmp">Gabrieli, Giovanni</name>
<name key="Monteverdi, Claudio" type="person" role="cmp">Monteverdi, Claudio</name>
<name key="Lotti, Antonio" type="person" role="cmp">Lotti, Antonio</name>
<name key="Scarlatti, Domenico" type="person" role="cmp">Scarlatti, Domenico</name>
<name key="Vinci, Leonardo" type="person" role="cmp">Vinci, Leonardo</name>
<name key="Telemann, Georg Philipp" type="person" role="cmp">Telemann, Georg Philipp</name>
<name key="Bach, Johann Sebastian" type="person" role="cmp">Bach, Johann Sebastian</name>
<name key="Handel, George Frideric" type="person" role="cmp">Händel, Georg Friedrich</name><name key="Müller, Eduard" type="person" role="int">Müller, Eduard</name>
<name key="Felicani, Rodolfo" type="person" role="int">Felicani, Rodolfo</name>
<name key="Wenzinger, August" type="person" role="int">Wenzinger, August</name>
<name key="Kägi, Valerie" type="person" role="int">Kägi, Valerie</name>
<name key="Scherz-Meister, Elsa" type="person" role="int">Scherz-Meister, Elsa</name>
<name key="Dietschy, Ursula" type="person" role="int">Dietschy, Ursula</name>
<name key="Helbling, Maria" type="person" role="int">Helbling, Maria</name>
<name key="Meili, Max" type="person" role="int">Meili, Max</name>
<name key="Luther, Jean-Pierre" type="person" role="int">Luther, Jean-Pierre</name>
<name key="Amsler, Marie" type="person" role="int">Amsler, Marie</name>
<name key="Baccelli, Umberto" type="person" role="int">Baccelli, Umberto</name>
<name key="Benda, Hans J." type="person" role="int">Benda, Hans J.</name>
<name key="Bopp, Joseph" type="person" role="int">Bopp, Joseph</name>
<name key="Felicani, Rodolfo" type="person" role="int">Felicani, Rodolfo</name>
<name key="Flügel, Gertrud" type="person" role="int">Flügel, Gertrud</name>
<name key="Hammer, Rudolf" type="person" role="int">Hammer, Rudolf</name>
<name key="Kägi, Valerie" type="person" role="int">Kägi, Valerie</name>
<name key="Kägi, Walter" type="person" role="int">Kägi, Walter</name>
<name key="Leonhardt, Gustav" type="person" role="int">Leonhardt, Gustav</name>
<name key="Majer, Marianne" type="person" role="int">Majer, Marianne</name>
<name key="Müller, Eduard" type="person" role="int">Müller, Eduard</name>
<name key="Stange, Anita" type="person" role="int">Stange, Anita</name>
<name key="Scheck, Gustav" type="person" role="int">Scheck, Gustav</name>
<name key="Viale, Angelo" type="person" role="int">Viale, Angelo</name>
<name key="Wenzinger, August" type="person" role="int">Wenzinger, August</name>
<name key="Wenzinger, Maya" type="person" role="int">Wenzinger, Maya</name>
<name key="Wörsching, Fritz" type="person" role="int">Wörsching, Fritz</name>
<name key="Scherz-Meister, Elsa" type="person" role="int">Scherz-Meister, Elsa</name>
<name key="Dietschy, Ursula" type="person" role="int">Dietschy, Ursula</name>
<name key="Helbling, Maria" type="person" role="int">Helbling, Maria</name>
<name key="Meili, Max" type="person" role="int">Meili, Max</name>
<name key="Luther, Jean-Pierre" type="person" role="int">Luther, Jean-Pierre</name>
<name key="Amsler, Marie" type="person" role="int">Amsler, Marie</name>
<name key="Baccelli, Umberto" type="person" role="int">Baccelli, Umberto</name>
<name key="Benda, Hans J." type="person" role="int">Benda, Hans J.</name>
<name key="Bopp, Joseph" type="person" role="int">Bopp, Joseph</name>
<name key="Felicani, Rodolfo" type="person" role="int">Felicani, Rodolfo</name>
<name key="Flügel, Gertrud" type="person" role="int">Flügel, Gertrud</name>
<name key="Hammer, Rudolf" type="person" role="int">Hammer, Rudolf</name>
<name key="Kägi, Valerie" type="person" role="int">Kägi, Valerie</name>
<name key="Kägi, Walter" type="person" role="int">Kägi, Walter</name>
<name key="Leonhardt, Gustav" type="person" role="int">Leonhardt, Gustav</name>
<name key="Majer, Marianne" type="person" role="int">Majer, Marianne</name>
<name key="Müller, Eduard" type="person" role="int">Müller, Eduard</name>
<name key="Stange, Anita" type="person" role="int">Stange, Anita</name>
<name key="Scheck, Gustav" type="person" role="int">Scheck, Gustav</name>
<name key="Viale, Angelo" type="person" role="int">Viale, Angelo</name>
<name key="Wenzinger, August" type="person" role="int">Wenzinger, August</name>
<name key="Wenzinger, Maya" type="person" role="int">Wenzinger, Maya</name>
<name key="Wörsching, Fritz" type="person" role="int">Wörsching, Fritz</name>
<name key="Scherz-Meister, Elsa" type="person" role="int">Scherz-Meister, Elsa</name>
<name key="Dietschy, Ursula" type="person" role="int">Dietschy, Ursula</name>
<name key="Helbling, Maria" type="person" role="int">Helbling, Maria</name>
<name key="Meili, Max" type="person" role="int">Meili, Max</name>
<name key="Luther, Jean-Pierre" type="person" role="int">Luther, Jean-Pierre</name>
<name key="Amsler, Marie" type="person" role="int">Amsler, Marie</name>
<name key="Baccelli, Umberto" type="person" role="int">Baccelli, Umberto</name>
<name key="Benda, Hans J." type="person" role="int">Benda, Hans J.</name>
<name key="Bopp, Joseph" type="person" role="int">Bopp, Joseph</name>
<name key="Felicani, Rodolfo" type="person" role="int">Felicani, Rodolfo</name>
<name key="Flügel, Gertrud" type="person" role="int">Flügel, Gertrud</name>
<name key="Hammer, Rudolf" type="person" role="int">Hammer, Rudolf</name>
<name key="Kägi, Valerie" type="person" role="int">Kägi, Valerie</name>
<name key="Kägi, Walter" type="person" role="int">Kägi, Walter</name>
<name key="Leonhardt, Gustav" type="person" role="int">Leonhardt, Gustav</name>
<name key="Majer, Marianne" type="person" role="int">Majer, Marianne</name>
<name key="Müller, Eduard" type="person" role="int">Müller, Eduard</name>
<name key="Stange, Anita" type="person" role="int">Stange, Anita</name>
<name key="Scheck, Gustav" type="person" role="int">Scheck, Gustav</name>
<name key="Viale, Angelo" type="person" role="int">Viale, Angelo</name>
<name key="Wenzinger, August" type="person" role="int">Wenzinger, August</name>
<name key="Wenzinger, Maya" type="person" role="int">Wenzinger, Maya</name>
<name key="Wörsching, Fritz" type="person" role="int">Wörsching, Fritz</name>
<name key="Bopp, Joseph" type="person" role="int">Bopp, Joseph</name>
<name key="Wenzinger, August" type="person" role="int">Wenzinger, August</name>
<name key="Müller, Eduard" type="person" role="int">Müller, Eduard</name><title>Season</title>
<placeName key="Basel, Vortragssaal des Kunstmuseums"/>
<name key="Season" type="series"/>
<page><![CDATA[﻿Fremde alter Musik in Basel
GENERALPROGRAMM 1948
Basel, Ende Januar 1948.
  Sehr geehrte Dame, sehr geehrter Herr !
  Wir beehren uns, Ihnen das Generalprogramm 1948 zu überreichen und Sie zum Besuche unserer Konzerte und, soweit Sie nicht schon Mitglied sind, zum Beitritt zu unserem Verein höflich einzuladen.
  Der Verein «Freunde alter Musik in Basel» wurde im Jahre 1942 gegründet, um durch den Zusammenschluß aller Freunde alter Musik die stilgerechte Aufführung älterer Musikwerke unter möglichst genauer Berücksichtigung ihrer historischen Voraussetzungen in regelmäßigen Zyklen zu ermöglichen.
  Der Verein veranstaltet jährlich %wei bis drei öffentliche Konzerte sowie drei Hauskonzerte in intimerem Rahmen. Mitglieder haben freien Eintritt zu den drei Hauskonzerten und für die öffentlichen Konzerte das Recht zum Bezug Von Mitglieder-Abonnements zu halben Preisen. (Über die Höhe der Mitgliederbeiträge und Vergünstigungen siehe Rückseite.)
  Uber die Konzerttätigkeit orientiert Sie das umstehende Generalprogramm 1948, sowie der ebenfalls beiliegende Jahresbericht 1947. Für unsere Mitglieder legen wir außerdem einen Einzahlungsschein für den Jahresbeitrag 1948, sowie ein weiteres Generalprogramm samt Beitrittserklärung zu Werbezwecken im Familien- und Bekanntenkreise bei. Weitere Exemplare können bei der Sekretärin Frau A. Sulger-Vischer, Malzgasse 21, bezogen werden.
Wir bitten Sie um Einzahlung des Mitgliederbeitrages resp. um Einsendung der Beitrittserklärung bis spätestens 10. Februar 1948,]]></page>
<pb facs="CH_Bm_prg/pyr_CH_Bm_prg-0018.tif"/>
<page><![CDATA[﻿damit wir Ihnen die Mitgliederkarte, welche als Ausweis zum freien Eintritt zu den Hauskonzerten gilt, noch rechtzeitig vor dem
I.	Hauskonzert zustcllen können.
GENERALPROGRAMM 1948
 ©rei öffentliche äongevte
   Unser diesjähriges Generalprogramm sieht wie üblich drei Hauskonzerte und drei öffentliche Konzerte vor.
   Im I. der drei öffentlichen Sommerkonzerte wird die Reihe der Bachschen konzertanten Kammermusiken fortgesetzt. Das II. Sommerkonzert möchte mit zwei unveröffentlichten Werken Jos. Haydns und einem selten gehörten Divertimento von W. A. Mozart unsere Kenntnis dieser Meister bereichern. Durch die Wiedergabe auf den originalmensurierten Instrumenten dürften wir dem alten Klangbild näherkommen und dadurch einmal die Verflechtung jener beiden Meister mit ihrer Umwelt stärker empfinden. In eine ganz andere Welt führt uns das III. Sommerkonzert, das am 12. Juni als «Serenade» mit ernster und heiterer Musik aus dem 16. und 17. Jahrhundert im Schloßhof der Ruine Birseck durchgeführt werden soll.
   Als auswärtiges Ensemble konzertiert im III. Hauskonzert die Vereinigung «Musica antiqua» aus Amsterdam zum erstenmal in Basel. Das bestgerühmte Quartett wird weniger bekannte, meist unveröffentlichte Werke des Hochbarocks vortragen. Im I. Hauskonzert wird Eduard Müller die Verwendung des Cembalos als des Hauptimtrumentes barocker Kammermusik zeigen; im II. Hauskonzert spielen Rodolfo Felicani, August Wenzinger und Valerie Kägi italienische Trio-Sonaten.
   Die drei Hauskonzerte werden wie in früheren Jahren im Vortragssaal des Kunstmuseums durchgeführt werden.
Mit vorzüglicher Hochachtung Der Vorstand der «Freunde alter Musik in Basel»
©rei >><iu0fim;erfe
I.	HAUS KONZERT
Montag, 23. Februar, 20.15 Uhr Vortragssaal des Kunstmuseums (Eingang Dufourstraße) Eduard Müller Cembalo-Abend Couperin, Scarlatti, Rameau, Bach
II.	HAUSKONZERT
Montag, 22. März, 20.15 Uhr
Vortragssaal des Kunstmuseums (Eingang Dufourstraße)
Rodolfo Felicani (Violine), August Wenzinger (Violoncello), Valerie Kägi (Cembalo)
Italienische Sonaten
Veracini, Lonati, Locatelli, Marcello, Sammartini, Scarlatti
III. HAUSKONZERT
Dr. Erwin Frey (Präsident)
Prof. Dr. Werner Kaegi (Vizepräsident) Max Leu (Kassier)
Frau Elisabeth Stalder-Suter ( Aktuar in)
Frau Antoinette Sulger- Vischer (Sekretärin)
 Paul Baumgartner
 Dr. med. Ernst Buchmann
 Dr. Paul Geßler
 Dr. Walter Nef
 Paul Sacher
 Frau Philis v. Salis
 Paul Trüdinger
 Alfred Von der Miihll
Samstag, 23. Oktober, 20.15 Uhr
Vortragssaal des Kunstmuseums (Eingang Dufourstraße)
Musica Antica, Amsterdam: Johan Feltkamp (Flöte), Nicholas Roth (Violine), Carel van Leeuwen Boomkamp (Viola da Gamba), Hans Brandts Buys (Leitung und Cembalo)
Telemann, Kühnei, Guillemain, Locatelli, J. S. Bach
     Verstärkte Konzertgruppe der Schola Cantorum Basiliensis Elsa Scherz-Meister (Sopran), Maria Helbling (Alt), Max Meili (Tenor), George Joyce (Baß), Joseph Bopp, Rodolfo Felicani, Gertrud Flügel, Valerie Kägi, Walter Kägi, Marianne Majer, Eduard Müller, August Wenzinger, Maya Wenzinger, Fritz Wörsching (Instrumente)
     Verantwortlich für die Aufführungen: August Wenzinger
1. KONZERT
Dienstag, 11. Mai, 20.15 Uhr
Hans Huber-Saal
fohann Sebastian Bach
h-moll Suite, Doppelkonzert für zwei Violinen,
Suite für Violoncello solo, Viertes Brandenburgisches Konzert
II.	KONZERT
Donnerstag, 13. Mai, 20.15 Uhr
Hans Huber-Saal
foseph Haydn - Wolfgang Amadeus Mozart
Haydn: Divertimento F-dur für Streichquartett, Cembalokonzert F-dur, Divertimento D-dur für Viola da gamba, Streicher und Hörner Mozart: Lodron’sche Nachtmusik
III. KONZERT
Samstag, 12. Juni, 20.30 Uhr Schloß Birseck Serenade
Gesang und Spiel aus dem 16. und 17. Jahrhundert Ludwig Senfl, Claudin de Sermisy, Jannequin, Dowland, Locke, Gibbons]]></page>
<pb facs="CH_Bm_prg/pyr_CH_Bm_prg-0019.tif"/>
<page><![CDATA[﻿&erßuntftßuii<Kti
FÜR MITGLIEDER mit einem Jahresbeitrag von Fr. ro.—
(Personen unter 20 Jahren, Studenten, interne Konservatoristen und Berufsschüler der Schola Cantorum Basiliensis Fr. j.—)
Freier Eintritt zu jährlich drei Hauskonzerten
Vorbezugsrecht auf ein Mitgliederabonnement für die öffentlichen Konzerte zum Preise von Fr. 4.40, 6.60 8.80 je nach Platzkategorie
Vorbezugsrecht auf je eine ermäßigte Einzelkarte zu den öffentlichen Konzerten anstelle des Mitgliederabonnements
FÜR F R E I M ITG LI E D E R
mit einem Jahresbeitrag von mindestens Fr. 2j.—
Freier Eintritt zu den Hauskonzerten und zu den öffentlichen Konzerten auf Platzkategorie I mit Vorbezugsrecht gegenüber allen ändern Mitgliedern
An Nichtmitglieder werden keine Abonnements ausgegeben
PREISE DER EINZELKARTEN
Hauskonzerte Fr. 3.30 (Mitglieder frei)
öffentliche Konzerte Fr. 3.30 (Mitglieder 2.20), Fr. 4.40 (Mitglieder 3.30)
Fr. 5.50 (Mitglieder 4.40)
Der Mitgliederbeitrag ist bis zum 10. Februar 1948 auf Postcheck-konto V 16 145 einzubezahlen. Wir nehmen an, daß es Mitgliedern, welche bis zu diesem Datum ihren Beitrag nicht bezahlt haben, angenehmer ist, wenn er per Postnachnahme erhoben wird
Anmeldung zur Mitgliedschaft an die Aktuarin,
Frau E. Stalder-Suter, Missionsstraße 31, Basel
]]></page>
       
        </p>
    </body>
  </text>
</TEI>
