<?xml version="1.0" encoding="UTF-8"?>
<?xml-model href="http://www.tei-c.org/release/xml/tei/custom/schema/relaxng/tei_all.rng" schematypens="http://relaxng.org/ns/structure/1.0"?>
<TEI xmlns="http://www.tei-c.org/ns/1.0">
  <teiHeader>
    <fileDesc>
        <titleStmt>
            <title>BASEL</title>
        </titleStmt>
        <editionStmt>
            <edition>TEI P5.1 Edition</edition>
            <respStmt>
                <resp>
                    <persName>Claudio Bacciagaluppi</persName>
                    <persName>Laurent Pugin</persName>
                    <persName>Rodolfo Zitellini</persName>
                    <date when="2016-01">Janvier 2016</date>
                </resp>
                <name>Bureau Suisse du RISM</name>
            </respStmt>
        </editionStmt>
        <publicationStmt>
            <publisher><orgName xml:base="http://www.rism-ch.org">Bureau Suisse du RISM</orgName></publisher>
        </publicationStmt>
	    <seriesStmt>
	     <idno type="collection">ch_famb</idno>
	    </seriesStmt>
      <sourceDesc>
		<bibl>
        <title>Concert<date when="19920322">22/03/1992</date></title>
<series>Concert</series>
<placeName>Basel, Grosser Saal der Musik-Akademie</placeName>
<orgName role="holding">Archiv des Vereins Freunde alter Musik Basel; <link target="http://famb.ch/"/></orgName>

		</bibl>
      </sourceDesc>
    </fileDesc>
  </teiHeader>
  <text>
    <body>
        <p> <!-- all the content of the program in one paragraph -->
            <pb facs="CH_Bm_prg/pyr_CH_Bm_prg-0807.tif"/>
<date when="19920322"/>
<name key="Galilei, Michelangelo" type="person" role="cmp">Galilei, Michelangelo</name>
<name key="Monteverdi, Claudio" type="person" role="cmp">Monteverdi, Claudio</name>
<name key="Saracini, Claudio" type="person" role="cmp">Saracini, Claudio</name>
<name key="Strozzi, Barbara" type="person" role="cmp">Strozzi, Barbara</name>
<name key="Piccinini, Alessandro" type="person" role="cmp">Piccinini, Alessandro</name>
<name key="Carissimi, Giacomo" type="person" role="cmp">Carissimi, Giacomo</name>
<name key="Lawes, William" type="person" role="cmp">Lawes, William</name>
<name key="Lawes, Henry" type="person" role="cmp">Lawes, Henry</name>
<name key="Blow, John" type="person" role="cmp">Blow, John</name>
<name key="Weldon, John" type="person" role="cmp">Weldon, John</name><name key="Kirkby, Emma" type="person" role="int">Kirkby, Emma</name>
<name key="Rooley, Anthony" type="person" role="int">Rooley, Anthony</name><title>Concert</title>
<placeName key="Basel, Grosser Saal der Musik-Akademie"/>
<name key="Concert" type="series"/>
<page><![CDATA[﻿Freunde alter Musik
50. Saison
3. Extra konzerf
 Sonntag, 22. März 1992, 20.15 Uhr Grösser Saal der Musik-Akademie Basel
]]></page>
<pb facs="CH_Bm_prg/pyr_CH_Bm_prg-0808.tif"/>
<page><![CDATA[﻿Das 17. Jahrhundert war vermutlich die klassische Zeit des Sologesanges. Der neue monodische Stil provoziertevor allem in Italien alle nur denkbaren Experimente im Spannungsfeld von Sprache, Musik und szenischer Darstellung. Die erfolgreichste neue Gattung wurde die Oper, in der der neue Stil gleichsam amalgamiert wurde. Das Repertoire an Opern und kleineren dramatischen Formen dieser Zeit ist nahezu unübersehbar, und dies nicht nur in Italien. Daher ist es nicht erstaunlich, wenn es viele Meisterwerke jener Epoche erst noch zu entdecken gilt.
                   Emma Kirkby und Anthony Rooley stellen einige davon vor und teilen ihre Auswahl in einen italienischen und einen englischen Block. Thematisch verbunden sind die Vokalstücke durch die klagende Grundhaltung einer weiblichen Figur. Claudio Monteverdi schuf mit seinem berühmten „Lamento d'Arianna" (dem einzigen überlieferten Stück seiner gleichnamigen Oper von 1608) den Prototyp des monodisch-dramatischen „Lamentos". Ariadne besingt in allen Graden der Verzweiflung ihr Schicksal, nachdem der treulose Theseus sie auf der Insel Naxos zurückgelassen hat.
                    Barbara Strozzi, literarisch wie musikalisch hochgebildet, konnte sich als angenommene Tochter eines kunstsinnigen Venezianer Patriziers ganz ihren musischen Neigungen widmen. Im einleitenden Rezitativ ihrer Kantate wird das Singen selbst thematisiert, wenn die zurückgewiesene Liebhaberin - ganz rational - zunächst nach dem passenden musikalischen Ausdruck für ihre Empfindung („senso’) fragt und anschließend verschiedene Arien-Typen ausprobiert. Die Musik wird auf diese Weise zum Diskussionsgegenstand ihrer selbst.
                  Giacomo Carissimis Lamento der Maria Stuart schlägt thematisch den Bogen nach Großbritannien. Hier gab es eine noch weiter zurückreichende Tradition für musikalische „Klagen', wie z.B. an John Dowlands (instrumentalen) „Lachrimae' von 1604 deutlich wird. Henry Lawes' Vertonung der Ariadne-Klage auf dem Hintergrund des englischen Erbes bietet Gelegenheit zu einem Vergleich mit Monteverdis Konzeption. Die legendäre griechische Dichterin Sappho schließlich schüttet - in einer Version von John Blow - ihr von vergeblicher Liebe zerrissenes Herz der Venus aus.
                    Eine Arie der Venus selbst bildet schließlich den versöhnlichen Abschluß der Liebesklagen. Die Liebesgöttin „überredet" darin Paris, ihr den berühmten Apfel zuzusprechen, indem sie seiner

Eitelkeit auf recht drastische Weise schmeichelt. Die Arie stammt aus John Weldons nahezu unbekannter AAasque „The Judgement of Paris" von 1 701, nach einem Text von William Congreve. Weldon gewann mit diesem Bühnenwerk einen Kompositionswettbewerb vor John Eccles, dessen unterlegene, aber späterhin erfolgreichere Vertonung des Librettos die Schola Cantorum Basiliensis unter Anthony Rooleys Leitung am 27. März vorstellen wird.
                   Werke für Laute allein, in den ungebundenen Formen Toccata und Präludium, leiten jeweils die Gesangsteile ein. Hierzu nur ein kurzer Hinweis: Michelangelo Galilei, der als Lautenist am Münchner Hof tätig war, ist der jüngere Bruder des berühmte Astronomen.
Thomas Drescher
Emma Kirkby, vielbewunderte Sopranistin im Bereich der „alten Musik", studierte klassische Philologie in Oxford und nahm dann Gesangsstunden bei Jessica Cash. Im praktischen Musikleben bildete sie sich weiter fort. Ihre Tätigkeit umfasst die Arbeit im Ensemble „The Consort of Musicke" unter Leitung von Anthony Rooley - zuweilen auch im Duo mit Rooley wie heute Abend - sowie Verpflichtungen als S^stin in der ganzen Welt. Ungewöhnlich zahlreiche Schallplatteneinsp^P lungen sind Zeugnis für die Vielfalt ihres Repertoires und für die Wertschätzung, die sie beim Publikum genießt.
Anthony Rooley, hat sich auf verschiedenen Gebieten der „alten Musik" profiliert: als Lautenist, als Leiter des „Consort of Musicke" und nicht zuletzt als Produzent von Aufführungen im Bereich des Musiktheaters vom 16. bis 18. Jahrhundert. Bei seiner Tätigkeit ist es ihm ein besonderes Anliegen, unbekanntes und qualitätvolles Repertoire des genannten Zeitraums im Kontext des kulturellen Umfeldes jener Zeit wieder ins musikalische Bewußtsein zu heben. Seine vielen maßstab-setzenden Schallplattenproduktionen zeigen den Erfolg seiner Bemühungen.]]></page>
<pb facs="CH_Bm_prg/pyr_CH_Bm_prg-0809.tif"/>
<page><![CDATA[﻿„Arie Antiche" des 17. Jahrhunderts
Michelangelo Galilei (1575- 1631) Claudio Monteverdi (1567- 1643)
Claudio Saracini (1586- 1649) Barhara Strozzi (l"9 -nach 1664)
Alessandro Piccinini (1566-ca. 1638) Giacomo Carissimi (1605- 1674)
William Lawes (1602- 1645) Henry Lawes (1695-1662)
John Blow (1649- 1708) John Blow
Toccata für Laute (München 1620)
Lamento d'Arianna, für Sopran und Basso continuo (aus der verlorenen Oper „L'Arianna" von 1608; das Lamento wurde 1623 separat in Venedig gedruckt)
Toccata für Liuto attiorbato (Venedig 1614)
„L'Astratto", Kantate für Sopran und Basso continuo (Venedig 1664) l-
Toccata für Laute (Bologna 1639)
„Ferma, lascia ch'io parli",
Lamento der Maria Stuart
Prelude für Laute
„Theseus, OTheseus, hark!" (Ariadnes Lamento)
Prelude für Laute
„Oh Venus! Daughter of the mighty Jove" (Sapphos Kbge an Venus, die Göttin der Liebe), für Sopran und Basso continuo (London 1700)
John Weldon (1676- 1736) John Weldon
Prelude für Laute
„Nature framed thee", Arie für Sopran und Basso continuo (aus der Masque „Thejudgement of Paris" von 1701)
O
Emma Kirkby, Sopran Anthony Rooley, Laute
]]></page>
       
        </p>
    </body>
  </text>
</TEI>
