<?xml version="1.0" encoding="UTF-8"?>
<?xml-model href="http://www.tei-c.org/release/xml/tei/custom/schema/relaxng/tei_all.rng" schematypens="http://relaxng.org/ns/structure/1.0"?>
<TEI xmlns="http://www.tei-c.org/ns/1.0">
  <teiHeader>
    <fileDesc>
        <titleStmt>
            <title>BASEL</title>
        </titleStmt>
        <editionStmt>
            <edition>TEI P5.1 Edition</edition>
            <respStmt>
                <resp>
                    <persName>Claudio Bacciagaluppi</persName>
                    <persName>Laurent Pugin</persName>
                    <persName>Rodolfo Zitellini</persName>
                    <date when="2016-01">Janvier 2016</date>
                </resp>
                <name>Bureau Suisse du RISM</name>
            </respStmt>
        </editionStmt>
        <publicationStmt>
            <publisher><orgName xml:base="http://www.rism-ch.org">Bureau Suisse du RISM</orgName></publisher>
        </publicationStmt>
	    <seriesStmt>
	     <idno type="collection">ch_famb</idno>
	    </seriesStmt>
      <sourceDesc>
		<bibl>
        <title>Concert<date when="19630208">08/02/1963</date></title>
<series>Concert</series>
<placeName>Basel, Münstersaal des Bischofshofs</placeName>
<orgName role="holding">Archiv des Vereins Freunde alter Musik Basel; <link target="http://famb.ch/"/></orgName>

		</bibl>
      </sourceDesc>
    </fileDesc>
  </teiHeader>
  <text>
    <body>
        <p> <!-- all the content of the program in one paragraph -->
            <pb facs="CH_Bm_prg/pyr_CH_Bm_prg-1284.tif"/>
<date when="19630208"/>
<name key="Moulinié, Étienne" type="person" role="cmp">Moulinié, Étienne</name>
<name key="Milleran, René" type="person" role="cmp">Milleran, René</name>
<name key="Charpentier, Marc-Antoine" type="person" role="cmp">Charpentier, Marc-Antoine</name>
<name key="Le Sage de Richée, Philipp Franz" type="person" role="cmp">Le Sage de Richée, Philipp Franz</name>
<name key="Marais, Marin" type="person" role="cmp">Marais, Marin</name><name key="Wenzinger, August" type="person" role="int">Wenzinger, August</name>
<name key="Müller, Hannelore" type="person" role="int">Müller, Hannelore</name>
<name key="Majer, Marianne" type="person" role="int">Majer, Marianne</name>
<name key="Koch, Johannes" type="person" role="int">Koch, Johannes</name>
<name key="Dombois, Eugen M." type="person" role="int">Dombois, Eugen M.</name><title>Concert</title>
<placeName key="Basel, Münstersaal des Bischofshofs"/>
<name key="Concert" type="series"/>
<page><![CDATA[﻿FREUNDE ALTER MUSIK IN BASEL
2.Konzert
Freitag, 8.Februar 1963> 20.15 Uhr im Münstersaal des Bischofshofs
FRANZÖSISCHE MUSIK FÜR GAMBEN UND LAUTE
Konzertgruppe der Schola Cantorum Basiliensis;
August Wenzinger, Hannelore Müller, Marianne Majer, Johannes Koch (Viola da gamba-Quartett); Eugen M.Dombois (Laute, Theorbe)
Programm 30 Cts.
Eintritt für Mitglieder frei. Karten für Nichtmitglieder zu Fr.5-75 (Jugendliche, Studenten und Berufsschüler der Musik-Akademie Fr.2.65) bei Hug & Co., Freiestrasse 70a, oder an der Abendkasse.]]></page>
<pb facs="CH_Bm_prg/pyr_CH_Bm_prg-1285.tif"/>
<page><![CDATA[﻿Programm
✓	Äienne Moulini^ um 1600 - um 1670
Drei Fantasien für Viola da gamba-Quartett aus dem 5.Buch der "Airs de cour (1639)
Fantasie Nr.l in g Fantasie Nr.2 in g Fantasie Nr.3 in C
Ren£ Mi Heran um 1700
             Suite d-moll für Laute aus dem handschriftlichen "Livre de luth" (Sammelwerk, um I69O)
                                    Pr^lude de Mouton / La Gavote Royalle, ou Frondeure / Les Tricotins / Fantaisies de Gautier / Gigue de Gautier / Le Gris de Lin / La Cardinalle, Revener Mr.le Cardinal, Paris ne vous veut plus de mal
       Marc-Antoine Charpentier Konzert in d für Viola da gamba-1636(?) - 1704	Quartett und Continuo (Theorbe),
                                     um 1680
                                    Prelude / Sarabande en Rondee^^/ Passecaille / Gigue anglaise / Gigue fran<jaise
                   Pause

Philipp Franz Le Sage de Bichee
um 1695
^ Marin Marals
 1656 - 1728
Suite a-moll für Laute aus dem "Cabinet der Lauten" (1695)
 Prelude / Allemande notnm^e 1'extravagante / Courante / Sarabande / Gavotte / Menuett / Bourräe / Aria / Gigue
       Suite Nr.2, G-dur, für drei Violen da gamba und Continuo (Theorbe) aus dem
                       4.Buch der ‘'Pieces a une et ä trois violes" (1717)
                      Caprice-Vivement / Allemande / Courante / Paysanne gracieuse / Sarabande / Gigue / Gavotte / Rondeau / Muzette
Die verwendeten Instrumente:
1	Diskant- und 2 Tenorgamben Eugen Sprenger, Frankfurt a.M.
2	Bassgamben Jakob Stainer, Absam 1673	(1935 Bassgambe Joachim Tielke, Hamburg 1677
Barock-Laute Hans Jordan, Markneukirchen 1961 Theorbe Hans Jordan, Markneukirchen 1957
Hinweis auf Schallplatten:
Die Werke von Charpentier und Moulini^ sind mit denselben Ausführenden unter dem Titel "Concert Frantjais Pour Violes de Gambe" bei ERATO (LDE 3083) erschienen.
Die Suite von Marais erscheint demnächst bei HARMONIA MUNDI 4M 30639.]]></page>
<pb facs="CH_Bm_prg/pyr_CH_Bm_prg-1286.tif"/>
<page><![CDATA[﻿1
]]></page>
       
        </p>
    </body>
  </text>
</TEI>
