<?xml version="1.0" encoding="UTF-8"?>
<?xml-model href="http://www.tei-c.org/release/xml/tei/custom/schema/relaxng/tei_all.rng" schematypens="http://relaxng.org/ns/structure/1.0"?>
<TEI xmlns="http://www.tei-c.org/ns/1.0">
  <teiHeader>
    <fileDesc>
        <titleStmt>
            <title>BASEL</title>
        </titleStmt>
        <editionStmt>
            <edition>TEI P5.1 Edition</edition>
            <respStmt>
                <resp>
                    <persName>Claudio Bacciagaluppi</persName>
                    <persName>Laurent Pugin</persName>
                    <persName>Rodolfo Zitellini</persName>
                    <date when="2016-01">Janvier 2016</date>
                </resp>
                <name>Bureau Suisse du RISM</name>
            </respStmt>
        </editionStmt>
        <publicationStmt>
            <publisher><orgName xml:base="http://www.rism-ch.org">Bureau Suisse du RISM</orgName></publisher>
        </publicationStmt>
	    <seriesStmt>
	     <idno type="collection">ch_famb</idno>
	    </seriesStmt>
      <sourceDesc>
		<bibl>
        <title>Concert<date when="19910110">10/01/1991</date></title>
<series>Concert</series>
<placeName>Basel, Neuer Saal der Musik-Akademie</placeName>
<orgName role="holding">Archiv des Vereins Freunde alter Musik Basel; <link target="http://famb.ch/"/></orgName>

		</bibl>
      </sourceDesc>
    </fileDesc>
  </teiHeader>
  <text>
    <body>
        <p> <!-- all the content of the program in one paragraph -->
            <pb facs="CH_Bm_prg/pyr_CH_Bm_prg-0783.tif"/>
<date when="19910110"/>
<name key="Haydn, Joseph" type="person" role="cmp">Haydn, Joseph</name>
<name key="Mozart, Wolfgang Amadeus" type="person" role="cmp">Mozart, Wolfgang Amadeus</name>
<name key="Haydn, Joseph" type="person" role="cmp">Haydn, Joseph</name>
<name key="Mozart, Wolfgang Amadeus" type="person" role="cmp">Mozart, Wolfgang Amadeus</name>
<name key="Haydn, Joseph" type="person" role="cmp">Haydn, Joseph</name>
<name key="Mozart, Wolfgang Amadeus" type="person" role="cmp">Mozart, Wolfgang Amadeus</name>
<name key="Telemann, Georg Philipp" type="person" role="cmp">Telemann, Georg Philipp</name>
<name key="Haydn, Joseph" type="person" role="cmp">Haydn, Joseph</name>
<name key="Mozart, Wolfgang Amadeus" type="person" role="cmp">Mozart, Wolfgang Amadeus</name><name key="Arlt, Wulf" type="person" role="int">Arlt, Wulf</name>
<name key="Wilcock, Elizabeth" type="person" role="int">Wilcock, Elizabeth</name>
<name key="Faultless, Margaret" type="person" role="int">Faultless, Margaret</name>
<name key="Logic, Nicholas" type="person" role="int">Logic, Nicholas</name>
<name key="Mason, Timothy" type="person" role="int">Mason, Timothy</name>
<name key="Hoever, Herbert" type="person" role="int">Hoever, Herbert</name>
<name key="Brodbeck, Christine" type="person" role="int">Brodbeck, Christine</name>
<name key="Jappe, Dorothea" type="person" role="int">Jappe, Dorothea</name>
<name key="Jappe, Michael" type="person" role="int">Jappe, Michael</name>
<name key="Goltz, Gottfried van der" type="person" role="int">Goltz, Gottfried van der</name>
<name key="Müllejans, Petra" type="person" role="int">Müllejans, Petra</name>
<name key="Gosses, Christian" type="person" role="int">Gosses, Christian</name>
<name key="Larisch, Guido" type="person" role="int">Larisch, Guido</name>
<name key="Staier, Andreas" type="person" role="int">Staier, Andreas</name>
<name key="Christensen, Jesper B." type="person" role="int">Christensen, Jesper B.</name>
<name key="Steinmann, Conrad" type="person" role="int">Steinmann, Conrad</name>
<name key="Peter, Oskar" type="person" role="int">Peter, Oskar</name>
<name key="Piguet, Michel" type="person" role="int">Piguet, Michel</name>
<name key="Pandolfo, Paolo" type="person" role="int">Pandolfo, Paolo</name>
<name key="David, Imke" type="person" role="int">David, Imke</name>
<name key="Schroeder, Jaap" type="person" role="int">Schroeder, Jaap</name>
<name key="McDonald, Marilyn" type="person" role="int">McDonald, Marilyn</name>
<name key="Griffin, Judson" type="person" role="int">Griffin, Judson</name>
<name key="Slowik, Kenneth" type="person" role="int">Slowik, Kenneth</name><title>Concert</title>
<placeName key="Basel, Neuer Saal der Musik-Akademie"/>
<name key="Concert" type="series"/>
<page><![CDATA[﻿Joseph Haydn: Sechs Quartette opus 33; Wolfgang Amadeus Mozart: Sechs Quartette - Joseph Haydn gewidmet
Im Jahr 1781 veröffentlichte Joseph Haydn seine sechs Streichquartette Opus 33, die heute als die ersten "klassischen" Werke der Gattung gelten. Schon der Autor selbst kündigte im Titel an, er habe sie "auf eine ganz neue, besondere Art" komponiert. Die neue Errungenschaft bestand vor allem in der satztechnisch gleichberechtigten Behandlung aller vier Stimmen, daneben wurde die viersätzige Gesamtform endgültig als Norm etabliert.
Viele jüngere Komponisten reagierten auf Haydns Anstoß. Unter ihnen auch Wolfgang Amadeus Mozart, der, nachdem er sich schon in den Jahren 1772/73 von Haydns Quartettschaffen anregen ließ, dem Op.33 schließlich eine eigene Serie von sechs Quartetten gegenüberstellte, komponiert seit 1782, die er mit einer herzlichen Widmung an Haydn ("Amico mio carißimo") 1785 als Opus 10 im Druck erscheinen ließ.
Auch die wichtigsten persönlichen Begegnungen der beiden Meister knüpfen sich an gemeinsame Streichquartett-Abende. Nach einem solchen Treffen in Wien, im Februar 1786, gab Haydn gegenüber Leopold Mozart die berühmte Erklärung ab: «ich sage ihnen vor gott, als ein ehrlicher Mann, Ihr Sohn ist der größte Componist, den ich von Person und den Nahmen nach kenne: er hat geschmack, und über das die größte Compositionswissenschaft.» Wolfgang erklärte an anderer Stelle auch ganz unumwunden: «Von Haydn habe ich gelernt wie man Streichquartette macht». Wie schwer es ihm dennoch fiel, eine eigene Lösung für die genialen Vorgaben des älteren Kollegen zu finden, läßt er in der aufschlußreichen Vorrede des Druckes anklingen, wo er bemerkt, die sechs Werke («miei figli»!) seien - ganz entgegen seinem sonst atemberaubenden Arbeitstempo -«il frutto di una lunga, e laboriosa fatica».
Quartette, die in allen Stimmen kontrapunktisch durchgearbeitet sein sollen, stellen natürlich außergewöhnliche Ansprüche an die Kunstfertigkeit des Komponisten. Gefragt waren eben "Geschmack" und "größte Compositionswissenschaft". Für Haydns dichte thematische Arbeit stellte die neue Sonatensatzform einen idealen Bezugsrahmen bereit. Die langsamen Sätze wurden zu geistvollen Varianten der Kantilene, die Menuette verfremdet und übersteigert zu

Scherzi und die letzten Sätze entwickelten sich zu mitreißenden "Raußschmeißern" voller Überraschungen.
Mozart nimmt all das auf, bis hin zu wörtlichen Zitaten in Satzanlage und Themengestalt (z.B. op. 33/5 und KV 387), doch drückt er dem Ganzen seinen eigenen Stempel auf. Haydn wird manchmal nahezu konterkariert. Mozarts "Menuette" bleiben beispielsweise solche dem Namen nach, entfernen sich aber im Charakter zuweilen viel weiter vom ursprünglichen Tanz als Haydns Scherzi. Er gibt auch den strengen Kontrapunkt in den Ecksätzen nicht völlig auf, verbindet damit aber höchste spielerische Eleganz. Den generellen Unterschied in der thematischen Arbeit faßte Alfred Einstein in der Beobachtung zusammen: "Mozarts Themen haben es bereits «in sich»; aus denen Haydns wird sich etwas entwickeln."
Diese neue Art der Quartette war gemacht für Kenner und Liebhaber, ein Gedankenaustausch auf höchster künstlerischer Ebene. Bei den Zeitgenossen aber stießen besonders Mozarts Werke geradezu auf Unverständnis. Man empfand sie als "zu stark gewürzt". Uns heutigen, denen diese Musik scheinbar vertraut verkommt, mag dadurch bewußt werden, wie unsensibel wir für die raffinierten Ingredienzien jener Kompositionen geworden sind. - Gründe genug also, die beiden berühmten Quartettserien wieder direkt miteinander zu konfrontieren und jene einzigartige Begegnung zweier Komponisten in ihrer Musik nachzuvollziehen.	Thomas Drescher
Donnerstag, 10. Januar 1991 um 20.15 Uhr im Neuen Saal der Musik-Akademie
EINFÜHRUNGSVORTRAG von Prof. Dr. Wulf Arlt
Eintritt frei]]></page>
<pb facs="CH_Bm_prg/pyr_CH_Bm_prg-0784.tif"/>
<page><![CDATA[﻿                 •
Sonntag, 13. Januar 1991 um 17 Uhr
im Grossen Saal der Musik-Akademie
 GAINSBOROUGH QUARTET LONDON
Elizebeth Wilcock und Margaret Faultless, Violinen -Nicholas Logie, Viola - Timothy Mason, Violoncello
Joseph Haydn
Streichquartett Es-Dur, op. 33 Nr. 2 (Hob. III: 38)
Allegro moderato, cantabile Scherzo: Allegro Largo e sostenuto Finale: Presto
Wolfgang Amadeus Mozart
Streichquartett d-moll, KV 421
Allegro moderato Andante Menuetto - Allegretto Allegretto ma non troppo
PAUSE
Wolfgang Amadeus Mozart
Streichquartett C-Dur, KV 465
Adagio - Allegro Andante cantabile Menuetto - Allegretto (Allegro)
Allegro molto

Sonntag, 10. Februar 1991 um 17 Uhr
im Grossen Saal der Musik-Akademie
QUARTETTO NOTTURNO BASEL
 Herbert Hoever und Christine Brodbeck, Violinen -Dorothea Jappe, Viola - Michael Jappe, Violoncello
 Joseph Haydn
 Streichquartett G-Dur, op. 33 Nr. 5 (Hob. III: 41)
 Vivace assai Largo e cantabile Scherzo: Allegro Finale: Allegretto
 Joseph Haydn
 Streichquartett C-Dur, op. 33 Nr. 3 (Hob. III: 39)
 Allegro moderato Scherzo: Allegretto Adagio ma non troppo (Finale) Rondo: Presto
PAUSE
 Wolfgang Amadeus Mozart
 Streichquartett B-Dur, KV 458
 Allegro vivace assai Menuetto - Moderato Adagio Allegro assai]]></page>
<pb facs="CH_Bm_prg/pyr_CH_Bm_prg-0785.tif"/>
<page><![CDATA[﻿                       %
Sonntag, 10. März 1991 um 17 Uhr
im Grossen Saal der Musik-Akademie
 APPONYI - QUARTETT FREIBURG
Gottfried v. d. Goltz und Petra Müllejans, Violinen -Christian Gosses, Viola - Guido Larisch, Violoncello
Joseph Haydn
Streichquartett h-moll, op. 33 Nr. 1 (Hob. III: 37)
Allegro moderato Scherzo: Allegro di molto Andante Finale: Presto
Joseph Haydn
Streichquartett A-Dur, op. 33 Nr. 6 (Hob. III: 42)
Vivace assai Andante Scherzo: Allegretto Finale: Allegretto
PAUSE
Wolfgang Amadeus Mozart
Streichquartett A-Dur, KV 464
Allegro Menuetto Andante Allegro non troppo

  Sonntag, 26. Mai 1991 um 17 Uhr
im Grossen Saal der Musik-Akademie
THE SMITHSON STRING QUARTET WASHINGTON D.C.
Jaap Schröder und Marilyn McDonald, Violinen -Judson Griffin, Viola - Kenneth Slowik, Violoncello
Joseph Haydn
Streichquartett B-Dur, op. 33 Nr. 4 (Hob. III: 40)
Allegro moderato Scherzo: Allegretto Largo (Finale) Presto
Wolfgang Amadeus Mozart
Streichquartett Es-Dur, KV 428
Allegro non troppo Andante con moto Menuetto - Allegretto (Allegro)
Allegro vivace
PAUSE
Wolfgang Amadeus Mozart
Streichquartett G-Dur, KV 387
Allegro vivace assai Menuetto - Allegretto (Allegro)
Andante cantabile Molto allegro]]></page>
<pb facs="CH_Bm_prg/pyr_CH_Bm_prg-0786.tif"/>
<page><![CDATA[﻿                           %
Preise:
Abonnement für alle vier Konzerte:
Mitglieder: Fr. 60.- (Fr 30.-) - Nichtmitglieder: Fr. 80.- (Fr. 40.-)
Einzeleintritt:
Mitglieder: Fr. 20.- (Fr. 10.-) - Nichtmitglieder: Fr. 25.- (Fr. 12.-)
Vorverkauf:
Musikhaus «au concert», Aeschenvorstadt 24, 4051 Basel, Telefon 061/23 11 76
Abendkasse jeweils ab 16.30 Uhr
]]></page>
       
        </p>
    </body>
  </text>
</TEI>
