<?xml version="1.0" encoding="UTF-8"?>
<?xml-model href="http://www.tei-c.org/release/xml/tei/custom/schema/relaxng/tei_all.rng" schematypens="http://relaxng.org/ns/structure/1.0"?>
<TEI xmlns="http://www.tei-c.org/ns/1.0">
  <teiHeader>
    <fileDesc>
        <titleStmt>
            <title>BASEL</title>
        </titleStmt>
        <editionStmt>
            <edition>TEI P5.1 Edition</edition>
            <respStmt>
                <resp>
                    <persName>Claudio Bacciagaluppi</persName>
                    <persName>Laurent Pugin</persName>
                    <persName>Rodolfo Zitellini</persName>
                    <date when="2016-01">Janvier 2016</date>
                </resp>
                <name>Bureau Suisse du RISM</name>
            </respStmt>
        </editionStmt>
        <publicationStmt>
            <publisher><orgName xml:base="http://www.rism-ch.org">Bureau Suisse du RISM</orgName></publisher>
        </publicationStmt>
	    <seriesStmt>
	     <idno type="collection">ch_famb</idno>
	    </seriesStmt>
      <sourceDesc>
		<bibl>
        <title>Concert<date when="19751027">27/10/1975</date></title>
<series>Concert</series>
<placeName>Basel, Haus zum Kirschgarten (Elisabethenstr. 27)</placeName>
<orgName role="holding">Archiv des Vereins Freunde alter Musik Basel; <link target="http://famb.ch/"/></orgName>

		</bibl>
      </sourceDesc>
    </fileDesc>
  </teiHeader>
  <text>
    <body>
        <p> <!-- all the content of the program in one paragraph -->
            <pb facs="CH_Bm_prg/pyr_CH_Bm_prg-0383.tif"/>
<date when="19751027"/>
<name key="Mozart, Wolfgang Amadeus" type="person" role="cmp">Mozart, Wolfgang Amadeus</name>
<name key="Mozart, Wolfgang Amadeus" type="person" role="cmp">Mozart, Wolfgang Amadeus</name>
<name key="Mozart, Wolfgang Amadeus" type="person" role="cmp">Mozart, Wolfgang Amadeus</name>
<name key="Mozart, Wolfgang Amadeus" type="person" role="cmp">Mozart, Wolfgang Amadeus</name><name key="Linder, Klaus" type="person" role="int">Linder, Klaus</name>
<name key="Linder, Klaus" type="person" role="int">Linder, Klaus</name>
<name key="Linder, Klaus" type="person" role="int">Linder, Klaus</name>
<name key="Linder, Klaus" type="person" role="int">Linder, Klaus</name><title>Concert</title>
<placeName key="Basel, Haus zum Kirschgarten (Elisabethenstr. 27)"/>
<name key="Concert" type="series"/>
<page><![CDATA[﻿Sreunbe alter tttuft? in öafcl
SONDERZYKLUS
  in Zusammenarbeit mit dem Historischen Museum im Kirschgarten-Museum
DIE KLAVIERSONATEN VON WOLFGANG AMADEUS MOZART
  Klaus Linder, Hammerflügel (Geschwister Stein, Wien 1800)
  A = Abonnement zu Fr. 50 - (35.-—) E 1 - 4 = Einzelkarte zu Fr. 12.- (10.-)]]></page>
<pb facs="CH_Bm_prg/pyr_CH_Bm_prg-0384.tif"/>
<page><![CDATA[﻿Montag, den 27. Oktober 1975,20.15 Uhr
Sonate Es-dur, KV 282
Adagio Menuetto I und II Allegro
Sonate F-dur, KV 280
 Allegro assai Adagio Presto
Sonate C-dur, KV 545
Allegro
Andante
Rondo
Sonate A-dur, KV 331
Andante grazioso con variazioni , Menuetto AllaTurca: Allegretto
Sonate D-dur, KV 576
Allegro
Adagio
Allegretto
II.
Montag, den 17. November 1975, 20.15 Uhr
Sonate D-dur, KV 284 Allegro
Rondeau en Polonaise: Andante Thema con Variazioni
 I
Sonate a-moll, KV 310
Allegro maestoso Andante cantabile con espressione Presto
Sonate B-dur, KV 570
Allegro
Adagio
Allegretto
Sonate F-dur, KV 332
Allegro Adagio Allegro assai
III.
Montag, den 15. Dezember 1975,20.15 Uhr Sonate G-dur, KV 283
Allegro
Andante
Presto
Sonate C-dur, KV 279
           i	Allegro Andante Allegro
               a i ' ■ ' : ■' / Sonate B-dur, KV 281
Allegro Andante amoroso Rondeau: Allegro]]></page>
<pb facs="CH_Bm_prg/pyr_CH_Bm_prg-0385.tif"/>
<page><![CDATA[﻿Sonate F-dur, KV 533
Allegro
Andante
Sonate C-dur, KV 330
Allegro moderato Andante cantabile Allegretto
 IV.
Montag, den 12. Januar 1976,20.15 Uhr
Sonate D-dur, KV 311
Allegro con spirito Andante con espressione Rondeau: Allegro
Sonate C-dur, KV 309
Allegro con spirito Andante un poco adagio Rondeau: Allegretto grazioso
Sonate c-moll, KV 457
Allegro molto Adagio Allegro assai
                                I
Sonate B-dur, KV 333
Allegro Andante cantabile Allegretto grazioso]]></page>
       
        </p>
    </body>
  </text>
</TEI>
