<?xml version="1.0" encoding="UTF-8"?>
<?xml-model href="http://www.tei-c.org/release/xml/tei/custom/schema/relaxng/tei_all.rng" schematypens="http://relaxng.org/ns/structure/1.0"?>
<TEI xmlns="http://www.tei-c.org/ns/1.0">
  <teiHeader>
    <fileDesc>
        <titleStmt>
            <title>BASEL</title>
        </titleStmt>
        <editionStmt>
            <edition>TEI P5.1 Edition</edition>
            <respStmt>
                <resp>
                    <persName>Claudio Bacciagaluppi</persName>
                    <persName>Laurent Pugin</persName>
                    <persName>Rodolfo Zitellini</persName>
                    <date when="2016-01">Janvier 2016</date>
                </resp>
                <name>Bureau Suisse du RISM</name>
            </respStmt>
        </editionStmt>
        <publicationStmt>
            <publisher><orgName xml:base="http://www.rism-ch.org">Bureau Suisse du RISM</orgName></publisher>
        </publicationStmt>
	    <seriesStmt>
	     <idno type="collection">ch_famb</idno>
	    </seriesStmt>
      <sourceDesc>
		<bibl>
        <title>Concert<date when="19590925">25/09/1959</date></title>
<series>Concert</series>
<placeName>Basel, Grosser Saal der Musik-Akademie</placeName>
<orgName role="holding">Archiv des Vereins Freunde alter Musik Basel; <link target="http://famb.ch/"/></orgName>

		</bibl>
      </sourceDesc>
    </fileDesc>
  </teiHeader>
  <text>
    <body>
        <p> <!-- all the content of the program in one paragraph -->
            <pb facs="CH_Bm_prg/pyr_CH_Bm_prg-1228.tif"/>
<date when="19590925"/>
<name key="Handel, George Frideric" type="person" role="cmp">Händel, Georg Friedrich</name><name key="Buckel, Ursula" type="person" role="int">Buckel, Ursula</name>
<name key="Linde, Hans-Martin" type="person" role="int">Linde, Hans-Martin</name>
<name key="Müller-Hoyer, Elisabeth" type="person" role="int">Müller-Hoyer, Elisabeth</name>
<name key="Hucke, Helmut" type="person" role="int">Hucke, Helmut</name>
<name key="Schneider, Horst" type="person" role="int">Schneider, Horst</name>
<name key="Felicani, Rodolfo" type="person" role="int">Felicani, Rodolfo</name>
<name key="Neininger, Wolfgang" type="person" role="int">Neininger, Wolfgang</name>
<name key="Heman, Christine" type="person" role="int">Heman, Christine</name>
<name key="Leisinger, Heidi" type="person" role="int">Leisinger, Heidi</name>
<name key="Strauss, Ulrich" type="person" role="int">Strauss, Ulrich</name>
<name key="Majer, Marianne" type="person" role="int">Majer, Marianne</name>
<name key="Wenzinger, August" type="person" role="int">Wenzinger, August</name>
<name key="Müller, Hannelore" type="person" role="int">Müller, Hannelore</name>
<name key="Viale, Angelo" type="person" role="int">Viale, Angelo</name>
<name key="Kägi, Valerie" type="person" role="int">Kägi, Valerie</name>
<name key="Müller, Eduard" type="person" role="int">Müller, Eduard</name><title>Concert</title>
<placeName key="Basel, Grosser Saal der Musik-Akademie"/>
<name key="Concert" type="series"/>
<page><![CDATA[﻿              FREUNDE ALTER MUSIK IN BASEL
                        3.	Konzert
     Freitag, den 25.September 1959.» 20.15 Uhr im Grossen Saal der Musik-Akademie
                   GEORG FRIEDRICH HAENDEL
                        Ausführende:
Ursula Buckel (Genf), Sopran und die verstärkte Konzertgruppe der Schola Cantorum Basiliensis: Hans-Martin Linde, Elisabeth Müller-Hoyer (Blockflöte), Horst Schneider, Helmuth Hucke (Oboe), Rodolfo Felicani, Wolfgang Neininger, Christine Heman, Heidi Leisinger, Ulrich Strauss (Violine), Marianne Majer (Bratache), August Wenzinger (Viola da gamba),Hannelore Mi^cr (Violoncello),Angelo Viale (Contrebass),Valerie Kägi (Cembalo),
                   Eduard Müller (Orgel)
     Verantwortlich für die Aufführung: August Wenzinger
Programm 30 Cts.
Eintritt für Mitglieder frei. Karten für Nichtmitglieder zu Fr.5.75 (Jugendliche unter 20 Jahren, Studenten und Berufsschüler der Musik-Akademie Fr.2.70) im Vorverkauf bei Hug
&	Co. und an der Abendkasse. Eintausch der Nitobagewinne bis Mittwoch, 23.September bei Hug & Co.

Programm
Konzert B-dur, op.Nr.2, für Orgel, zwei Oboen, Streicher und Continuo
                           A tempo ordinario, e staccato / Allegro / Adagio, e staccato / Allegro, ma non presto
                         Kantate "Tra le fiamme" für Sopran, zwei Blockflöten, Oboe, zwei Violinen, Viola da gamba und Continuo
     Pause
                         Sonate E-dur, op.2, Nr.9» für zwei Violinen und Continuo
                           Adagio / Allegro / Andante / Allegro
                           Violine: Eodolfo Felicani
                                    Wolfgang Neininger
Georg Friedrich Händel
1685-1759
                          Konzert ff-moll, op.k, Nr.^, für Orgel, zwei Oboen, Streicher und Continuo
                           Adagio / Allegro / Adagio / Gavotte
Die verwendeten Instrumsnte:
Zwei Blockflöten Hans Conrad Fehr, Zürich. Zwei Oboen Otto Steinkopf, Berlin. Violinen in Originalmensur Joannes Varotti, Bologna 1788, Johann Ulrich Fischer, Landshut 1728, Egidius Klotz, Mittenwald 1771 -ind 1789, Joseph Wagner, Konstanz 1775. Bratsche in Originalmensur Joseph Fichtel, Augsburg 1737.
Viola da gamba Jakob Stainer, Absam I673. Violoncello in Originalmensur Giovanni Graneino, Mailand I676. Contrabass in Originalmensur Giovanni Testore, Mailand 176^. Cembalo J.C.Neupert, Bamberg (Spezialanfertigung).]]></page>
       
        </p>
    </body>
  </text>
</TEI>
