<?xml version="1.0" encoding="UTF-8"?>
<?xml-model href="http://www.tei-c.org/release/xml/tei/custom/schema/relaxng/tei_all.rng" schematypens="http://relaxng.org/ns/structure/1.0"?>
<TEI xmlns="http://www.tei-c.org/ns/1.0">
  <teiHeader>
    <fileDesc>
        <titleStmt>
            <title>BASEL</title>
        </titleStmt>
        <editionStmt>
            <edition>TEI P5.1 Edition</edition>
            <respStmt>
                <resp>
                    <persName>Claudio Bacciagaluppi</persName>
                    <persName>Laurent Pugin</persName>
                    <persName>Rodolfo Zitellini</persName>
                    <date when="2016-01">Janvier 2016</date>
                </resp>
                <name>Bureau Suisse du RISM</name>
            </respStmt>
        </editionStmt>
        <publicationStmt>
            <publisher><orgName xml:base="http://www.rism-ch.org">Bureau Suisse du RISM</orgName></publisher>
        </publicationStmt>
	    <seriesStmt>
	     <idno type="collection">ch_famb</idno>
	    </seriesStmt>
      <sourceDesc>
		<bibl>
        <title>Concert<date when="19470202">02/02/1947</date></title>
<series>Concert</series>
<placeName>Basel, St. Albansaal (St. Albanvorstadt 12)</placeName>
<orgName role="holding">Archiv des Vereins Freunde alter Musik Basel; <link target="http://famb.ch/"/></orgName>

		</bibl>
      </sourceDesc>
    </fileDesc>
  </teiHeader>
  <text>
    <body>
        <p> <!-- all the content of the program in one paragraph -->
            <pb facs="CH_Bm_prg/pyr_CH_Bm_prg-0601.tif"/>
<date when="19470202"/>
<name key="Hofhaimer, Paul" type="person" role="cmp">Hofhaimer, Paul</name>
<name key="Senfl, Ludwig" type="person" role="cmp">Senfl, Ludwig</name>
<name key="Neusidler, Hans" type="person" role="cmp">Neusidler, Hans</name>
<name key="Posch, Paul" type="person" role="cmp">Posch, Paul</name>
<name key="Dowland, John" type="person" role="cmp">Dowland, John</name>
<name key="East, Michael" type="person" role="cmp">East, Michael</name>
<name key="Coprario, John" type="person" role="cmp">Coperario, John</name>
<name key="Ferrabosco, Alfonso" type="person" role="cmp">Ferrabosco, Alfonso</name>
<name key="Morley, Thomas" type="person" role="cmp">Morley, Thomas</name>
<name key="Jenkins, John" type="person" role="cmp">Jenkins, John</name>
<name key="Monteverdi, Claudio" type="person" role="cmp">Monteverdi, Claudio</name>
<name key="Gabrieli, Giovanni" type="person" role="cmp">Gabrieli, Giovanni</name><name key="Meili, Max" type="person" role="int">Meili, Max</name>
<name key="Wenzinger, August" type="person" role="int">Wenzinger, August</name>
<name key="Majer, Marianne" type="person" role="int">Majer, Marianne</name>
<name key="Wenzinger, Maya" type="person" role="int">Wenzinger, Maya</name>
<name key="Flügel, Gertrud" type="person" role="int">Flügel, Gertrud</name>
<name key="Wörsching, Fritz" type="person" role="int">Wörsching, Fritz</name><title>Concert</title>
<placeName key="Basel, St. Albansaal (St. Albanvorstadt 12)"/>
<name key="Concert" type="series"/>
<page><![CDATA[﻿Freunde alter Musik in Basel
  l.liuhmrt
                                            Sonntag, 2. Februar 1947, 20.15 Uhr St. Albansaal (St. Albanvorstadt 12)
                                    Schola Cantorum Basiliensis
                                        Max Meili (Tenor), August Wenzinger, Marianne Majer, Maya Wenzinger, GertrudFlügel(Gambenquartett), Fritz Wörsching (Laute).
       Programm mit Text 50 Cts.
       Eintritt für Mitglieder frei, für Nichtmitglieder Fr. 3.30 im Vorverkauf bei Hug & Co., Freiestraße 70a, und an der Abendkasse.
       Jahresbeitrag für Mitglieder Fr. 10.—, für Freimitglieder Fr. 25.—, für Personen unter 20 Jahren, Studenten, interne Konservatoristen und Berufsschüler der Schola Cantoruin Basiliensis Fr. 5.—. Anmeldung zur Mitgliedschaft an die Aktuarin, Frau E. Stalder-Suter, Missionsstraße 31, Basel.
       Voranzeige: 2.Hauskonzert, Mittwoch, 2. April 1947, St. Albansaal, Gustav Scheck, Freiburg i. Br. (Blockflöte, Querflöte), Fritz Neumeyer, Freiburg i. Br. (Cembalo). Werke von A. Scarlatti, Händel, C. Ph. E. Bach, F. Couperin, Loeillet, Leclair.
]]></page>
       
        </p>
    </body>
  </text>
</TEI>
