<?xml version="1.0" encoding="UTF-8"?>
<?xml-model href="http://www.tei-c.org/release/xml/tei/custom/schema/relaxng/tei_all.rng" schematypens="http://relaxng.org/ns/structure/1.0"?>
<TEI xmlns="http://www.tei-c.org/ns/1.0">
  <teiHeader>
    <fileDesc>
        <titleStmt>
            <title>BASEL</title>
        </titleStmt>
        <editionStmt>
            <edition>TEI P5.1 Edition</edition>
            <respStmt>
                <resp>
                    <persName>Claudio Bacciagaluppi</persName>
                    <persName>Laurent Pugin</persName>
                    <persName>Rodolfo Zitellini</persName>
                    <date when="2016-01">Janvier 2016</date>
                </resp>
                <name>Bureau Suisse du RISM</name>
            </respStmt>
        </editionStmt>
        <publicationStmt>
            <publisher><orgName xml:base="http://www.rism-ch.org">Bureau Suisse du RISM</orgName></publisher>
        </publicationStmt>
	    <seriesStmt>
	     <idno type="collection">ch_famb</idno>
	    </seriesStmt>
      <sourceDesc>
		<bibl>
        <title>Concert<date when="19500324">24/03/1950</date></title>
<series>Concert</series>
<placeName>Basel, Hans Huber-Saal des Stadtcasinos Basel</placeName>
<orgName role="holding">Archiv des Vereins Freunde alter Musik Basel; <link target="http://famb.ch/"/></orgName>

		</bibl>
      </sourceDesc>
    </fileDesc>
  </teiHeader>
  <text>
    <body>
        <p> <!-- all the content of the program in one paragraph -->
            <pb facs="CH_Bm_prg/pyr_CH_Bm_prg-0656.tif"/>
<date when="19500324"/>
<name key="Bach, Johann Sebastian" type="person" role="cmp">Bach, Johann Sebastian</name><name key="Bopp, Joseph" type="person" role="int">Bopp, Joseph</name>
<name key="Felicani, Rodolfo" type="person" role="int">Felicani, Rodolfo</name>
<name key="Benda, Hans J." type="person" role="int">Benda, Hans J.</name>
<name key="Heman, Christine" type="person" role="int">Heman, Christine</name>
<name key="Kägi, Walter" type="person" role="int">Kägi, Walter</name>
<name key="Majer, Marianne" type="person" role="int">Majer, Marianne</name>
<name key="Flügel, Gertrud" type="person" role="int">Flügel, Gertrud</name>
<name key="Müller, Hannelore" type="person" role="int">Müller, Hannelore</name>
<name key="Wenzinger, August" type="person" role="int">Wenzinger, August</name>
<name key="Viale, Angelo" type="person" role="int">Viale, Angelo</name>
<name key="Müller, Eduard" type="person" role="int">Müller, Eduard</name>
<name key="Kägi, Valerie" type="person" role="int">Kägi, Valerie</name><title>Concert</title>
<placeName key="Basel, Hans Huber-Saal des Stadtcasinos Basel"/>
<name key="Concert" type="series"/>
<page><![CDATA[﻿Freunde alter Musik in Basel
Wiederholung aus den Programmen im Rahmen der Basler Bachwochen 1950
                         Freitag, 24. März 1950, 20.15 Uhr Hans Huber-Saal (Stadtcasino)
Johann Sebastian Bach
SCHOLA CANTORUM BASILIENSIS
                             Joseph Bopp (Querflöte), Rodolfo Felicani, Hans J. Benda, Christine Heman (Violine), Walter Kägi (Violine, Bratsche), Marianne Majer (Bratsche), Gertrud Flügel, Hannelore Müller (Viola da gamba), August Wenzinger (Violoncello), Angelo Viale (Contrabass), Eduard Müller, Valerie Kägi (Cembalo).
                              Verantwortlich für die Aufführung: August Wenzinger.
PROGRAMM
                            Brandenburgisches Konzert Nr. 6, B-dur, für zwei Bratschen, zwei Gamben, Violoncello und Generalbass
                              Allegro / Adagio ma non tanto / Allegro
                             Konzert C-dur für zwei Cembali, Streicher und Generalbass
                              Allegro / Adagio ovvero Largo / Fuga
                              Cembalo I: Eduard Müller; Cembalo II: Valerie Kägi
                             Brandenburgisches Konzert Nr. 5, D-dur, für Querflöte, Violine, Cembalo, Streicher und Generalbass Allegro / Affettuoso / Allegro
                              Querflöte solo: Joseph Bopp; Violine solo: Rodolfo Felicani; Cembalo solo: Eduard Müller
Programm 30 Rappen
Karten zu Fr. 4.40, 5.50, 6.60 (Mitglieder Fr. 2.75, 3.85, 4.95) bei Hug & Co., Freiestrasse 70 a und an der Abendkasse.]]></page>
       
        </p>
    </body>
  </text>
</TEI>
