<?xml version="1.0" encoding="UTF-8"?>
<?xml-model href="http://www.tei-c.org/release/xml/tei/custom/schema/relaxng/tei_all.rng" schematypens="http://relaxng.org/ns/structure/1.0"?>
<TEI xmlns="http://www.tei-c.org/ns/1.0">
  <teiHeader>
    <fileDesc>
        <titleStmt>
            <title>BASEL</title>
        </titleStmt>
        <editionStmt>
            <edition>TEI P5.1 Edition</edition>
            <respStmt>
                <resp>
                    <persName>Claudio Bacciagaluppi</persName>
                    <persName>Laurent Pugin</persName>
                    <persName>Rodolfo Zitellini</persName>
                    <date when="2016-01">Janvier 2016</date>
                </resp>
                <name>Bureau Suisse du RISM</name>
            </respStmt>
        </editionStmt>
        <publicationStmt>
            <publisher><orgName xml:base="http://www.rism-ch.org">Bureau Suisse du RISM</orgName></publisher>
        </publicationStmt>
	    <seriesStmt>
	     <idno type="collection">ch_famb</idno>
	    </seriesStmt>
      <sourceDesc>
		<bibl>
        <title>Concert<date when="19850506">06/05/1985</date></title>
<series>Concert</series>
<placeName>Basel, Münstersaal des Bischofshofs</placeName>
<orgName role="holding">Archiv des Vereins Freunde alter Musik Basel; <link target="http://famb.ch/"/></orgName>

		</bibl>
      </sourceDesc>
    </fileDesc>
  </teiHeader>
  <text>
    <body>
        <p> <!-- all the content of the program in one paragraph -->
            <pb facs="CH_Bm_prg/pyr_CH_Bm_prg-1556.tif"/>
<date when="19850506"/>
<name key="Handel, George Frideric" type="person" role="cmp">Händel, Georg Friedrich</name><name key="Piguet, Michel" type="person" role="int">Piguet, Michel</name>
<name key="Seifert, Ingrid" type="person" role="int">Seifert, Ingrid</name>
<name key="Toll, John" type="person" role="int">Toll, John</name>
<name key="Medlam, Charles" type="person" role="int">Medlam, Charles</name><title>Concert</title>
<placeName key="Basel, Münstersaal des Bischofshofs"/>
<name key="Concert" type="series"/>
<page><![CDATA[﻿Freunde Alter Musik in Basel
a
SOLOS
  &or a
GERMAN FLUTE HOBOY^YIOLIN
Jur Ute
HARPSICORD
              ar
BASS VIOLIN
   (dlampas^ ly
Mr. Handel.
     Printcd: and Sold by IOHN whcre
A Compleat Set of all his Operas s‘ n Score — _ „ _ _ _ |4_| The Mafk of Acis and Galatea 0-4 Apolto's Feaft 5 Vol. containing the hoked Songs out of the late Opera* 3-5 T*enty four Overlures for Violins
in 8 Part* _ __ _ ____i.i
5 Solos for a German Flute «.0-5
WALSH at the Harp and Hoboy in Catherine Street in the Strand may be had the following Pieces of MUSICK Compos’d by Mr. HANDEL.
6CelebraU}d Songs for French -O Horns CoJlected from the lateOperasO-5-O -O 7 Ccllcctions of Opera Aires for a German Flute Violin or Harpli-
    tord V< 1. I ft _ _ _ _
     2 Coliections of Opera Aires Voi 2d -O being the choiceft Songs in Partite --OUnope and Porus fozj GermanPluteO -6-0
1. *• d*
24 Overtures for thi Harplicord O-12-o A Compleat Set of all the Open« Tranfyos'dfor tlieFlute in 2 Vol. 4 »o I .11-6 Leffons for the ilirpficord _ _ l-l-o 72Minuets and Marches for a German Flut« and a Bafs — — 0-3 -6 20EngliOi Songs Set to hisMinueUO-3-6 Tunes in the Alchimift — — — 0-1-4
 Note.* Thi$ t$ more Corect /hau theJormer Edition.
        4.	EXTRAKONZERT Montag, 6. Mai 1985, 20.15 Uhr Münstersaal des Bischofshofes
]]></page>
<pb facs="CH_Bm_prg/pyr_CH_Bm_prg-1557.tif"/>
<page><![CDATA[﻿Georg Friedrich Handel (1685-1759)
i
Sonaten mit Basso continuo
Zweiter Teil
Michel Piguet
Blockflöte, Oboe
 "The London Baroque" Ingrid Seifert John Toll Charles Medlam
Violine
Cembalo
Viola da gamba
           Sonate B-dur für Oboe ("Fitzwilliam") Andante Grave Allegro
           Sonate F-dur op. 1 für Violine Adagio Allegro Largo Allegro
           Sonate d-moll für Blockflöte ("Fitzwilliam") Largo Vivace Presto Adagio Alla Breve Andante
             A tempo di Minuet
           Sonate F-dur op. 1 für Oboe Adagio Allegro Adagio Bourröe Menuetto
           Triosonate c-moll op. 2 Largo Allegro Adagio Allegro
Instrumente: Blockflöte von Thomas Stanesby jun., London um 1730
             Oboe von Jonathan Bradbury, London um 1715
                                                                      *	ie * -k *
]]></page>
       
        </p>
    </body>
  </text>
</TEI>
