<?xml version="1.0" encoding="UTF-8"?>
<?xml-model href="http://www.tei-c.org/release/xml/tei/custom/schema/relaxng/tei_all.rng" schematypens="http://relaxng.org/ns/structure/1.0"?>
<TEI xmlns="http://www.tei-c.org/ns/1.0">
  <teiHeader>
    <fileDesc>
        <titleStmt>
            <title>BASEL</title>
        </titleStmt>
        <editionStmt>
            <edition>TEI P5.1 Edition</edition>
            <respStmt>
                <resp>
                    <persName>Claudio Bacciagaluppi</persName>
                    <persName>Laurent Pugin</persName>
                    <persName>Rodolfo Zitellini</persName>
                    <date when="2016-01">Janvier 2016</date>
                </resp>
                <name>Bureau Suisse du RISM</name>
            </respStmt>
        </editionStmt>
        <publicationStmt>
            <publisher><orgName xml:base="http://www.rism-ch.org">Bureau Suisse du RISM</orgName></publisher>
        </publicationStmt>
	    <seriesStmt>
	     <idno type="collection">ch_famb</idno>
	    </seriesStmt>
      <sourceDesc>
		<bibl>
        <title>Concert<date when="19580316">16/03/1958</date></title>
<series>Concert</series>
<placeName>Basel, Grosser Saal der Musik-Akademie</placeName>
<orgName role="holding">Archiv des Vereins Freunde alter Musik Basel; <link target="http://famb.ch/"/></orgName>

		</bibl>
      </sourceDesc>
    </fileDesc>
  </teiHeader>
  <text>
    <body>
        <p> <!-- all the content of the program in one paragraph -->
            <pb facs="CH_Bm_prg/pyr_CH_Bm_prg-1698.tif"/>
<date when="19580316"/>
<name key="Macque, Giovanni de" type="person" role="cmp">Macque, Giovanni de</name>
<name key="Philips, Peter" type="person" role="cmp">Philips, Peter</name>
<name key="Byrd, William" type="person" role="cmp">Byrd, William</name>
<name key="Frescobaldi, Girolamo Alessandro" type="person" role="cmp">Frescobaldi, Girolamo</name>
<name key="Tomkins, Thomas" type="person" role="cmp">Tomkins, Thomas</name>
<name key="Froberger, Johann Jacob" type="person" role="cmp">Froberger, Johann Jacob</name>
<name key="Noordt, Anthon van" type="person" role="cmp">Noordt, Anthon van</name>
<name key="Kerll, Johann Kaspar" type="person" role="cmp">Kerll, Johann Kaspar</name>
<name key="Anglebert, Jean-Henry d'" type="person" role="cmp">Anglebert, Jean-Henry d'</name>
<name key="Purcell, Henry" type="person" role="cmp">Purcell, Henry</name><name key="Leonhardt, Gustav" type="person" role="int">Leonhardt, Gustav</name><title>Concert</title>
<placeName key="Basel, Grosser Saal der Musik-Akademie"/>
<name key="Concert" type="series"/>
<page><![CDATA[﻿FREUNDE ALTER MUSIK IW BASEL
2. Konzert
Sonntag, l6.März 1958, 20.15 Uhr im Grossen Saal der Musik-Akademie, Leonhardsstrasse 6
CEMBALOMUSIK DES 17.JAHRHUNDERTS
Solist:
Gustav Leonhard t, Amsterdam
Programm 30 Cts.
Mitglieder haben freien Eintritt. Karten für Nichtmitglieder zu Fr.^.60 (Jugendliche unter 20 Jahren, Studenten und Berufsschüler der Musik-Akademie bezahlen Fr.2.70) bei Hug & Co. und an der Abendkasse. Anmeldung zur Mitgliedschaft bei der Aktuarin, Frau Trudi Hoffmann-Boller, Allschwilerveg 53/ Binningen.
Programm
 Giovanni de Macque um 155l“
 Peter Philips gest.nach 1633
 William Byrd 15^3-1623
 Capriccio sopra re-fa-mi-sol
 Pavana und Galliarda "Pagget", in c
 Fantasia in a
Girolamo Frescobaldi Toccata nona in a (Primo libro) 1583 16^3	Cento Partite sopra Passacagli
Thomas Tomkins I572-I656
Ground in D
Johann Jakob Froberger Toccata in d
I6l6-1667
                        Lamentation faite sur la mort tres douloureuse de Sa Majeste Imperiale, Ferdinand le troisieme (1657)/ in f
Anthonie van Noordt	Fantasia in e gest.1675
Johann Kaspar Kerll	Toccata in e, Nr.^4-, cromatica con
1627-1693	durezze e ligature
Jean-Henri d’Anglebert	Tombeau de Mr.de Chambonnieres, in D
1628-1691
Henry Purcell	Suite in d, Nr.7
1658/59 1695	Almand / Corant / Hornpipe
Cembalo Andreas Rückers, Antwerpen 1623 (Kopie von Martin
Scholz, Pianohaus Wilhelm Rück, Nürnberg).]]></page>
       
        </p>
    </body>
  </text>
</TEI>
