<?xml version="1.0" encoding="UTF-8"?>
<?xml-model href="http://www.tei-c.org/release/xml/tei/custom/schema/relaxng/tei_all.rng" schematypens="http://relaxng.org/ns/structure/1.0"?>
<TEI xmlns="http://www.tei-c.org/ns/1.0">
  <teiHeader>
    <fileDesc>
        <titleStmt>
            <title>BASEL</title>
        </titleStmt>
        <editionStmt>
            <edition>TEI P5.1 Edition</edition>
            <respStmt>
                <resp>
                    <persName>Claudio Bacciagaluppi</persName>
                    <persName>Laurent Pugin</persName>
                    <persName>Rodolfo Zitellini</persName>
                    <date when="2016-01">Janvier 2016</date>
                </resp>
                <name>Bureau Suisse du RISM</name>
            </respStmt>
        </editionStmt>
        <publicationStmt>
            <publisher><orgName xml:base="http://www.rism-ch.org">Bureau Suisse du RISM</orgName></publisher>
        </publicationStmt>
	    <seriesStmt>
	     <idno type="collection">ch_famb</idno>
	    </seriesStmt>
      <sourceDesc>
		<bibl>
        <title>Concert<date when="19820208">08/02/1982</date></title>
<series>Concert</series>
<placeName>Basel, Hans Huber-Saal des Stadtcasinos Basel</placeName>
<orgName role="holding">Archiv des Vereins Freunde alter Musik Basel; <link target="http://famb.ch/"/></orgName>

		</bibl>
      </sourceDesc>
    </fileDesc>
  </teiHeader>
  <text>
    <body>
        <p> <!-- all the content of the program in one paragraph -->
            <pb facs="CH_Bm_prg/pyr_CH_Bm_prg-0472.tif"/>
<date when="19820208"/>
<name key="Mozart, Wolfgang Amadeus" type="person" role="cmp">Mozart, Wolfgang Amadeus</name><name key="Schroeder, Jaap" type="person" role="int">Schroeder, Jaap</name>
<name key="Immerseel, Jos van" type="person" role="int">Immerseel, Jos van</name><title>Concert</title>
<placeName key="Basel, Hans Huber-Saal des Stadtcasinos Basel"/>
<name key="Concert" type="series"/>
<page><![CDATA[﻿FREUNLW ALTER MUSIK IN BASEL
3.	Konzert
Montag, den 8. Februar 1982
20.15	Uhr im Hans Huber-Saal des Stadtcasinos]]></page>
<pb facs="CH_Bm_prg/pyr_CH_Bm_prg-0473.tif"/>
<page><![CDATA[﻿WERKE FUER VIOLINE UND KLAVIER VON WOLFGANG AMADEUS MOZART
Sonate C-dur, KV 296 (Mannheim 1778)
   Allegro vivace Andante sostenuto Rondeau. Allegro
Sonate F-dur, KV 3 76 (Wien, Sommer 1781)
   Allegro
   Andante
   Rondeau. Allegretto grazioso
Sonate G-dur, KV 3 79 (Wien, April 1781)
   Adagio - Allegro Thema. Andantino cantabile Variazioni I-V Thema. Allegretto
PAUSE
Sechs Variationen in g über das französische Lied "Au bord d'une fontaine", KV 360 (Wien, Juni 1781)
Sonate Es-dur KV 380 (Wien, Sommer 1781)
   Allegro
   Andante con moto Rondeau. Allegro
Jaap Schroeuer	Violine
Jos van Immerseel	Hammerklavier
Violine in originaler Mensur von Jacobus Stainer, Absam 1665
Hammerflügel nach J.A. Stein, Augsburg Ende 18. Jh., von Monika May, Schriesheim/Heidelberg
Titelbild: Wolfgang Amadeus Mozart musiziert während seines Zürcher Aufenthalts, 1766 (Federzeichnung aus dem Kupferstichkabinett Basel)
Hinweis:
4.	Konzert
Dienstag, 23. März 1982, 20.15 Uhr in der Martinskirche
Alessandro Scarlatti: Johannespassion
Renä Jacobs, Kurt Widmer, Graham Pushee (Gesang), Basler Madrigalisten, Leitung: Fritz Näf, Instrumentalensemble der Schola Cantorum Basiliensis
Eintritt für Mitglieder frei. Nichtmitglieder bezahlen Fr. 14.50; Jugendliche, Studenten und Berufsschüler der Musik-Akademie Fr. 8.80]]></page>
<pb facs="CH_Bm_prg/pyr_CH_Bm_prg-0474.tif"/>
<page><![CDATA[﻿Freunde Alter Musik Basel]]></page>
       
        </p>
    </body>
  </text>
</TEI>
