<?xml version="1.0" encoding="UTF-8"?>
<?xml-model href="http://www.tei-c.org/release/xml/tei/custom/schema/relaxng/tei_all.rng" schematypens="http://relaxng.org/ns/structure/1.0"?>
<TEI xmlns="http://www.tei-c.org/ns/1.0">
  <teiHeader>
    <fileDesc>
        <titleStmt>
            <title>BASEL</title>
        </titleStmt>
        <editionStmt>
            <edition>TEI P5.1 Edition</edition>
            <respStmt>
                <resp>
                    <persName>Claudio Bacciagaluppi</persName>
                    <persName>Laurent Pugin</persName>
                    <persName>Rodolfo Zitellini</persName>
                    <date when="2016-01">Janvier 2016</date>
                </resp>
                <name>Bureau Suisse du RISM</name>
            </respStmt>
        </editionStmt>
        <publicationStmt>
            <publisher><orgName xml:base="http://www.rism-ch.org">Bureau Suisse du RISM</orgName></publisher>
        </publicationStmt>
	    <seriesStmt>
	     <idno type="collection">ch_famb</idno>
	    </seriesStmt>
      <sourceDesc>
		<bibl>
        <title>Concert<date when="19731016">16/10/1973</date></title>
<series>Concert</series>
<placeName>Basel, Hans Huber-Saal des Stadtcasinos Basel</placeName>
<orgName role="holding">Archiv des Vereins Freunde alter Musik Basel; <link target="http://famb.ch/"/></orgName>

		</bibl>
      </sourceDesc>
    </fileDesc>
  </teiHeader>
  <text>
    <body>
        <p> <!-- all the content of the program in one paragraph -->
            <pb facs="CH_Bm_prg/pyr_CH_Bm_prg-0368.tif"/>
<date when="19731016"/>
<name key="Duphly, Jacques" type="person" role="cmp">Duphly, Jacques</name>
<name key="Bach, Johann Sebastian" type="person" role="cmp">Bach, Johann Sebastian</name>
<name key="Forqueray, Antoine" type="person" role="cmp">Forqueray, Antoine</name><name key="Leonhardt, Gustav" type="person" role="int">Leonhardt, Gustav</name><title>Concert</title>
<placeName key="Basel, Hans Huber-Saal des Stadtcasinos Basel"/>
<name key="Concert" type="series"/>
<page><![CDATA[﻿FREUNDE ALTEP MUSIK IW BASEL
]. Konzert
Cembaloinusik des 18. Jahrhunderts
GUSTAV LEONHARDT
Di enstag den lb. Oktober 7 3
          20.15	Uhr Hans-Huber-Saal Stadtcasino]]></page>
<pb facs="CH_Bm_prg/pyr_CH_Bm_prg-0369.tif"/>
<page><![CDATA[﻿PROGRAMM
Jacques Duphly 1715-1789
Allemande / Courante /
La Dairanzy / La de Belorrbre
  (ler et 3dme Livre des Pi&ces pour Clavecin, 1744/58)
Johann Sebastian Bach 1685-1750
Suite e-moll, BWV 996
 Prelude / Allemande / Courante / Sarabande / Bourree / Gigue
Johann Sebastian Bach Praeludium und Fuge Es-Dur
                       Praeludium und Fuge es-moll
                          (BWV 852 und 853. Aus dem "Wohltemperirten Clavier" I)
Johann Sebastian Bach Partita D-Dur, BWV 828
                         Ouverture / Allemande / Courante / Air / Sarabande / Menuet / Gigue
                          (Clavier-Uebungen I)
Antoine Forqueray 1672-1745
La Couperin / La Portugaise /
La Rfigante / La Clßment / La Sylva / La Marella
(PiSces de Clavecin, gedr. 1747)

^ustav Leonhardt (Cembalo)
Das verwendete Instrument:
Cembalo nach Joh. Daniel Dulcken (1755) von Eckehart Merzdorf
Programm gratis
Eintritt für Mitglieder frei
Karten für Nichtmitglieder zu Fr. 10.35 (Jugendliche, Studenten und Berufsschüler der Musik-Akademie Fr. 5.75) sind im Vorverkauf im Musikhaus "au concert",
Aeschenvorstadt 24,und an der Abendkasse erhältlich.]]></page>
       
        </p>
    </body>
  </text>
</TEI>
