<?xml version="1.0" encoding="UTF-8"?>
<?xml-model href="http://www.tei-c.org/release/xml/tei/custom/schema/relaxng/tei_all.rng" schematypens="http://relaxng.org/ns/structure/1.0"?>
<TEI xmlns="http://www.tei-c.org/ns/1.0">
  <teiHeader>
    <fileDesc>
        <titleStmt>
            <title>BASEL</title>
        </titleStmt>
        <editionStmt>
            <edition>TEI P5.1 Edition</edition>
            <respStmt>
                <resp>
                    <persName>Claudio Bacciagaluppi</persName>
                    <persName>Laurent Pugin</persName>
                    <persName>Rodolfo Zitellini</persName>
                    <date when="2016-01">Janvier 2016</date>
                </resp>
                <name>Bureau Suisse du RISM</name>
            </respStmt>
        </editionStmt>
        <publicationStmt>
            <publisher><orgName xml:base="http://www.rism-ch.org">Bureau Suisse du RISM</orgName></publisher>
        </publicationStmt>
	    <seriesStmt>
	     <idno type="collection">ch_famb</idno>
	    </seriesStmt>
      <sourceDesc>
		<bibl>
        <title>Concert<date when="19861126">26/11/1986</date></title>
<series>Concert</series>
<placeName>Basel, Grosser Saal der Musik-Akademie</placeName>
<orgName role="holding">Archiv des Vereins Freunde alter Musik Basel; <link target="http://famb.ch/"/></orgName>

		</bibl>
      </sourceDesc>
    </fileDesc>
  </teiHeader>
  <text>
    <body>
        <p> <!-- all the content of the program in one paragraph -->
            <pb facs="CH_Bm_prg/pyr_CH_Bm_prg-1390.tif"/>
<date when="19861126"/>
<name key="Beethoven, Ludwig van" type="person" role="cmp">Beethoven, Ludwig van</name><name key="Schroeder, Jaap" type="person" role="int">Schroeder, Jaap</name>
<name key="Immerseel, Jos van" type="person" role="int">Immerseel, Jos van</name><title>Concert</title>
<placeName key="Basel, Grosser Saal der Musik-Akademie"/>
<name key="Concert" type="series"/>
<page><![CDATA[﻿  1.	EXTRAKONZERT
Mittwoch, 26. November 1986, 20.15 Uhr Grösser Saal der Musik-Akademie
Ausführende
Jos van Immerseel (Fortepiano) Jaap Schröder (Violine)
Hinweis
Die Beethoven-Sonaten Op. 12, Nr. 2 und 3 und Op. 47 (Kreutzer-Sonate) gelangen am Mittwoch, 25. Februar 1987, die Sonaten Op. 30, Nr. 2 und 3 und Op. 96 am Mittwoch, 6. Mai 1987, jeweils um
20.15	Uhr im Grossen Saal der Musik-Akademie zur Aufführung.
*****
2.	Konzert der "Freunde alter Musik in Basel", Mittwoch, 21. und Donnerstag, 22. Januar 1987 (Wiederholung), 20.15 Uhr
Wandelkonzert in der BarfUsserkirche / Balli, Canzone und Bassa danza des 15. Jahrhunderts nach einem italienischen Vorbild
Das Ferrara-Ensemble der Schola Cantorum Basiliensis

Ludwig van Beethoven (1770 - 1827) Sämtliche Sonaten für Planoforte und Violine
PROGRAMM
Sonate D-dur, op. 12/Nr. 1
              Allegro con brio Tema con variazioni Rondo: Allegro
           Sonate a-moll, op. 23 Presto
              Andante Scherzoso, piü Allegretto Allegro molto
           Sonate A-dur, op. 30/Nr. 1 Allegro
              Adagio molto espressivo Allegretto con variazioni
           Sonate F-dur, op. 24 ("Frühling") Allegro
              Adagio molto espressivo Allegretto con variazioni
Fortepiano von Nannette Streicher-Stein, Wien 1816]]></page>
       
        </p>
    </body>
  </text>
</TEI>
