<?xml version="1.0" encoding="UTF-8"?>
<?xml-model href="http://www.tei-c.org/release/xml/tei/custom/schema/relaxng/tei_all.rng" schematypens="http://relaxng.org/ns/structure/1.0"?>
<TEI xmlns="http://www.tei-c.org/ns/1.0">
  <teiHeader>
    <fileDesc>
        <titleStmt>
            <title>BASEL</title>
        </titleStmt>
        <editionStmt>
            <edition>TEI P5.1 Edition</edition>
            <respStmt>
                <resp>
                    <persName>Claudio Bacciagaluppi</persName>
                    <persName>Laurent Pugin</persName>
                    <persName>Rodolfo Zitellini</persName>
                    <date when="2016-01">Janvier 2016</date>
                </resp>
                <name>Bureau Suisse du RISM</name>
            </respStmt>
        </editionStmt>
        <publicationStmt>
            <publisher><orgName xml:base="http://www.rism-ch.org">Bureau Suisse du RISM</orgName></publisher>
        </publicationStmt>
	    <seriesStmt>
	     <idno type="collection">ch_famb</idno>
	    </seriesStmt>
      <sourceDesc>
		<bibl>
        <title>Concert<date when="19761213">13/12/1976</date></title>
<series>Concert</series>
<placeName>Basel, Hans Huber-Saal des Stadtcasinos Basel</placeName>
<orgName role="holding">Archiv des Vereins Freunde alter Musik Basel; <link target="http://famb.ch/"/></orgName>

		</bibl>
      </sourceDesc>
    </fileDesc>
  </teiHeader>
  <text>
    <body>
        <p> <!-- all the content of the program in one paragraph -->
            <pb facs="CH_Bm_prg/pyr_CH_Bm_prg-1683.tif"/>
<date when="19761213"/>
<name key="Rameau, Jean-Philippe" type="person" role="cmp">Rameau, Jean-Philippe</name>
<name key="Marais, Marin" type="person" role="cmp">Marais, Marin</name>
<name key="Bach, Johann Sebastian" type="person" role="cmp">Bach, Johann Sebastian</name>
<name key="Müthel, Johann Gottfried" type="person" role="cmp">Müthel, Johann Gottfried</name>
<name key="Corelli, Arcangelo" type="person" role="cmp">Corelli, Arcangelo</name><name key="Kuijken, Barthold" type="person" role="int">Kuijken, Barthold</name>
<name key="Kuijken, Sigiswald" type="person" role="int">Kuijken, Sigiswald</name>
<name key="Kuijken, Wieland" type="person" role="int">Kuijken, Wieland</name>
<name key="Leonhardt, Gustav" type="person" role="int">Leonhardt, Gustav</name><title>Concert</title>
<placeName key="Basel, Hans Huber-Saal des Stadtcasinos Basel"/>
<name key="Concert" type="series"/>
<page><![CDATA[﻿Montag,, den 13. Dezember 1976, 20.15 Uhr
im Hans Huber-Saal des Stadtcasinos]]></page>
<pb facs="CH_Bm_prg/pyr_CH_Bm_prg-1684.tif"/>
<page><![CDATA[﻿PROGRAMM
Jean-Philippe Rameau 1683-1764
Marin Marais 1656-1728
Johann Sebastian Bach 1685-1750
Johann Gottfried Müthel 1728-1788
Arcangelo Corelli 1653-1713
Johann Sebastian Bach
Ve Concert
La Forqueray / La. Cupis / La Marais
Pieces de Viole:
Prelude / Fantaisie / Rondeau /
Plainte / Charivary
(lyem g-j- mein Livre de Pieces de Viole) Suite c-moll
(Cembalo-Fassung der Suite g-moll für Laute, BWV 995, von Gustav Leonhardt)
Prelude / Allemande / Courante / Sarabande / Gavotte I u. II / Gigue
Sonate D-dur
für Flöte und Continuo
Adagio / Allegro ma non troppo / Cantabile
Sonate A-dur, op.5, Nr.9 für Violine und Continuo (mit Verzierungen von Geminiani)
Preludio / Giga / Adagio / Tempo di Gavotta
Pause
Trio für Flöte, Violine und Continuo aus dem Musikalischen Opfer (BWV 1079)
Largo / Allegro / Andante / Allegro
AUSFUEHRENDE
Barthold Kuijken, Traversflöte
Sigiswald Kuijken, Violine in alter Mensur und
                   Viola da gamba
Wieland Kuijken, Viola da gamba
Gustav Leonhardt, Cembalo
INSTRUMENTE
Traversflöte von G.A. Rottenburgh, Brüssel ca. 1745 Violine aus der Maggini-Schule, Mitte 17. Jahrhundert Viola da gamba von P. Prevost, Paris 1634 Cembalo nach Taskin von William Dowd, Paris
Programm gratis.
Eintritt für Mitglieder frei.
Karten für Nichtmitglieder zu Fr. 10.35 (Jugendliche, Studenten und Berufsschüler der Musik-Akademie Fr. 5.75) im Vorverkauf beim Musikhaus "au concert", Aeschenvorstadt 24, Tel. 23.11.76, und an der Abendkasse.]]></page>
<pb facs="CH_Bm_prg/pyr_CH_Bm_prg-1685.tif"/>
<page><![CDATA[﻿]]></page>
       
        </p>
    </body>
  </text>
</TEI>
