<?xml version="1.0" encoding="UTF-8"?>
<?xml-model href="http://www.tei-c.org/release/xml/tei/custom/schema/relaxng/tei_all.rng" schematypens="http://relaxng.org/ns/structure/1.0"?>
<TEI xmlns="http://www.tei-c.org/ns/1.0">
  <teiHeader>
    <fileDesc>
        <titleStmt>
            <title>BASEL</title>
        </titleStmt>
        <editionStmt>
            <edition>TEI P5.1 Edition</edition>
            <respStmt>
                <resp>
                    <persName>Claudio Bacciagaluppi</persName>
                    <persName>Laurent Pugin</persName>
                    <persName>Rodolfo Zitellini</persName>
                    <date when="2016-01">Janvier 2016</date>
                </resp>
                <name>Bureau Suisse du RISM</name>
            </respStmt>
        </editionStmt>
        <publicationStmt>
            <publisher><orgName xml:base="http://www.rism-ch.org">Bureau Suisse du RISM</orgName></publisher>
        </publicationStmt>
	    <seriesStmt>
	     <idno type="collection">ch_famb</idno>
	    </seriesStmt>
      <sourceDesc>
		<bibl>
        <title>Concert<date when="20000530">30/05/2000</date></title>
<series>Concert</series>
<placeName>Basel, Martinskirche</placeName>
<orgName role="holding">Archiv des Vereins Freunde alter Musik Basel; <link target="http://famb.ch/"/></orgName>

		</bibl>
      </sourceDesc>
    </fileDesc>
  </teiHeader>
  <text>
    <body>
        <p> <!-- all the content of the program in one paragraph -->
            <pb facs="CH_Bm_prg/pyr_CH_Bm_prg-1025.tif"/>
<date when="20000530"/>
<name key="Escobar, Pedro de" type="person" role="cmp">Escobar, Pedro de</name>
<name key="Gregorian chant" type="person" role="cmp">Gregorian chant</name>
<name key="Josquin des Prez" type="person" role="cmp">Josquin des Prez</name>
<name key="Urrede, Juan de" type="person" role="cmp">Urrede, Juan de</name>
<name key="Peñalosa, Francisco de" type="person" role="cmp">Peñalosa, Francisco de</name><name key="Vellard, Dominique" type="person" role="int">Vellard, Dominique</name>
<name key="Harrison, Ian" type="person" role="int">Harrison, Ian</name>
<name key="Arnaz de Hoyos, Ana" type="person" role="int">Arnaz de Hoyos, Ana</name>
<name key="Altadill i Brianso, Maria" type="person" role="int">Altadill i Brianso, Maria</name>
<name key="Lutsenko, Tatyana" type="person" role="int">Lutsenko, Tatyana</name>
<name key="Schneider-Waterberg, Reiner" type="person" role="int">Schneider-Waterberg, Reiner</name>
<name key="Munderloh, David" type="person" role="int">Munderloh, David</name>
<name key="Senn, Georg" type="person" role="int">Senn, Georg</name>
<name key="Johansen, Petter" type="person" role="int">Johansen, Petter</name>
<name key="Perkins, Julian" type="person" role="int">Perkins, Julian</name>
<name key="Glashagen, Gabriele" type="person" role="int">Glashagen, Gabriele</name>
<name key="Hernandez Pastor, José" type="person" role="int">Hernandez Pastor, José</name>
<name key="Pelagatti, Daniel" type="person" role="int">Pelagatti, Daniel</name>
<name key="Stricker, Felix" type="person" role="int">Stricker, Felix</name>
<name key="Gevers, Cas" type="person" role="int">Gevers, Cas</name><title>Concert</title>
<placeName key="Basel, Martinskirche"/>
<name key="Concert" type="series"/>
<page><![CDATA[﻿Freunde alter Musik.S
Dienstag, 30.5.2000, 20.15 Uhr
Münster Basel
Konzert IV
Musik um 1500
  Pedro de Escobar: Eine Messe an der Kathedrale von Sevilla
  Ensemble Cantus figuratus Dominique Vellard, Leitung
  Ensemble Les Haulz et les bas lan Harrison, Leitung
    Ka rten vorver ka uf: Musik Hug AG Freie Strasse 70, Basel
Tel. 061-272 33 95
Basel]]></page>
<pb facs="CH_Bm_prg/pyr_CH_Bm_prg-1026.tif"/>
<page><![CDATA[﻿Zu diesem Programm
Dieses Konzert ist im Sinn einer Messe konzipiert, wie sie in der von den katholischen Königen Isabella von Kastilien und Fernando de Aragon zu Beginn des 16. Jahrhunderts in Granada gegründeten Kapelle hätte erklingen können.
Die Rekonstruktion basiertaufeiner der Jungfrau Maria gewidmeten Messe, die in der Zeit nach der Reconquista auf Wunsch der Monarchen sehr verehrt wurde. Die Quelle des gregorianischen Propriums ist relativ unbekannt. Es handelt sich um ein 1507 in Granada veröffentlichtes Graduale. Das Ordinarium ist eine Messe von Pedro de Escobar zu vier Stimmen aus dem Manuskript 2/3 der Kathedrale von Taracona.
Da Sevilla seitdem frühen 16. Jahrhundertdie reichste und künstlerisch aktivste Stadt der Iberischen Halbinsel war, ist es nicht verwunderlich, dass die frühesten Belege für ein Bläserensemble an einer europäischen Kathedrale in den Lohnlisten der Kathedrale von Sevilla erscheinen. . .es würde dieser heiligen Kirche zur Ehre gereichen, im Dienst des Gotteslobs einige bezahlte 'laute' Menestrels (Posaunen und Schalmeien) zu beschäftigen an den wichtigsten Festtagen und anlässlich der Prozessionen, welche die Kirche veranstaltet.... Das Kapitel ordnet an, dass fünf laute Menestrels berufen werden sollen: drei Schalmeispieler, das heisst Sopran, Tenor und Contra, und zwei Posaunisten, Personen, die etwas von dieser Kunst verstehen, um in dieser Kirche zu dienen." (Sevilla, Kathedralarchive,
26.Juli 1526).
Es ist ein Glücksfall, dass dieses Dokument erhalten blieb, um so mehr als der Schreiber sich die Mühe nahm, nicht nur die Instrumente zu spezifizieren, sondern auch ihr Grösse anzugeben, was uns erlaubt, das Ensemble zu rekonstruieren. Da die Quellen für den Grossteil der sakralen Musik der frühen Renaissance keine Hinweise auf die Mitwirkung von Instrumenten geben, können wir nur aus solchen Belegen Schlüsse auf die reale Musikpraxisziehen.
Dieses Programm ist entsprechend der vokalen und instrumentalen Möglichkeiten der Liturgie an der Kathedrale von Sevilla zu
Beginn d^i 6. Jahrhunderts gestaltet. Es beginnt miteiner Pro- . Zession, i^welcher die Schalmeien und Posaunen die Geistlichen in die Kirche geleiten, wo ein Hochamt gesungen und gespieltwird, dessen Musik aus Choral, Instrumentalmusik, polyphonen Motetten und mehrstimmigen Mess-Sätzen des Ordi-nariums besteht. Letztere konnten entweder vom Chorallein gesungen oder zusätzlich mit Instrumenten begleitet werden.
Die Sätze des Ordinariums stammen aus der Messe von Pedro de Escobar. Der Portugiese Escobar wurde ca. 1465 geboren und diente als Kapellmeister in Sevilla von 1507 bis 1514. Die letzte Nennung seines Namens stammt aus dem Jahre 1535. Datum und Anlass seiner einzigen vollständig überlieferten Messe sind unbekannt. Die Verteilung der Stimmen entspricht der Besetzung aus dem Sevilla-Dokument. Obwohl das Dokument relativ genaue Angaben macht, bleiben für die Rekonstruktion des Bläserensembles der Kathedrale von Sevilla einige Fragen offen. So wissen wir wenig über die Tonhöhen der Schalmeien, die in den 1520er Jahren auf der Iberischen Halbinsel gebräuchlich waren. Für dieses Konzert haben wir uns daher an spätere Informationen aus Spanien und dem Restvon Europa gehalten.
In Salamanca isteine bedeutende Sammlung von Schalmeien erhalten geblieben. Vieles ist noch zu erforschen, was Herkunft, Datierung und den Gebrauch dieser Instrumente betrifft, jedoch entsprechen ihre Tonhöhen den erhaltenen Renaissance-Schal-meien aus ganz Europa mit dem Sopran um es und dem Alt um as.
Nicht zu entscheiden istebenfalls, ob die Bezeichnung 'contra' sich auf eine bestimmte Grösse der Schalmei bezog oder auf eine bestimmte Stimme, die der Spieler auszuführen hatte. Der Contratenor altus (gewöhnlich mit 'contra' oder 'altus' bezeichnet), hatte in jener Zeit oft denselben Umfang wie der Tenor. Martin Agricola nannte die mittlere der drei Schalmeigrössen in seinem Buch "Musica instrumentalis deudsch" von 1529 'tenor altus'. (Das tiefste Instrument, welches er 'bassus' nannte, wird heute als Tenorschalmei bezeichnet). Das würde bedeuten, dass
die im Sevilla-Dokument erwähnten Tenor- und Contra-Schalmei-en ein und dasselbe Instrument waren. Dennoch können wir nichtausschliessen, dassdie beiden Schalmeien sich in der Grösse unterschieden. Erst einige Jahre später, 1539, erwähnten die Instrumentenbauer Sigmund und Matthias Schnitzer aus Nürnberg vier verschiedene Schalmeigrössen in ihrem Jahresregister: einen grossen 'pumhart' einen 'vagant', 2 'tenor' und 2 'discant'. Die Verteilung der Stimmen im zweiten Agnus von Escobars Messe scheint beide Interpretationen von 'contra' zuzulassen. Dieser Satz erfordert auch, dassdie beiden Posaunisten ihr zweites Rohr einsetzen. Die Posaune jener Zeit war kein Instrument, das in seiner Form fest zusammengelötet war wie die moderne Posaune. Vielmehr wurde sie aus einzelnen ineinander-steckbaren Rohren zusammengesetzt, entweder als Alt/Tenor-Instrument mit einem einzigen Zug oder als Bass-Instrument mit einem Doppelzug. Ein Medaillon auf dem hohen Lesepult der Kathedrale von Sevilla, welches mit 1564 datiert ist, zeigt ein Bläserensemble bestehend aus einer 'cantus'-und einer 'tenor-altus'-Schalmei, einem Zink und zwei Posaunen. Es könnte sein, dass diese Besetzung dem damaligen Ensemble der Kathedrale entspricht.
Biszum späten 16. Jahrhundertwurden Schalmeien und Posaunen an spanischen Kathedralen verwendet. In Nordeuropa fallen die ersten Belege für die Kombination von Stimmen und Instrumenten in liturgischen Zeremonien mit den frühesten Belegen für den Zink zusammen. Offenbar bestand das Bestreben, Gesang und Instrumentalspiel zu kombinieren, jedoch erschien die Schalmei als zu schrill und/oderzu hoch für diesen Zweck, und so war denn der Zink die ersehnte Lösung des Problems.
                                  lan Harrison Übersetzung: Nicoletta Gossen]]></page>
<pb facs="CH_Bm_prg/pyr_CH_Bm_prg-1027.tif"/>
<page><![CDATA[﻿Musik um 1500 - in Spanien Pedro de Escobar: Missa a 4
Choral: Officium Virginis Marie in sabbatis (Granada 1507) und Instrumentalsätze
 Vivele Roy (instr.)
Vultum tuum deprecabuntur
P.
P.
 Speciosus forma Postpartum virgo Gaude ad chorus celestium Ave Maris Stella (instr.) P.
Ingressus Introitus Kyrie (tropiert)
Gloria
Graduale
Alleluia
Prosa
Credo
Offertorium
Prefatio
Sanctus
Elevatio
Pater Noster
Agnus Dei
Communio
Ite missa est
Motette
Motette
Felix namque
Pange Lingua (instr.)
Beata viscera
J. Desprez Choral de Escobar und Choral de Escobar Choral Choral Choral de Escobar P. de Escobar Choral Choral P. de Escobar J. Urrede F. da Penalosa P. de Escobar Choral Choral F. da Penalosa
F.	da Penalosa
O	decus virgineum
O	domine sanctissima
Cantus figuratus
Ana Arnaz de Hoyos Maria Altadill i Brianso Tatyana Lutsenko
Reiner Schneider-» jterberg David Munderloh Georg Senn Petterjohansen Julian Perkins
Gabriele Glashagen Jose Hernandez Pastor
Das Vokalensemble „Cantus figuratus", das aus Studierenden des mittelalterlichen Gesanges und einigen Zuzügern unter der Leitung des SCB-Lehrers Dominique Vellard besteht, widmet sich seitvielen Jahren geistlichen Werken des 13. bis 16. Jahrhunderts. Es ist bei den FAMB mehrfach hervorgetreten und auf diversen CDszu hören (etwa mit der Dufay-Messe „Ave Regina Caelorum" und mit Werken Palestrinas). Mit spanischer Musik der Renaissance beschäftigt sich das Ensemble zum ersten Mal.
Les Haulz et les bas
lanHarrison	Schalmei, Pommer
Daniel Pelagatti	Pommer
Felix Stricker	Posaune, Zugtrompete
Cas Gevers	Posaune
Das 1993 gegründete Ensemble "Les Haulz et les bas" zählt heute zu den aktivsten Bläserensembles im Bereich der Musik des Mittelalters und der Renaissance. Im gleichen Jahr gewann das Ensemble Preise am Festival für Alte Musik in Brügge und am Belgischen Radio BRTN. Konzert und Vorträge fanden statt an vielen führenden Festivals für Alte Musik wie Brügge, Utrecht, Cambridge und Berlin, an den Universitäten von Oxford und London, der Historie Brass Society und der Galpin Society Edinburgh, dem königlichen Konservatorium Den Haag und an der Schola Cantorum Basiliensis.
Kultur*
d
Das Konzert wird von Schweizer Radio DRS2 aufgenommen und am Montag, 26. Juni 2000, um 22.35 Uhr ausgestrahlt.]]></page>
       
        </p>
    </body>
  </text>
</TEI>
