<?xml version="1.0" encoding="UTF-8"?>
<?xml-model href="http://www.tei-c.org/release/xml/tei/custom/schema/relaxng/tei_all.rng" schematypens="http://relaxng.org/ns/structure/1.0"?>
<TEI xmlns="http://www.tei-c.org/ns/1.0">
  <teiHeader>
    <fileDesc>
        <titleStmt>
            <title>BASEL</title>
        </titleStmt>
        <editionStmt>
            <edition>TEI P5.1 Edition</edition>
            <respStmt>
                <resp>
                    <persName>Claudio Bacciagaluppi</persName>
                    <persName>Laurent Pugin</persName>
                    <persName>Rodolfo Zitellini</persName>
                    <date when="2016-01">Janvier 2016</date>
                </resp>
                <name>Bureau Suisse du RISM</name>
            </respStmt>
        </editionStmt>
        <publicationStmt>
            <publisher><orgName xml:base="http://www.rism-ch.org">Bureau Suisse du RISM</orgName></publisher>
        </publicationStmt>
	    <seriesStmt>
	     <idno type="collection">ch_famb</idno>
	    </seriesStmt>
      <sourceDesc>
		<bibl>
        <title>Season<date when="19460208">08/02/1946</date></title>
<series>Season</series>
<placeName>Basel, Vortragssaal des Kunstmuseums</placeName>
<orgName role="holding">Archiv des Vereins Freunde alter Musik Basel; <link target="http://famb.ch/"/></orgName>

		</bibl>
      </sourceDesc>
    </fileDesc>
  </teiHeader>
  <text>
    <body>
        <p> <!-- all the content of the program in one paragraph -->
            <pb facs="CH_Bm_prg/pyr_CH_Bm_prg-0011.tif"/>
<date when="19460208"/>
<name key="Blavet, Michel" type="person" role="cmp">Blavet, Michel</name>
<name key="Couperin, François" type="person" role="cmp">Couperin, François</name>
<name key="Rameau, Jean-Philippe" type="person" role="cmp">Rameau, Jean-Philippe</name>
<name key="Staden, Johann" type="person" role="cmp">Staden, Johann</name>
<name key="Anonymus" type="person" role="cmp">Anonymus</name>
<name key="Scheidt, Samuel" type="person" role="cmp">Scheidt, Samuel</name>
<name key="Monteverdi, Claudio" type="person" role="cmp">Monteverdi, Claudio</name>
<name key="Gabrieli, Giovanni" type="person" role="cmp">Gabrieli, Giovanni</name>
<name key="Purcell, Henry" type="person" role="cmp">Purcell, Henry</name>
<name key="Wigthorp, William" type="person" role="cmp">Wigthorp, William</name>
<name key="Whythorne, Thomas" type="person" role="cmp">Whythorne, Thomas</name>
<name key="Locke, Matthew" type="person" role="cmp">Locke, Matthew</name>
<name key="Johannes de Florentia" type="person" role="cmp">Johannes de Florentia</name>
<name key="Vicenzo da Rimini" type="person" role="cmp">Vicenzo da Rimini</name>
<name key="Landini, Francesco" type="person" role="cmp">Landini, Francesco</name>
<name key="Anonymus" type="person" role="cmp">Anonymus</name>
<name key="Du Fay, Guillaume" type="person" role="cmp">Dufay, Guillaume</name>
<name key="Rore, Cipriano de" type="person" role="cmp">Rore, Cipriano de</name>
<name key="Palestrina, Giovanni Pierluigi da" type="person" role="cmp">Palestrina, Giovanni Pierluigi da</name>
<name key="Marenzio, Luca" type="person" role="cmp">Marenzio, Luca</name>
<name key="Lasso, Orlando di" type="person" role="cmp">Lasso, Orlando di</name>
<name key="Monteverdi, Claudio" type="person" role="cmp">Monteverdi, Claudio</name>
<name key="Froberger, Johann Jacob" type="person" role="cmp">Froberger, Johann Jacob</name>
<name key="Weckmann, Matthias" type="person" role="cmp">Weckmann, Matthias</name>
<name key="Hassler, Hans Leo" type="person" role="cmp">Hassler, Hans Leo</name>
<name key="Schütz, Heinrich" type="person" role="cmp">Schütz, Heinrich</name>
<name key="Buxtehude, Dietrich" type="person" role="cmp">Buxtehude, Dieterich</name>
<name key="Rosenmüller, Johann" type="person" role="cmp">Rosenmüller, Johann</name>
<name key="Bach, Carl Philipp Emmanuel" type="person" role="cmp">Bach, Carl Philipp Emanuel</name>
<name key="Handel, George Frideric" type="person" role="cmp">Händel, Georg Friedrich</name>
<name key="Handel, George Frideric" type="person" role="cmp">Händel, Georg Friedrich</name>
<name key="Hasse, Johann Adolf" type="person" role="cmp">Hasse, Johann Adolf</name>
<name key="Couperin, François" type="person" role="cmp">Couperin, François</name>
<name key="Vivaldi, Antonio" type="person" role="cmp">Vivaldi, Antonio</name>
<name key="Telemann, Georg Philipp" type="person" role="cmp">Telemann, Georg Philipp</name>
<name key="Bach, Johann Sebastian" type="person" role="cmp">Bach, Johann Sebastian</name><name key="Bopp, Joseph" type="person" role="int">Bopp, Joseph</name>
<name key="Wenzinger, August" type="person" role="int">Wenzinger, August</name>
<name key="Flügel, Gertrud" type="person" role="int">Flügel, Gertrud</name>
<name key="Müller, Eduard" type="person" role="int">Müller, Eduard</name>
<name key="Nef-Lavater, Louise" type="person" role="int">Nef-Lavater, Louise</name>
<name key="Meili, Max" type="person" role="int">Meili, Max</name>
<name key="Wenzinger, August" type="person" role="int">Wenzinger, August</name>
<name key="Majer, Marianne" type="person" role="int">Majer, Marianne</name>
<name key="Wenzinger, Maya" type="person" role="int">Wenzinger, Maya</name>
<name key="Flügel, Gertrud" type="person" role="int">Flügel, Gertrud</name>
<name key="Scherz-Meister, Elsa" type="person" role="int">Scherz-Meister, Elsa</name>
<name key="Wenzinger, Ilse" type="person" role="int">Wenzinger, Ilse</name>
<name key="Ducommun, Amélie" type="person" role="int">Ducommun, Amélie</name>
<name key="Meili, Max" type="person" role="int">Meili, Max</name>
<name key="Etzensperger, Fritz" type="person" role="int">Etzensperger, Fritz</name>
<name key="Wenzinger, August" type="person" role="int">Wenzinger, August</name>
<name key="Massini, Annegret" type="person" role="int">Massini, Annegret</name>
<name key="Majer, Marianne" type="person" role="int">Majer, Marianne</name>
<name key="Wenzinger, Maya" type="person" role="int">Wenzinger, Maya</name>
<name key="Flügel, Gertrud" type="person" role="int">Flügel, Gertrud</name>
<name key="Wörsching, Fritz" type="person" role="int">Wörsching, Fritz</name>
<name key="Janner, Arminio" type="person" role="int">Janner, Arminio</name>
<name key="Scherz-Meister, Elsa" type="person" role="int">Scherz-Meister, Elsa</name>
<name key="Wenzinger, Ilse" type="person" role="int">Wenzinger, Ilse</name>
<name key="Ducommun, Amélie" type="person" role="int">Ducommun, Amélie</name>
<name key="Meili, Max" type="person" role="int">Meili, Max</name>
<name key="Etzensperger, Fritz" type="person" role="int">Etzensperger, Fritz</name>
<name key="Felicani, Rodolfo" type="person" role="int">Felicani, Rodolfo</name>
<name key="Majer, Marianne" type="person" role="int">Majer, Marianne</name>
<name key="Wenzinger, August" type="person" role="int">Wenzinger, August</name>
<name key="Wenzinger, Maya" type="person" role="int">Wenzinger, Maya</name>
<name key="Flügel, Gertrud" type="person" role="int">Flügel, Gertrud</name>
<name key="Massini, Annegret" type="person" role="int">Massini, Annegret</name>
<name key="Adler, Alice" type="person" role="int">Adler, Alice</name>
<name key="Stange, Anita" type="person" role="int">Stange, Anita</name>
<name key="Loeliger, Marguerite" type="person" role="int">Loeliger, Marguerite</name>
<name key="Wörsching, Fritz" type="person" role="int">Wörsching, Fritz</name>
<name key="Dietschy, Ursula" type="person" role="int">Dietschy, Ursula</name>
<name key="Müller, Eduard" type="person" role="int">Müller, Eduard</name>
<name key="Scherz-Meister, Elsa" type="person" role="int">Scherz-Meister, Elsa</name>
<name key="Kägi, Walter" type="person" role="int">Kägi, Walter</name>
<name key="Felicani, Rodolfo" type="person" role="int">Felicani, Rodolfo</name>
<name key="Majer, Marianne" type="person" role="int">Majer, Marianne</name>
<name key="Wenzinger, August" type="person" role="int">Wenzinger, August</name>
<name key="Massini, Annegret" type="person" role="int">Massini, Annegret</name>
<name key="Adler, Alice" type="person" role="int">Adler, Alice</name>
<name key="Bopp, Joseph" type="person" role="int">Bopp, Joseph</name>
<name key="Haldemann, Hugo" type="person" role="int">Haldemann, Hugo</name>
<name key="Müller, Eduard" type="person" role="int">Müller, Eduard</name>
<name key="Schlegel, Adolf" type="person" role="int">Schlegel, Adolf</name>
<name key="Dietschy, Ursula" type="person" role="int">Dietschy, Ursula</name>
<name key="Wenzinger, Ilse" type="person" role="int">Wenzinger, Ilse</name>
<name key="Helbling, Maria" type="person" role="int">Helbling, Maria</name>
<name key="Widmer-Hoch, Pauline" type="person" role="int">Widmer-Hoch, Pauline</name>
<name key="Salvati, Salvatore" type="person" role="int">Salvati, Salvatore</name>
<name key="Denger, Ernst" type="person" role="int">Denger, Ernst</name>
<name key="Straumann, Bruno" type="person" role="int">Straumann, Bruno</name>
<name key="Hublard, Madeleine" type="person" role="int">Hublard, Madeleine</name>
<name key="Benda, Hans J." type="person" role="int">Benda, Hans J.</name>
<name key="Geiser, Hanna" type="person" role="int">Geiser, Hanna</name>
<name key="Majer, Marianne" type="person" role="int">Majer, Marianne</name>
<name key="Gaçon, René" type="person" role="int">Gaçon, René</name>
<name key="Viale, Angelo" type="person" role="int">Viale, Angelo</name>
<name key="Pasztor, Georg" type="person" role="int">Pasztor, Georg</name>
<name key="Grieder, Max" type="person" role="int">Grieder, Max</name>
<name key="Wettengel, Anton (jun.)" type="person" role="int">Wettengel, Anton (jun.)</name>
<name key="Kägi, Valerie" type="person" role="int">Kägi, Valerie</name>
<name key="Herrmann, Emil" type="person" role="int">Herrmann, Emil</name>
<name key="Koelner, Richard" type="person" role="int">Koelner, Richard</name>
<name key="Iselin, Faustina" type="person" role="int">Iselin, Faustina</name>
<name key="Koelner, Käthi" type="person" role="int">Koelner, Käthi</name>
<name key="Moebius, Emilie" type="person" role="int">Moebius, Emilie</name>
<name key="Fulham, Henry" type="person" role="int">Fulham, Henry</name>
<name key="Meier, Edi" type="person" role="int">Meier, Edi</name>
<name key="Thür, Margret" type="person" role="int">Thür, Margret</name>
<name key="Blot, Dominique" type="person" role="int">Blot, Dominique</name>
<name key="Ortmans-Bach, Edmée" type="person" role="int">Ortmans-Bach, Edmée</name>
<name key="Caratgé, Fernand" type="person" role="int">Caratgé, Fernand</name>
<name key="Alliaume, Jacqueline" type="person" role="int">Alliaume, Jacqueline</name>
<name key="Crussard, Claude" type="person" role="int">Crussard, Claude</name><title>Season</title>
<placeName key="Basel, Vortragssaal des Kunstmuseums"/>
<name key="Season" type="series"/>
<page><![CDATA[﻿Freunde alter Musik, in Basel GENERALPROGRAMM 1946
Basel, Anfang Januar 1946.
  Sehr geehrte Dame, sehr geehrter Herrl
  Wir beehren uns, Ihnen das Generalprogramm 1946 zu überreichen und Sie zum Besuche unserer Konzerte und, soweit Sie nicht schon Mitglied sind, zum Beitritt zu unserem Verein höflich einzuladen.
  Der Verein „Freunde alter Musik in Basel“ wurde im September 1942 gegründet, um durch den Zusammenschluß aller Freunde alter Musik die stilgerechte Aufführung älterer Musikwerke unter möglichst genauer Berücksichtigung ihrer historischen Voraussetzungen in regelmäßigen Zyklen zu ermöglichen.
  Der Verein veranstaltet jährlich drei öffentliche Konzerte, sowie drei Hauskonzerte in intimerem Rahmen. Mitglieder haben freien Eintritt zu den drei Hauskonzerten und für die drei öffentlichen Konzerte das Recht zum Bezug von Mitglieder-Abonnements zu halben Preisen. (Uber Höhe der Mitgliederbeiträge und Vergünstigungen siehe Rückseite.)
  Über die Konzerttätigkeit orientiert Sie das umstehende Generalprogramm 1946 sowie der ebenfalls beiliegende Jahresbericht 1945. Für unsere Mitglieder legen wir außerdem einen Einzahlungsschein für den Jahresbeitrag 1946, sowie ein weiteres Generalprogramm samt Beitrittserklärung zu Werbezwecken im Familien- und Bekanntenkreise bei. Weitere Exemplare können bei der Sekretärin, Frau A. Sulger-Vischer, Malzgasse 21, bezogen werden.
  Wir bitten Sie um Einzahlung des Mitgliederbeitrags resp. um Einsendung der Beitrittserklärung bis spätestens Ende Januar 1946, damit wir Ihnen die Mitgliederkarte, welche als Ausweis zum freien Eintritt zu den Hauskonzerten dient, noch rechtzeitig vor dem 1. Hauskonzert zustellen können.
  Das Generalprogramm 1946 sieht außer den üblichen drei Hauskonzerten und drei öffentlichen Konzerten eine Extraveranstaltung vor. Sieben abwechslungsreiche Programme stellen so dem Hörer eine prachtvolle Auswahl größtenteils unbekannter Werke aus dem unerschöpflichen Vorrat der alten Musik in Aussicht, Schöpfungen verschiedener Epochen, Völker und Kulturen.]]></page>
<pb facs="CH_Bm_prg/pyr_CH_Bm_prg-0012.tif"/>
<page><![CDATA[﻿  Im ersten Hauskonzert führt der Zweiklang von Musik und gesprochenem Wort in eine Blütezeit französischen Kulturlebens. Das zweite Hauskonzert bringt ein Programm mit Musik für Tenor und Gambenquartett, das schon an mehreren Orten der Schweiz mit großem Erfolg aufgeführt worden ist. Für das dritte Hauskonzert ist es dem Vorstand gelungen, das Pariser Ensemble „Ars rediviva“ unter Leitung von Claude Crussard zu engagieren, das einem Teil unserer Mitglieder noch vom ersten, durch die F. A. M. B. am 30.November 1942 veranstalteten Konzert in bester Erinnerung sein wird.
   Im Mittelpunkt des ersten öffentlichen Konzertes steht der große Dichter Petrarca, der mit seinem Werk in engen und fruchtbaren Beziehungen zur Musik gestanden hat. Musik aus seiner Zeit enthält der erste Teil des Programms, Musik späterer Tonmeister zu seinen Versen der zweite. Im zweiten öffentlichen Konzert erklingt Kirchenmusik von Heinrich Schütz und seinen Zeitgenossen, die man bei uns noch immer viel zu wenig kennt. Das dritte öffentliche Konzert endlich ist dem wohl bedeutendsten Sohne des „alten Bach“ geweiht, der zu seinen Lebzeiten hoch angesehen war, von den Wiener Klassikern verehrt wurde, heute jedoch in seiner wahren Bedeutung meistens verkannt wird.
  Außerhalb der Reihe der 6 ordentlichen Konzerte wird der Verein F. A. M. B. im September 1946 zusammen mit dem Basler Marionettentheater als Extraveranstaltung eine Schäferoper von Händel zur Aufführung bringen, die auf der Bühne kaum mehr gespielt werden kann, verpflanzt in die intime Welt des Marionettentheaters jedoch ein besonderes Erlebnis zu werden verspricht. Unsere Mitglieder genießen für diese Veranstaltung Vorbezugsrecht und spezielle Preisermäßigung.
  Auch das Generalprogramm 1946 wird wieder einen besonderen Reiz durch die Wahl der Konzerträume erhalten. Es soll dadurch dem jeweiligen Konzertprogramm auch äußerlich ein stilgerechter Rahmen verliehen werden. Besonders hervorgehoben seien in dieser Hinsicht an neu gewählten Konzerträumen der Holbeinsaal des Kunstmuseums für das zweite Hauskonzert und das Refektorium des Kleinen Klingentals (Stadt- und Münstermuseum) für das erste öffentliche Konzert.
Mit vorzüglicher Hochachtung Der Vorstand der „Freunde alter Musik in Basel“
Dr. Erwin Frey (Präsident)
Prof.Dr.Werner Kaegi (Vizepräsident) Max Leu (Kassier)
Frau Elisabeth Stalder-Suter (Aktuarin)
Frau Antoinette Sulger-Vischer ( Sekretärin)
 Paul Baumgartner Dr. med. Ernst Buchmann Dr. Paul Gessler Dr. Walter Nef Paul Sacher Frau Philis v. Salis Paul ’Crüdinger Alfred Von der Mühll
GENERALPROGRAMM 1946 ©rei SpausFomerte
                I.	HAUSKONZERT Freitag, 8. Februar, 20.15 Uhr,
Vortragssaal des Kunstmuseums
Unter freundlicher Mitwirkung von Frau Louise Nef-Lavater (Rezitation) ; Konzertgruppe der Schola Cantorum Basiliensis: Joseph Bopp (Flauto traverso), August Wenzinger, Gertrud Flügel (Viola da gamba), Eduard Müller (Cembalo)
Aus der Zeit Voltaires
Blavet, Couperin, Rameau - Voltaire, Saint-Simon
II.	HAUSKONZERT
Samstag, 6. April, 17.45 und 20.30 Uhr,
Holbeinsaal des Kunstmuseums
Konzertgruppe der Schola Cantorum Basiliensis: Max Meili (Tenor), August Wenzinger, Marianne Majer, Maya Wenzinger, Gertrud Flügel (Gambenquartett)
Musik für Venor und Gamben
Deutsche Lieder, Monteverdi, englische Musik
III.	HAUSKONZERT
Samstag, 19. Oktober, 20.15 Uhr,
Vortragssaal des Kunstmuseums
Ars rediviva, Paris: Claude Crussard (Leitung und Cembalo), Dominique Blot, Edm6e Ortmans-Bach (Violine), Fernand Caratg6 (Flöte), Jacqueline Alliaume (Violoncello)
Kammermusik aus der Zeit Bachs und Händels
Händel, Hasse, Franjois Couperin, Vivaldi, Telemann, Bach
©rei öffentliche Äonjerte
Die verstärkte Konzertgruppe der Schola Cantorum Basiliensis Elsa Scherz-Meister, Ilse Wenzinger, Maria Helbling, Max Meili, Fritz Etzensperger (Gesang);
Joseph Bopp, Gertrud Flügel, Valerie Kägi, Walter Kägi, Marianne Majer, Eduard Müller, August Wenzinger, Maya Wenzinger, Fritz Wörsching (Instrumente)
Verantwortlich für die Aufführungen: August Wenzinger
I.	KONZERT
Mittwoch, 22. Mai, 20.15 Uhr,
Kleines Klingental (Stadt- und Münstermuseum)
Unter freundlicher Mitwirkung von Herrn Prof. Dr. Arminio Janner (Einführung und Rezitation)
Francesco Petrarca, seine Zeit und seine Wirkung
Johannes de Florentia, Landino, Dufay, Marenzio, Palestrina, Orlando di Lasso
II.	KONZERT
Donnerstag, 23. Mai, 20.15 Uhr, Martinskirche Deutsche Kirchenmusik Heinrich Schütz und Zeitgenossen
III.	KONZERT
Freitag, 24. Mai, 20.15 Uhr, Hans Hubersaal des Stadtcasinos
Philipp Emanuel Bach
Doppelkonzert für Cembalo und Hammerklavier, Violinsonate, Kantate, Violoncellokonzert
(*rtra s &eranftaltung
Marionettenaufführungen
Erste Hälfte September, Datum, Zeit, Saal und Einzelheiten werden später bekannt gegeben.
G. F. Händel, „11 pastor fido"
Schäferoper, dargeboten durch das Basler Marionettentheater (Leitung Richard Koelner) und die verstärkte Konzertgruppe der Schola Cantorum Basiliensis (Leitung August Wenzinger)]]></page>
<pb facs="CH_Bm_prg/pyr_CH_Bm_prg-0013.tif"/>
<page><![CDATA[﻿&erßünf}tßtma?n
 FÜR MITGLIEDER
 mit einem Jahresbeitrag von Fr. 10.—
(Personen unter 20 Jahren, Studenten, interne Konservatoristen und Berufsschüler der Schola Cantorum Basiliensis Fr. 5.—)
 Freier Eintritt zu jährlich drei Hauskonzerten
Vorbezugsrecht auf ein Mitgliederabonnement für die drei öffentlichen Konzerte zum Preise von Fr. 4.40, 6.60 oder 8.80 je nach Platzkategorie
Vorbezugsrecht auf je eine ermäßigte Einzelkarte zu den drei öffentlichen Konzerten anstelle des Mitgliederabonnements
FÜR FREIMITGLIEDER mit einem Jahresbeitrag von mindestens Fr. 25.—
Freier Eintritt zu den Hauskonzerten und zu den öffentlichen Konzerten auf Platzkategorie I mit Vorbezugsrecht gegenüber allen ändern Mitgliedern
 An Nichtmitglieder werden keine Abonnements ausgegeben
 PREISE DER EINZELKARTEN
Hauskonzerte Fr. 3.30 (Mitglieder frei)
Öffentliche Konzerte Fr. 3.30 (Mitglieder 2.20), Fr. 4.40 (Mitglieder 3.30)
 Fr. 5.50 (Mitglieder 4.40)
Der Mitgliederbeitrag ist bis zum 31. Januar 1946 auf Postcheckkonto
V	16 145 einzubezahlen. Wir nehmen an, daß es Mitgliedern, welche bis zu diesem Datum ihren Beitrag nicht bezahlt haben, angenehmer ist, wenn er per Postnachnahme erhoben wird
  Anmeldung zur Mitgliedschaft an die Aktuarin,
  Frau E. Stalder-Suter, Missionsstr. 31, Basel
]]></page>
       
        </p>
    </body>
  </text>
</TEI>
