<?xml version="1.0" encoding="UTF-8"?>
<?xml-model href="http://www.tei-c.org/release/xml/tei/custom/schema/relaxng/tei_all.rng" schematypens="http://relaxng.org/ns/structure/1.0"?>
<TEI xmlns="http://www.tei-c.org/ns/1.0">
  <teiHeader>
    <fileDesc>
        <titleStmt>
            <title>BASEL</title>
        </titleStmt>
        <editionStmt>
            <edition>TEI P5.1 Edition</edition>
            <respStmt>
                <resp>
                    <persName>Claudio Bacciagaluppi</persName>
                    <persName>Laurent Pugin</persName>
                    <persName>Rodolfo Zitellini</persName>
                    <date when="2016-01">Janvier 2016</date>
                </resp>
                <name>Bureau Suisse du RISM</name>
            </respStmt>
        </editionStmt>
        <publicationStmt>
            <publisher><orgName xml:base="http://www.rism-ch.org">Bureau Suisse du RISM</orgName></publisher>
        </publicationStmt>
	    <seriesStmt>
	     <idno type="collection">ch_famb</idno>
	    </seriesStmt>
      <sourceDesc>
		<bibl>
        <title>Concert<date when="19570614">14/06/1957</date></title>
<series>Concert</series>
<placeName>Basel, Martinskirche</placeName>
<orgName role="holding">Archiv des Vereins Freunde alter Musik Basel; <link target="http://famb.ch/"/></orgName>

		</bibl>
      </sourceDesc>
    </fileDesc>
  </teiHeader>
  <text>
    <body>
        <p> <!-- all the content of the program in one paragraph -->
            <pb facs="CH_Bm_prg/pyr_CH_Bm_prg-0779.tif"/>
<date when="19570614"/>
<name key="Bach, Johann Sebastian" type="person" role="cmp">Bach, Johann Sebastian</name><name key="Bopp, Joseph" type="person" role="int">Bopp, Joseph</name>
<name key="Linde, Hans-Martin" type="person" role="int">Linde, Hans-Martin</name>
<name key="Kägi, Valerie" type="person" role="int">Kägi, Valerie</name>
<name key="Felicani, Rodolfo" type="person" role="int">Felicani, Rodolfo</name>
<name key="Neininger, Wolfgang" type="person" role="int">Neininger, Wolfgang</name>
<name key="Schmidt, Christopher" type="person" role="int">Schmidt, Christopher</name>
<name key="Borel, Jean-Louis" type="person" role="int">Borel, Jean-Louis</name>
<name key="Heman, Christine" type="person" role="int">Heman, Christine</name>
<name key="Kägi, Walter" type="person" role="int">Kägi, Walter</name>
<name key="Majer, Marianne" type="person" role="int">Majer, Marianne</name>
<name key="Koch, Johannes" type="person" role="int">Koch, Johannes</name>
<name key="Müller, Hannelore" type="person" role="int">Müller, Hannelore</name>
<name key="Wenzinger, August" type="person" role="int">Wenzinger, August</name>
<name key="Viale, Angelo" type="person" role="int">Viale, Angelo</name>
<name key="Müller, Eduard" type="person" role="int">Müller, Eduard</name><title>Concert</title>
<placeName key="Basel, Martinskirche"/>
<name key="Concert" type="series"/>
<page><![CDATA[﻿      JUGENDHILFE FUER UNGARN UND
      FREUNDE ALTER MUSIK IN BASEL
 Freitag, l^.Juni 1957* £0.15 Uhr in der Martinskirche
      Johann Sebastian Bach DBEI BRANDENBURGISCHE KONZERTE
      SCHOLA CANTORUM BASILIENSIS:
Joseph Bopp (Traversflöte), Hans-Martin Linde, Valerie Kägi (Blockflöte), Rodolfo Felicani, Wolfgang Neininger, Christopher Schmidt, Jean-Louis Borei, Christine Heman (Violine), Walter Kägi, Marianne Majer (Bratsche), Johannes Koch, Eannelore Müller (Viola da gamba), August Wenzinger (Violoncello), Angelo Viale (Kontrabass), Eduard Müller (Cembalo)	-
Verantwortlich für die Aufführung: August Wenzinger	"
Programm JO Cts.
Karten zu Fr. (Mitglieder der "Freunde alter Musik in Basel" gegen Vorweisen ihrer Mitgliedkarte, Jugendliche und Studenten Fr.}.-) im Vorverkauf bei Hug & Co. und an der Vbendkasse.
Der gesamte Reinertrag geht zugunsten der Jugendhilfo für Jngarn

   Programm
Johann Sebastian Bach Brandenburgsches Konzert Nr.5* D-dur 1685-1750	für Traversflöte, Violine, Cembalo,
                        Streicher und Generalbass
                       Allegro / Affettuoso / Allegro
                       Traversflöte solo: Joseph Bopp; Violine solo: Eodolfo Felicani; Cembalo solo: Eduard Müller
                       Brandenburgsches Konzert Nr.6, B-dur für zwei Bratschen, zwei Gamben, Violoncello und Generalbass
                       Allegro / Adagio ma non tanto / Allegro
                     BrandenburgIsches Konzert Nr.G-dur für Violine, zwei Blockflöten, Streicher und Generalbass
                        Allegro / Andante / Presto
                        Violine solo: Eodolfo Felicanij Blockflöte solo: Hans-Martin Linde, Valerie Kägi
Die verwendeten Instrumente:
Traversflöte Franz Küng, Schaffhausen l^^ckflöten Hans Conrad Fehr, Zürich
Violinen in Originalmensur Egidius Klotz, Mittenwald 1750, I771 und 1789, Johann Ulrich Fischer, Landshut 1728, Antonio Testore Mailand 1793
Bratschen in Originalmensur Johann Anton Gedler, Füssen um 1770 und Joseph Fichtel, Augsburg 1737
Violoncello in Originalmensur Jakob Stainer, Absam 1657
Viola da gamba Christian Hoffmann, Leipzig 1700
Viola da gamba Joachim Tielke, Hamburg 1677
Kontrabass Giovanni Tosbore, Mailand 1764
Cembalo J.C.Neupert, Bamberg-Nürnberg, Spezialanfertigung]]></page>
       
        </p>
    </body>
  </text>
</TEI>
