<?xml version="1.0" encoding="UTF-8"?>
<?xml-model href="http://www.tei-c.org/release/xml/tei/custom/schema/relaxng/tei_all.rng" schematypens="http://relaxng.org/ns/structure/1.0"?>
<TEI xmlns="http://www.tei-c.org/ns/1.0">
  <teiHeader>
    <fileDesc>
        <titleStmt>
            <title>BASEL</title>
        </titleStmt>
        <editionStmt>
            <edition>TEI P5.1 Edition</edition>
            <respStmt>
                <resp>
                    <persName>Claudio Bacciagaluppi</persName>
                    <persName>Laurent Pugin</persName>
                    <persName>Rodolfo Zitellini</persName>
                    <date when="2016-01">Janvier 2016</date>
                </resp>
                <name>Bureau Suisse du RISM</name>
            </respStmt>
        </editionStmt>
        <publicationStmt>
            <publisher><orgName xml:base="http://www.rism-ch.org">Bureau Suisse du RISM</orgName></publisher>
        </publicationStmt>
	    <seriesStmt>
	     <idno type="collection">ch_famb</idno>
	    </seriesStmt>
      <sourceDesc>
		<bibl>
        <title>Concert<date when="19590108">08/01/1959</date></title>
<series>Concert</series>
<placeName>Basel, Grosser Saal der Musik-Akademie</placeName>
<orgName role="holding">Archiv des Vereins Freunde alter Musik Basel; <link target="http://famb.ch/"/></orgName>

		</bibl>
      </sourceDesc>
    </fileDesc>
  </teiHeader>
  <text>
    <body>
        <p> <!-- all the content of the program in one paragraph -->
            <pb facs="CH_Bm_prg/pyr_CH_Bm_prg-1491.tif"/>
<date when="19590108"/>
<name key="Telemann, Georg Philipp" type="person" role="cmp">Telemann, Georg Philipp</name>
<name key="Bach, Johann Sebastian" type="person" role="cmp">Bach, Johann Sebastian</name>
<name key="Beck, Franz Ignaz" type="person" role="cmp">Beck, Franz Ignaz</name>
<name key="Bach, Carl Philipp Emmanuel" type="person" role="cmp">Bach, Carl Philipp Emanuel</name><name key="Grehling, Ulrich" type="person" role="int">Grehling, Ulrich</name>
<name key="Vorholz, Dieter" type="person" role="int">Vorholz, Dieter</name>
<name key="Wenzinger, August" type="person" role="int">Wenzinger, August</name><title>Concert</title>
<placeName key="Basel, Grosser Saal der Musik-Akademie"/>
<name key="Concert" type="series"/>
<page><![CDATA[﻿   Sreunbe alter fllufif in Bafel in Derbinbung mit ber (BefcUfdjaft für KammermuftB unb bem Baeler Kammerordjefter
   Donnerstag, den 8. Januar 1959,20.15 Uhr im Musiksaal
KONZERT DER CAPELLA COLONIENSIS
   Leitung: August Wenzinger Solisten: Ulrich Grehling, Dietrich Vorholz, Violine
Georg Philipp Telemann
     1681-1767
Suite in C-dur
   Ouvertme / Harlequinade I Espagniol / Bourree en Trompete 1 Sommeille I Rondeau / Menuet I und II / Gigue
Johann Sebastian Bach
     1685-1750
Konzert in d-moll für zwei Violinen, Streicher und Generalbaß Vivace / Largo, ma non tanto / Allegro
Franz Beck 1730-1809
Sinfonie in g-moll, op. 3, No. 3
Allegro con spirito / Andante un poco Adagio / Menuetto I und II / Presto
Carl Philipp Emanuel Bach Sinfonie in Es-dur (1757)
   1714-1788	Prestissimo / Larghetto / Presto
Die Capella Coloniensis spielt im tiefen Kammerton auf Streichinstrumenten des 18. Jahrhunderts in alter Mensur und auf originalgetreuen Kopien der Blasinstrumente dieser Zeit. Cembalo J. C. Neupert, Bamberg, Spezialanfertigung für die Schola Cantorum Basiliensis.
Programm 30 Cts.
Karten zu Fr. 9.20 bei Hug & Co., Freiestraße 70a oder an der Abendkasse. Mitglieder der veranstaltenden Gesellschaften erhalten ermäßigte Karten zu Fr. 5.75. Umtausch der Nitoba-Gewinne bis 6. Januar.]]></page>
<pb facs="CH_Bm_prg/pyr_CH_Bm_prg-1492.tif"/>
<page><![CDATA[﻿Orchester
Blockflöte Travers flöte
Oboe
Fagott
Horn
Hans-Martin Linde	Violine I
Joseph Bopp Hans-Martin Linde
Horst Schneider Helmuth Hucke
Frithjof Fest	Violine II
Heinrich Has Dieter Pfeiffer
Otto Steinkopf Heinrich Goldner
Umberto Baccelli	Bratsche
Cesare Esposito
Violoncello
Ulrich Grehling Rodolfo Felicani Günter Kehr Ilse Brix-Meinert Hans Christian Siegert Susanne Lautenbacher
Dietrich Vorholz Otto Schärnack Wolfgang Neininger Doris Spemann-Wolff-Malm Elfriede Früh Josef S. Blum
Ulrich Koch Walter Kägi Marianne Majer Robert Haass
Hans Münch-Holland Hannelore Müller Reinhold J. Buhl
Kontrabaß AngeloViale Cembalo Fritz Neumeyer]]></page>
       
        </p>
    </body>
  </text>
</TEI>
