<?xml version="1.0" encoding="UTF-8"?>
<?xml-model href="http://www.tei-c.org/release/xml/tei/custom/schema/relaxng/tei_all.rng" schematypens="http://relaxng.org/ns/structure/1.0"?>
<TEI xmlns="http://www.tei-c.org/ns/1.0">
  <teiHeader>
    <fileDesc>
        <titleStmt>
            <title>BASEL</title>
        </titleStmt>
        <editionStmt>
            <edition>TEI P5.1 Edition</edition>
            <respStmt>
                <resp>
                    <persName>Claudio Bacciagaluppi</persName>
                    <persName>Laurent Pugin</persName>
                    <persName>Rodolfo Zitellini</persName>
                    <date when="2016-01">Janvier 2016</date>
                </resp>
                <name>Bureau Suisse du RISM</name>
            </respStmt>
        </editionStmt>
        <publicationStmt>
            <publisher><orgName xml:base="http://www.rism-ch.org">Bureau Suisse du RISM</orgName></publisher>
        </publicationStmt>
	    <seriesStmt>
	     <idno type="collection">ch_famb</idno>
	    </seriesStmt>
      <sourceDesc>
		<bibl>
        <title>Season<date when="19440204">04/02/1944</date></title>
<series>Season</series>
<placeName>Basel, Vortragssaal des Kunstmuseums</placeName>
<orgName role="holding">Archiv des Vereins Freunde alter Musik Basel; <link target="http://famb.ch/"/></orgName>

		</bibl>
      </sourceDesc>
    </fileDesc>
  </teiHeader>
  <text>
    <body>
        <p> <!-- all the content of the program in one paragraph -->
            <pb facs="CH_Bm_prg/pyr_CH_Bm_prg-0005.tif"/>
<date when="19440204"/>
<name key="Bach, Johann Sebastian" type="person" role="cmp">Bach, Johann Sebastian</name>
<name key="Granom, Lewis Christian Austin" type="person" role="cmp">Granom, Lewis Christian Austin</name>
<name key="Anonymus" type="person" role="cmp">Anonymus</name>
<name key="Vincent da Bernia" type="person" role="cmp">Vincent da Bernia</name>
<name key="Quantz, Johann Joachim" type="person" role="cmp">Quantz, Johann Joachim</name>
<name key="Francesco da Milano" type="person" role="cmp">Francesco da Milano</name>
<name key="Piero Fiorentino" type="person" role="cmp">Piero Fiorentino</name>
<name key="Loeillet, Jean-Baptiste" type="person" role="cmp">Loeillet, Jean-Baptiste</name>
<name key="Ferroud, Pierre-Octave" type="person" role="cmp">Ferroud, Pierre-Octave</name>
<name key="Falla, Manuel de" type="person" role="cmp">Falla, Manuel de</name>
<name key="Turina, Joaquín" type="person" role="cmp">Turina, Joaquín</name>
<name key="David, Karl Heinrich" type="person" role="cmp">David, Karl Heinrich</name>
<name key="Ibert, Jacques" type="person" role="cmp">Ibert, Jacques</name>
<name key="Monteverdi, Claudio" type="person" role="cmp">Monteverdi, Claudio</name>
<name key="Gabrieli, Giovanni" type="person" role="cmp">Gabrieli, Giovanni</name>
<name key="Neri, Massimiliano" type="person" role="cmp">Neri, Massimiliano</name>
<name key="Marini, Biagio" type="person" role="cmp">Marini, Biagio</name>
<name key="Franck, Melchior" type="person" role="cmp">Franck, Melchior</name>
<name key="Lechner, Leonhard" type="person" role="cmp">Lechner, Leonhard</name>
<name key="Albert, Heinrich" type="person" role="cmp">Albert, Heinrich</name>
<name key="Buxtehude, Dietrich" type="person" role="cmp">Buxtehude, Dieterich</name>
<name key="Krieger, Adam" type="person" role="cmp">Krieger, Adam</name>
<name key="Handel, George Frideric" type="person" role="cmp">Händel, Georg Friedrich</name>
<name key="Corelli, Arcangelo" type="person" role="cmp">Corelli, Arcangelo</name>
<name key="Couperin, François" type="person" role="cmp">Couperin, François</name>
<name key="Handel, George Frideric" type="person" role="cmp">Händel, Georg Friedrich</name>
<name key="Clérambault, Louis Nicolas" type="person" role="cmp">Clérambault, Louis-Nicolas</name>
<name key="Schein, Johann Hermann" type="person" role="cmp">Schein, Johann Hermann</name>
<name key="Ahle, Johann Rudolf" type="person" role="cmp">Ahle, Johann Rudolf</name><name key="Wenzinger, August" type="person" role="int">Wenzinger, August</name>
<name key="Müller, Eduard" type="person" role="int">Müller, Eduard</name>
<name key="Jaunet, André" type="person" role="int">Jaunet, André</name>
<name key="Leeb, Hermann" type="person" role="int">Leeb, Hermann</name>
<name key="Nef, Walter" type="person" role="int">Nef, Walter</name>
<name key="Scherz-Meister, Elsa" type="person" role="int">Scherz-Meister, Elsa</name>
<name key="Wenzinger, Ilse" type="person" role="int">Wenzinger, Ilse</name>
<name key="Helbling, Maria" type="person" role="int">Helbling, Maria</name>
<name key="Meili, Max" type="person" role="int">Meili, Max</name>
<name key="Häfliger, Ernst" type="person" role="int">Häfliger, Ernst</name>
<name key="Christmann, Max" type="person" role="int">Christmann, Max</name>
<name key="Kägi, Walter" type="person" role="int">Kägi, Walter</name>
<name key="Heman, Christine" type="person" role="int">Heman, Christine</name>
<name key="Wenzinger, August" type="person" role="int">Wenzinger, August</name>
<name key="Majer, Marianne" type="person" role="int">Majer, Marianne</name>
<name key="Flügel, Gertrud" type="person" role="int">Flügel, Gertrud</name>
<name key="Wenzinger, Maya" type="person" role="int">Wenzinger, Maya</name>
<name key="Moser, Fritz" type="person" role="int">Moser, Fritz</name>
<name key="Adler, Alice" type="person" role="int">Adler, Alice</name>
<name key="Stange, Anita" type="person" role="int">Stange, Anita</name>
<name key="Wörsching, Fritz" type="person" role="int">Wörsching, Fritz</name>
<name key="Kägi, Valerie" type="person" role="int">Kägi, Valerie</name>
<name key="Ganz, Beatrice" type="person" role="int">Ganz, Beatrice</name>
<name key="Müller, Eduard" type="person" role="int">Müller, Eduard</name>
<name key="Scherz-Meister, Elsa" type="person" role="int">Scherz-Meister, Elsa</name>
<name key="Helbling, Maria" type="person" role="int">Helbling, Maria</name>
<name key="Meili, Max" type="person" role="int">Meili, Max</name>
<name key="Häfliger, Ernst" type="person" role="int">Häfliger, Ernst</name>
<name key="Christmann, Max" type="person" role="int">Christmann, Max</name>
<name key="Heman, Christine" type="person" role="int">Heman, Christine</name>
<name key="Wenzinger, August" type="person" role="int">Wenzinger, August</name>
<name key="Flügel, Gertrud" type="person" role="int">Flügel, Gertrud</name>
<name key="Majer, Marianne" type="person" role="int">Majer, Marianne</name>
<name key="Wenzinger, Maya" type="person" role="int">Wenzinger, Maya</name>
<name key="Kägi, Valerie" type="person" role="int">Kägi, Valerie</name>
<name key="Scherz-Meister, Elsa" type="person" role="int">Scherz-Meister, Elsa</name>
<name key="Helbling, Maria" type="person" role="int">Helbling, Maria</name>
<name key="Meili, Max" type="person" role="int">Meili, Max</name>
<name key="Bopp, Joseph" type="person" role="int">Bopp, Joseph</name>
<name key="Kägi, Walter" type="person" role="int">Kägi, Walter</name>
<name key="Majer, Marianne" type="person" role="int">Majer, Marianne</name>
<name key="Wenzinger, August" type="person" role="int">Wenzinger, August</name>
<name key="Wörsching, Fritz" type="person" role="int">Wörsching, Fritz</name>
<name key="Kägi, Valerie" type="person" role="int">Kägi, Valerie</name>
<name key="Müller, Eduard" type="person" role="int">Müller, Eduard</name>
<name key="Geering, Arnold" type="person" role="int">Geering, Arnold</name>
<name key="Bopp, Joseph" type="person" role="int">Bopp, Joseph</name>
<name key="Kägi, Walter" type="person" role="int">Kägi, Walter</name>
<name key="Flügel, Gertrud" type="person" role="int">Flügel, Gertrud</name>
<name key="Müller, Eduard" type="person" role="int">Müller, Eduard</name>
<name key="Meili, Max" type="person" role="int">Meili, Max</name>
<name key="Müller, Eduard" type="person" role="int">Müller, Eduard</name><title>Season</title>
<placeName key="Basel, Vortragssaal des Kunstmuseums"/>
<name key="Season" type="series"/>
<page><![CDATA[﻿Freunde alter Musik, in Basel
GENERALPROGRAMM 1944
•	Basel, Anfang Dezember 1943
  Sehr geehrte Dame, sehr geehrter Herr!
  Wir beehren uns, Ihnen das Generalprogramm 1944 zu überreichen und Sie zum Besuch unserer Konzerte und, soweit Sie nicht schon Mitglied sind, zum Beitritt zu unserem Verein höflich einzuladen.
  Der Verein „Freunde alter Musik in Basel“ wurde im September 1942 gegründet, um durch den Zusammenschluß aller Freunde alter Musik die stilgerechte Aufführung älterer Musikwerke unter möglichst genauer Berücksichtigung ihrer historischen Voraussetzungen in regelmäßigen Zyklen zu ermöglichen.
  Der Verein veranstaltet jährlich drei öffentliche Konzerte, sowie drei Hauskonzerte in intimerem Rahmen. Als Mitglied mit einem Jahresbeitrag von Fr. 10.— (resp. Fr. S.— für Personen unter 20 Jahren usw.) haben Sie freien Eintritt zu den drei Hauskonzerten und für die drei öffentlichen Konzerte das Recht zum Bezug von Mitglieder-Abonnements zu halben Preisen. (Alles nähere siehe Rückseite.)
  Über die Konzerttätigkeit orientiert Sie das umstehende Generalprogramm 1944, sowie der ebenfalls beiliegende Jahresbericht 1943. Für unsere Mitglieder legen wir außerdem einen Einzahlungsschein für den Jahresbeitrag 1944, sowie zwei weitere Generalprogramme mit angehefteter Beitrittserklärung zu Werbezwecken im Familien-und Bekanntenkreise bei. Weitere Exemplare können bei der Aktuarin Frau Elisabeth Stalder-Suter, Missionsstraße 31, bezogen werden.]]></page>
<pb facs="CH_Bm_prg/pyr_CH_Bm_prg-0006.tif"/>
<page><![CDATA[﻿Wir bitten Sie um Einzahlung des Mitgliederbeitrags resp. um Einsendung der Beitrittserklärung bis spätestens Ende Januar 1944, damit wir Ihnen die Mitgliederkarte, welche als Ausweis zum freien Eintritt zu den Hauskonzerten dient, noch rechtzeitig vor dem
I.	Hauskonzert zustellen können.
Mit vorzüglicher Hochachtung Der Vorstand der freunde alter Musik in Basel“
Dr. Erwin Frey (Präsident) Prof. Dr. Werner Kaegi (Vizepräsident)
Frau Elisabeth Stalder-Suter (Aktuar)
Max Leu (Kassier)
Paul Baumgartner
 Dr. med. Ernst Buchmann Dr. Paul Gessler Dr. Walter Nef Paul Sacher Frau Philis v. Salis Paul 'Crüdinger Alfred von der Mühll
GENERALPROGRAMM 1944 I'rct $5»ausfon;erte
                I.	HAUSKONZERT Freitag, 4. Februar, 20 Uhr August Wenzinger (Viola da gamba), Eduard Müller (Cembalo) Die drei Gambensonaten von ]■ S. Bach
II.	HAUSKONZERT
Sonntag, 26. März, 20 Uhr
Gustav Scheck, Berlin (Blockflöte, Querflöte), Fritz Neumeyer, Berlin (Cembalo)
Kammermusik für Blockflöte, Querflöte utul Cembalo
Telemann, Rameau, J.S.Bach, C.Ph.E.Bach
III.	HAUSKONZERT
Sonntag, 17. Dezember, 17.30 Uhr
Max Meili (Tenor), das Gambenquartett der Schola Cantorum Basiliensis, Eduard Müller (Orgel)
Advents- und Weihnachtsmusik
Mittelalter und Reformationszeit, englische Musik, geistliche Konzerte von Schein und Ahle
Der Konzertsaal wird jeweils in den Tageszeitungen bekanntgegeben
©tet öffentliche Äotijerte
Die verstärkte Konzertgruppe der Schola Cantorum Basiliensis
Elsa Scherz-Meister, Maria Helbling, Max Meili, Ernst Häfliger, Arnold Geering (Gesang);
Joseph Bopp, Gertrud Flügel, Valerie Kägi, Walter Kägi, Hermann Leeb, Marianne Majer, Eduard Müller,
August Wenzinger, Fritz Wörsching (Instrumente)
Verantwortlich für die Aufführungen: August Wenzinger
I.	KONZERT
Dienstag, 23. Mai, Münstersaal des Bischofshofs, 20 Uhr
Claudio Monteverdi und seine Zeit
Madrigale, Ballett „Tirsi e Clori“ u. a: von Monteverdi, Instrumentalmusik von Gabrieli, Marini, Legrenzi
II.	KONZERT
Donnerstag, 25. Mai, Münstersaal des Bischofshofs, 20 Uhr Deutsche Lieder und Instrumentalmusik des Barock
Lieder von Lechner, Albert, Adam Krieger; Instrumentalmusik von Schein, Scheidt, Buxtehude
                                                    *
III.	KONZERT
Freitag, 26. Mai, Münstersaal des Bischofshofs, 20 Uhr . Kammermusik von Georg Friedrich Händel Tenorkantate, Arien, Sonaten für Querflöte, Viola da gamba, Violine
BEITRITTSERKLÄRUNG
(Bitte abtrennen und in Kuvert mit 5 Cts. frankiert an die Aktuarin, Frau E. Stalder-Suter, Missionsstraße 31, senden)
D Unterzeichnete erklärt dem Verein
Freunde alter Musik in Basel
als Mitglied * als Freimitglied * mit einem jährlichen Beitrag von
Fr....................
beitreten zu wollen (* Nichtgewünschtes bitte streichen)
Name und Vorname :
Herr I Frau
Fräulein |
Adresse.............
Basel, den...............................................................]]></page>
<pb facs="CH_Bm_prg/pyr_CH_Bm_prg-0007.tif"/>
<page><![CDATA[﻿ 3$crßunfttßuttßen
 FÜR MITGLIEDER mit einem Jahresbeitrag von Fr. 10.—
  (Personen unter 20 Jahren, Studenten, interne Konservatoristen und Berufsschüler der Schola Cantorum Basiliensis Fr. 5.—)
  Freier Eintritt zu jährlich drei Hauskonzerten
 Vorbezugsrecht auf ein Mitgliederabonnement für die drei öffentlichen Konzerte zum Preise von Fr. 4.40, 6.60 oder 8.80 je nach Platzkategorie
 Vorbezugsrecht auf je eine ermäßigte Einzelkarte zu den drei öffentlichen Konzerten anstelle des Mitgliederabonnements
 FÜR FREIMITGLIEDER mit einem Jahresbeitrag von mindestens Fr. 25.—
 Freier Eintritt zu den Hauskonzerten und zu den öffentlichen Konzerten ^uf Platzkategorie I mit Vorbezugsrecht gegenüber allen ändern Mitgliedern
 An Nichtmitglieder werden keine Abonnements ausgegeben
 PREISE DER EINZELKARTEN
 Hauskonzerte Fr. 3.30 (Mitglieder frei)
  öffentliche Konzerte Fr. 3.30 (Mitglieder 2.20), Fr. 4.40 (Mitglieder 3.30)
  Fr. 5.50 (Mitglieder 4.40)
  Der Mitgliederbeitrag ist bis zum 31. Januar 1944 auf Postcheckkonto
  V	16 145 einzubezahlen. Wir nehmen an, daß es Mitgliedern, welche bis zu diesem Datum ihren Beitrag nicht bezahlt haben, angenehmer ist, wenn er per Postnachnahme erhoben wird
 «I 144]]></page>
       
        </p>
    </body>
  </text>
</TEI>
