<?xml version="1.0" encoding="UTF-8"?>
<?xml-model href="http://www.tei-c.org/release/xml/tei/custom/schema/relaxng/tei_all.rng" schematypens="http://relaxng.org/ns/structure/1.0"?>
<TEI xmlns="http://www.tei-c.org/ns/1.0">
  <teiHeader>
    <fileDesc>
        <titleStmt>
            <title>BASEL</title>
        </titleStmt>
        <editionStmt>
            <edition>TEI P5.1 Edition</edition>
            <respStmt>
                <resp>
                    <persName>Claudio Bacciagaluppi</persName>
                    <persName>Laurent Pugin</persName>
                    <persName>Rodolfo Zitellini</persName>
                    <date when="2016-01">Janvier 2016</date>
                </resp>
                <name>Bureau Suisse du RISM</name>
            </respStmt>
        </editionStmt>
        <publicationStmt>
            <publisher><orgName xml:base="http://www.rism-ch.org">Bureau Suisse du RISM</orgName></publisher>
        </publicationStmt>
	    <seriesStmt>
	     <idno type="collection">ch_famb</idno>
	    </seriesStmt>
      <sourceDesc>
		<bibl>
        <title>Season<date when="19961023">23/10/1996</date></title>
<series>Season</series>
<placeName>Basel, Antikenmuseum, Oberlichtsaal</placeName>
<orgName role="holding">Archiv des Vereins Freunde alter Musik Basel; <link target="http://famb.ch/"/></orgName>

		</bibl>
      </sourceDesc>
    </fileDesc>
  </teiHeader>
  <text>
    <body>
        <p> <!-- all the content of the program in one paragraph -->
            <pb facs="CH_Bm_prg/pyr_CH_Bm_prg-0263.tif"/>
<date when="19961023"/>
<name key="n.n." type="person" role="cmp">n.n.</name>
<name key="Hildegard von Bingen" type="person" role="cmp">Hildegard von Bingen</name>
<name key="Hasse, Johann Adolf" type="person" role="cmp">Hasse, Johann Adolf</name>
<name key="Bach, Carl Philipp Emmanuel" type="person" role="cmp">Bach, Carl Philipp Emanuel</name>
<name key="Kirnberger, Johann Philipp" type="person" role="cmp">Kirnberger, Johann Philipp</name>
<name key="Bach, Johann Sebastian" type="person" role="cmp">Bach, Johann Sebastian</name>
<name key="Quantz, Johann Joachim" type="person" role="cmp">Quantz, Johann Joachim</name>
<name key="Bonporti, Francesco Antonio" type="person" role="cmp">Bonporti, Francesco Antonio</name>
<name key="Mendelssohn Bartholdy, Felix" type="person" role="cmp">Mendelssohn Bartholdy, Felix</name>
<name key="Schumann, Robert" type="person" role="cmp">Schumann, Robert</name>
<name key="Bach, Johann Sebastian" type="person" role="cmp">Bach, Johann Sebastian</name><name key="Silva, Luiz Alves da" type="person" role="int">Silva, Luiz Alves da</name>
<name key="Schmidt, Andreas" type="person" role="int">Schmidt, Andreas</name>
<name key="Mattmüller, Beat" type="person" role="int">Mattmüller, Beat</name>
<name key="Tachikawa, Akira" type="person" role="int">Tachikawa, Akira</name>
<name key="Mayr, Reinhard" type="person" role="int">Mayr, Reinhard</name>
<name key="Klein, Irene" type="person" role="int">Klein, Irene</name>
<name key="Steinmann, Conrad" type="person" role="int">Steinmann, Conrad</name>
<name key="Anders, Gundula" type="person" role="int">Anders, Gundula</name>
<name key="Pahn, Lucia" type="person" role="int">Pahn, Lucia</name>
<name key="Gien, Elizabeth" type="person" role="int">Gien, Elizabeth</name>
<name key="Sanudo, Consuelo" type="person" role="int">Sanudo, Consuelo</name>
<name key="Mayer, Nancy" type="person" role="int">Mayer, Nancy</name>
<name key="Schlaikjer, Carol" type="person" role="int">Schlaikjer, Carol</name>
<name key="Thornton, Barbara" type="person" role="int">Thornton, Barbara</name>
<name key="Arkkola, Minna" type="person" role="int">Arkkola, Minna</name>
<name key="Gohl-Moser, Käthi" type="person" role="int">Gohl-Moser, Käthi</name>
<name key="Sonnleitner, Johann" type="person" role="int">Sonnleitner, Johann</name>
<name key="Peter, Oskar" type="person" role="int">Peter, Oskar</name>
<name key="Banchini, Chiara" type="person" role="int">Banchini, Chiara</name>
<name key="Nasillo, Gaetano" type="person" role="int">Nasillo, Gaetano</name>
<name key="Christensen, Jesper B." type="person" role="int">Christensen, Jesper B.</name>
<name key="Fischer-Dieskau, Dietrich" type="person" role="int">Fischer-Dieskau, Dietrich</name>
<name key="Westphal, Gert" type="person" role="int">Westphal, Gert</name>
<name key="Holloway, John" type="person" role="int">Holloway, John</name>
<name key="Lubimov, Alexei (Ljubimov)" type="person" role="int">Lubimov, Alexei (Ljubimov)</name><title>Season</title>
<placeName key="Basel, Antikenmuseum, Oberlichtsaal"/>
<name key="Season" type="series"/>
<page><![CDATA[﻿Freunde alterMusik.3
Generalprogramm
1996/1997
Basel
]]></page>
<pb facs="CH_Bm_prg/pyr_CH_Bm_prg-0264.tif"/>
<page><![CDATA[﻿    Ein Schülerklavier zu mieten für Elise ?
    Ein Steinway für den Grafen fValdstein?
    Haben wir in allen Variationen.
     Es ist ein weiter Weg vom fröhlichen Landmann bis zum Gaspard de la nuit. Und wenn dabei das erste gemietete Schülerklavier dem Lauf der Läufe nicht mehr gewachsen ist? Kein Grund, mit Liszt zu Händeln. Bei Musik Hug können Sie Flügel und Klaviere von Steinway & Sons, Bechstein, Fazioli, Feurich, Grotrian-Steinweg, Hoffmann, Hohner, Yamaha oder wem auch immer mieten und/oder kaufen.
    Auch ohne Goldberg.
Musik Hug
Basel, Freie Strasse 70, Telefon 061/272 33 90

Das FAMB-Generalprogramm 1996/97 im Überblick:
Donnerstag/Freitag 2A./25.10.96
Montag
25.1	1.96
Mittwoch
29.1.97
Mittwoch
12.3.97
Montag
5.5.97
Dienstag
6.5.97
20.15h, Oberlichtsaal Antikenmuseum Basel Konzert I
in Zusammenarbeit mit dem Antikenmuseum Basel "Antike" Musik zu Euripides und Aischylos für Aulos, Solisten und Chor Leitung: Conrad Steinmann
20.15h, Martinskirche Basel Extrakonzert I
Hildegard von Bingen: Gesänge der Ekstase "Vox Feminae"
Frauenensemble von Sequentia
20.1	5h, Hans Huber-Saal Casino Basel Konzert II
Johann Joachim Quantz zum 300. Geburtstag Kammermusik von J.A. Hasse, C.P.E. Bach, J.P. Kirnberger, J.S. Bach undJ.J. Quantz Leitung: Oskar Peter
20.15h, Hans Huber-Saal Casino Basel Konzert III
F.A. Bonporti: "Inventionen” op. 10 Chiara Banchini/Jesper Christensen/ Gaetano Nasillo
20.15h, Grösser Festsaal Casino Basel Extrakonzert II
Johann Wolfgang Goethe -Carl Friedrich Zelter:
Ein Dialog in Briefen Dietrich Fischer-Dieskau und Gert Westphal
20.15h, Hans Huber-Saal Casino Basel Konzert IV
Bach im 19. Jahrhundert
Werke von Mendelssohn, Schumann und Bach
John Holloway
Alexander Ljubimov]]></page>
<pb facs="CH_Bm_prg/pyr_CH_Bm_prg-0265.tif"/>
<page><![CDATA[﻿Sehr geehrte Damen und Herren, herzlich willkommen zur Saison 1996/97!
                   Die Alte Musik zieht immer weitere Kreise. Wie Sie sicher bemerkt haben, werden in und um Basel mehr und mehr Konzerte auf historischen Instrumenten angeboten. Was bedeutet das für uns? Die Freunde alter Musik in Basel, der mit 53 Jahren weit und breit älteste und renommierteste Verein seiner Art, setzen auf Innovation einerseits und Qualität andererseits. Wir erweitern das Spektrum um unbekannte Werke und Epochen und bemühen uns um den höchsten Standard der Ausführung. So bieten wir Ihnen in der neuen Saison in vier Konzerten und zwei Extrakonzerten Alte Musik immer wieder neu:
                    Im ersten Konzert stellt der Blockflötist und Komponist Conrad Steinman mit seinem Ensemble nach intensiver Beschäftigung mit dem altgriechischen Blasinstrument Aulos Werke vor, die sich mit Worten und Klängen der Antike auseinandersetzen. Auf Grund der verwendeten Texte von Euripides und Aischylos stellt dieses Konzert den Beitrag der FAMB zum Humanismus-Jahr in Basel dar. Für das erste Extrakonzert konnten wir das Frauen-Ensemble „Vox Feminae" der international bekannten Gruppe „Sequentia" verpflichten. Sie zählen zu den bedeutendsten Interpreten der Gesänge Hildegards von Bingen, jener heute viel beachteten und diskutierten Dichterin und Komponistin des 1 2. Jahrhunderts.
                   Johann Joachim Quantz, der Flötenlehrer Friedrichs des Grossen, hat als Pädagoge und Theoretiker im 1 8. Jahrhundert bekanntlich eine wichtige Rolle gespielt. Als Komponist kommt er allerdings eher selten zu Wort beziehungsweise zu Ton. Am 30. Januar 1997 jährt sich Quantz' Geburtstag zum 300. Mal, und am Vorabend erklingt zu seinen Ehren Kammermusik aus seiner Feder und von Zeitgenossen wie Carl Philipp Emanuel Bach u.a..
                    Eine echte Ausgrabung präsentiert das dritte Konzert: Die Inventionen Opus X für Violine und Basso continuo des italienischen Komponisten Francesco Antonio Bonporti (1672-1749) wurden teilweise von Johann Sebastian Bach kopiert und in Ausgaben als seine Werke veröffentlicht. Chiara Banchini, Jesper Christensen und Gaetano Nasillo bieten die Inventionen im Konzert dar, und am selben Abend wird die dazugehörige CD-Einspielung in der Reihe "Schola Cantorum Basiliensis- Documenta" vorliegen.

                   Die letzten beiden Veranstaltungen sind den „Fortschritten" der Alten Musik ins 19. Jahrhundert gewidmet: Der erste Abend ist nicht nur deswegen eine Rarität, weil faktisch kein Ton erklingt; gleichwohl wird es sehr musikalisch sein, wenn der grosse Sänger Dietrich Fischer-Dieskau und der nicht minder berühmte Sprecher Gert Westphal aus dem Briefwechsel zwischen dem Dichter Johann Wolfgang Goethe und dem Komponisten Carl Friedrich Zelter lesen, den Goethe in allen Fragen der Tonkunst zu Rate zog. Am nächsten Abend musizieren zum Abschluss der Saison John Holloway und Alexander Ljubimov (die in dieser Verbindung noch nie in Basel zu hören waren) Kompositionen für Violine und Hammerflügel der Goethe-und Zelter-Zeit.
               Hoffentlich haben wir Sie neugierig gemacht! Halten Sie uns bitte die Treue und bleiben oder werden Sie Gönnermitglied! Wir freuen uns auf Ihren Besuch!
Der Vorstand der Freunde alter Musik in Basel:
Prof. Dr. Robert Kopp, Präsident Rolf Grolimund, Vizepräsident Marc Ducommun, Kassier Dr. Regula Rapp, Geschäftsführerin Dr. Barbara Begelsbacher Dr. Veronika Gutmann
Martin Hug Markus Jans Hans-Martin Linde Hans Linnartz Dr. Peter Reidemeister
Sekretariat:
Freunde alter Musik in Basel Claudia Schärli Leonhardsstrasse 6, Postfach CH-4003 Basel
Telefon	061-264 57 57
Fax	061-264 57 49
Mit Dank für die freundliche Unterstützung
D i\K
II
Kultur»
Basel-Stadt]]></page>
<pb facs="CH_Bm_prg/pyr_CH_Bm_prg-0266.tif"/>
<page><![CDATA[﻿ZUM GELEIT
                    Ihr erkenntnistheoretisches Fundament erhielt die historische Wissenschaft Mitte des 19. Jahrhunderts. Johann Gustav Droysen legte dar, wie wir im Dreischritt aus Heuristik, Kritik und Interpretation vom Bekannten zum Unbekannten schreiten. Wie wir die Vergangenheit zwar nicht vollständig in Besitz nehmen, aber immer dichtere Netze der Erkenntnis über sie werfen können. Im Laufe des 19. Jahrhunderts setzt sich der empirisch-wissenschaftliche Umgang mit der Geschichte in vielen Bereichen durch. Politik, Recht, Theologie, Kunst und Musik werden historisch erforscht. Die Grenzwissenschaft wird zur Leitwissenschaft des 19. Jahrhunderts. Sie befördert die Historisierung des Denkens. Sie erklärt die lebensweltliche Erfahrung der Wandelbarkeit aller Dinge.
                  Mitte des 19. Jahrhunderts beobachtete Jacob Burckhardt den Zusammenhang zwischen Krisenerfahrung und historischem Interesse und machte ihn zum Thema seiner Vorlesung "Über das Studium der Geschichte”. Die revolutionären Umbrüche und die Industriealisierung hatten die Lebensumstände innerhalb weniger Jahrzehnte grundsätzlich verändert. Der rasche Wandel führte dazu, dass man die Geschichtlichkeit der Welt deutlicher wahrnahm. Die Vergangenheit als Bedingung für die Gegenwart zu verstehen, blieb Triebfeder eines nach historischer Erkenntnis strebenden Jahrhunderts. Das 19. Jahrhundert wird zum Jahrhundert des geschichtlichen Bewusstseins und der historisch gedeuteten Welt.
                  Aus der Opposition zum Klangideal des späten 19. Jahrhunderts bezog die historische Aufführungspraxis in ihren Anfängen den notwendigen polemischen Schwung. Abgrenzung gegen den "falschen" ästhetischen Zustand spätromantischer Fülle und gegen eine auf emotionale Überwältigung gerichtete Kunstweihe taten Not, um zu Beginn der Bewegung das Eigene im Fremden zu erkennen und zu behaupten. Wenn auch die historischen Konzepte ebenso wie die Kritik an der historischen Aufbereitung von einst lebendigem Geist zum toten Besitz bereits aus dem 19. Jahrhundert stammten.
                   Die griffige These, dass die vor der Wiener Klassik entstandene Musik im 19. Jahrhundert keinen Ort und keine Aufführungstradition besass, gehört zu den Allgemeinplätzen. Es besteht die Gefahr, dass die historischen Erkenntnisleistungen des 19. Jahrhunderts mit den Gepflogenheiten der Aufführung verwechselt werden. Inzwischen sind die Fronten zwischen den Jahrhunderten aufgehoben.

                  Die Protagonisten des sogenannten Originalklangs tummeln sich erfolgreich im romantischen Repertoire. Die romantischen Feindbilder sind obsolet geworden. Damit wächst das Verständnis für eine Epoche, die ihren philologischen Enthusiasmus in Gesamtausgaben manifestierte und die Weichen zu einer Kanonisierung der Tonkunst stellte. Einer Epoche, die ältere Musik als Stoff zur gegenwartsnahen Auseinandersetzung begriff. Die das "Wohltemperierte Klavier" mit Legato, vollem dynamischen Spektrum und Oktavverdoppelung spielte, um Bach auf der Höhe der Zeit, up to date, sozusagen konkurrenzfähig erscheinen zu lassen.
                  Und was ist mit Beethovens Fugen? Was mit Clara und Robert Schumanns Kontrapunktstudien? Was mit dem Eintauchen von Mendelssohn, Brahms und Reger in historische Kompositionsmodelle? Das Symposium der Schola Cantorum Basiliensis "Alte Musik im 19. Jahrhundert - Rezeption, Komposition, Interpretation" im Mai 1997 soll über Theorie und Praxis der Alten Musik im 19. Jahrhundert Aufschluss geben. Die damit verbundenen Konzerte werden zeigen, wie aus der einstigen Opposition eine historische Aufführungspraxis für das 19. Jahrhundert gewachsen ist. Aber auch die anderen Konzerte der Saison 1996/97 wären nicht denkbar ohne das historische Verständnis der Vergangenheit als Bedingung für gegenwärtiges Musizieren. "Antike” und neue Musik für Aulos und Blockflöte oder die unter empfindsamen Zeitgenossen mittlerweile erstaunlich verbreiteten Gesänge Hildegards von Bingen mit dem Ensemble Sequentia halten unserem historisch informierten Zeitalter den Spiegel vor. Darin zu entdecken sind neben dem Bemühen um den Rückgewinn historischer Musizierpraxis unsere eigenen Wertmassstäbe als Musizierende und Musikliebhaber des zu Ende gehenden 20. Jahrhunderts. Das legitime Verhältnis zu den Werken der Vergangenheit bleibt Verstehen wünschende Distanz. Das Bewusstsein von angestrebter Nähe und deren Unerreichbarkeit.
Martina Wohlthat]]></page>
<pb facs="CH_Bm_prg/pyr_CH_Bm_prg-0267.tif"/>
<page><![CDATA[﻿Donnerstag, 24. Oktober Freitag, 25. Oktober 1996 jeweils 19.00 Uhr Oberlichtsaal Antikenmuseum Basel
             Conrad Steinmann:
              "Aulos, Prometheus und die Kunst der Musen"
Donnerstag, 24. Oktober Freitag, 25. Oktober 1996 jeweils 20.15 Uhr Oberlichtsaal Antikenmuseum Basel
                 In Zusammenarbeit mit dem Antikenmuseum Basel
"Antike" Musik zu Euripides und Aischylos für Aulos, Solisten und Chor
Luiz Alves da Silva, Altus Andreas Schmidt, Bariton Beat Mattmüller, Altus	Akira Tachikawa, Altus
Reinhard Mayr, Bass	Irene Klein, Viola da gamba
humanismus 96 Conrad Steinmann,
               Aulos, Blockflöte und Leitung
                  Wie wäre unser Bild der griechischen Antike ohne Parthenon-Tempel? Wo wären unsere abendländischen Gedanken ohne Platon? Was verdankt unser Theater nicht dem Schaffen der grossen Aischylos, Sophokles, Euripides, nicht zu vergessen Aristophanes? Von wem liessen wir uns inspirieren, wenn nicht von den Musen? Und doch: es fehlt offensichtlich das, was wir "Musik” zu nennen gewohnt sind, was aber damals eine untrennbare Einheit von Rhythmus, Melodie, Bewegung und Aussage war. Nur: gibt es einen Schlüssel - wenn wir schon keine Notenschrift haben -, um doch zu Klang und Tönen zurückzufinden? So wie der Parthenon selbst in seiner ruinenhaften Erscheinung viele Zeichen seines ehemaligen Ganzen in sich birgt, finden wir im originalen Text des "Gefesselten Prometheus” von Aischylos aus dem Jahre 465 v.Chr. ebenso wie in den erhaltenen Auloi - den doppelt geblasenen Instrumenten - grundlegende Hinweise zur Melodiebildung, zu Rhythmik und Tönen. Sie erlauben es, eine "Übersetzung" altgriechischer Texte in die “Kunst der Musen", der "mousike techne” zu wagen.
                  Lassen Sie sich von diesem Wagnis und Versuch anstecken, antike Chöre und Monodien in ihrem (heutigen?) Klanggewand neu zu entdecken!
Conrad Steinmann
Einführungs-
vortrag
Konzert I
Extrakonzert I Montag, 25. November 1996
                20.15	Uhr Martinskirche Basel
              Hildegard von Bingen (1098 - 1179)
              Gesänge der Ekstase
             "Vox Feminae"
             Frauenensemble von Sequentia
                Gundula Anders Lucia Pahn
               Elizabeth Gien Consuelo Sanudo
               Nancy Mayer Carol Schlaikjer
              Barbara Thornton, Leitung
                  Im Jahre 1 152 erlebte Hildegard von Bingen mit 54 Jahren nach jahrelangem aufopferndem Kampf, daß ihr der am liebevollsten gehegten Traum Wirklichkeit wurde: Die neuerbaute Kirche ihrer soeben gegründeten klösterlichen Gemeinschaft auf dem Rupertsberg wurde am Ort eines früheren Klosters zu Ehren des karolingischen Heiligen und Einsiedlers Rupert in großer Feierlichkeit eingeweiht. Doch weihte sie die Kirche nicht nur dem Schutzheiligen dieses Berges, sondern ebenso Maria und den drei Heiligen Philipp, Jakobus und Martin. Unser Programm setzt sich aus Kompositionen zusammen, in denen Hildegard ihre Verehrung der Maria und des heiligen Rupert sowie der Ursula, einer anderen Heiligen des Rheinlandes, die ihr als Märtyrerin und Leiterin einer geistlichen Gemeinschaft von Frauen besonders am Herzen lag, zum Ausdruck bringt.
      Anlässlich der Weihe der Kirche Hildegards erfahren wir, dass die consecratio virginum, das Offizium für die Konsekration von Jungfrauen, ebenfalls durchgeführt wurde. Dieses Offizium ist einer Vermählungszeremonie vergleichbar, in der sich jedoch die Person für den himmlischen und nicht für einen weltlichen Bräutigam entschieden hat, und so ist auch die Sprache die erotisch-natürliche Sprache des Hoheliedes Salomonis. Die Stücke in diesem Programm geben die hochzeitliche Stimmung der Weihezeremonie wieder, so wie Hildegard sie auch erlebt haben dürfte.
Barbara Thornton]]></page>
<pb facs="CH_Bm_prg/pyr_CH_Bm_prg-0268.tif"/>
<page><![CDATA[﻿Konzert II	Mittwoch, 29. Januar 1997
                20.15	Uhr
                  Hans Huber-Saal Casino Basel
             Johann Joachim Quantz zum
              300. Geburtstag
                Kammermusik von J.A. Hasse, C.Ph.E. Bach,
                 J.P. Kirnberger, J.S. Bach undJJ. Quantz
                   Minna Arkkola, Violine
                   Käthi Gohl-Moser, Violoncello
                  Johann Sonnleitner, Cembalo/Fortepiano
               Oskar Peter, Traverso und Leitung
                   Mit dem Regierungsantritt im Jahre 1740 beginnt am Hofe Friedrichs des Grossen die Blütezeit des Berliner Musiklebens. Diese dauert bis zum Beginn des siebenjährigen Krieges (1756). In seinem 1754 verfassten Lebenslauf schreibt Johann Joachim Quantz: "Die hiesige Königliche Musik überhaupt; der dabey regierende vernünftig-vermischte und reizende Geschmack...; das gute Orchester..., welches überdieß vom Anfänge der itzigen Regierung an, zu einem der ansehnlichsten in Europa vermehret worden ist, und die verschiedenen hervorragenden Virtuosen, die sich in demselben befinden alles dieses, sage ich, hat sich schon selbst so bekannt und berühmt gemacht, daß es ein Überfluß sein würde, jeden nach seinen Verdiensten hier ins besondere zu beschreiben.”
                  Das Programm dieser imaginären königlichen Kammermusik-Soiree am Vorabend des 300. Geburstags des Hofkomponisten, Flötenlehrers und musikalischen Beraters Friedrichs des Grossen möchte drei stilistische Aspekte dieser Zeit beleuchten: den "vermischten Geschmack", wie ihn Quantz nennt und hauptsächlich vertritt, die "Empfindsamkeit" (vorwiegend bei Emanuel Bach), und den "gelehrten Stil" J.S. Bachs, dessen Triosonate aus dem "musikalischen Opfer” die am Hofe des Königs gepflegten Stilmerkmale mit seiner eigenen, affektreichen Musiksprache in meisterhafter Weise verbindet.
Oskar Peter

Konzert III	Mittwoch, 12. Mörz 1997
                20.15	Uhr
                 Hans Huber-Saal Casino Basel
              Francesco Antonio Bonporti (1672 - 1749) Inventionen op. 10 Chiara Banchini, Violine Gaetano Nasillo, Violoncello Jesper Christensen, Cembalo
                  Francesco Antonio Bonporti entstammt einer angesehenen Familie Trients, die ihm eine gründliche humanistische und musikalische Ausbildung ermöglichte. Nach seiner Promotion zum Doktor der Philosophie schlug er mit 19 Jahren die Priesterlaufbahn ein. Studien in Rom erlaubten ihm Musikunterricht bei den berühmtesten Meistern der Stadt: Sein Geigenspiel perfektionierte er bei Arcangelo Corelli, der ihm auch die neuesten Satztechniken instrumentaler Komposition vermittelte.
                   Als Priester kehrte er 1697 nach Trient zurück, wo er mehr als 40 Jahre blieb - stets auf eine (bessere) Stelle am Trienter Dom hoffend. Während dieser Zeit entstand ein umfangreiches Oeuvre an Instrumentalmusik in meist Corellischer Manier. Zu seinen bedeutendsten Werken zählen die zehn "Invenzioni da camera" (Bologna 171 2, Trient 1713), worin er traditionelle Schemata überwindet und einen eigenwilligen Personalstil entwickelt. Die suitenartige Satzfolge jeder Invention birgt eine reiche Melodik und persönlichen Impulsen gehorchende Rhythmik - ganz im Dienste des Ausdrucks. Durch eine Harmonik feinster Schattierungen und voller überraschender Wendungen gewinnt diese Kammermusik ganz neue Aspekte: Kein Wunder, dass Johann Sebastian Bach von mehreren Inventionen Bonportis Abschriften anfertigte und diese Kopien bis in unser Jahrhundert als Originale des Leipziger Meisters galten! Ohne Übertreibung ist deshalb Bonporti als vielleicht wichtigstes Bindeglied zwischen Bach und Corelli, zwischen Deutschland und Italien anzusehen.
Meinrad Schweizer]]></page>
<pb facs="CH_Bm_prg/pyr_CH_Bm_prg-0269.tif"/>
<page><![CDATA[﻿Extrakonzert II Montag, 5. Mai 1997
20.15 Uhr
Grösser Festsaal Casino Basel
             Johann Wolfgang Goethe -Carl Friedrich Zelter:
                Ein Dialog in Briefen
               Dietrich Fischer-Dieskau Gert Westphal
                     Als der historisch und künstlerisch interessierte Johann Wolfgang Goethe am Ende des 1 8. Jahrhunderts auf der Suche nach einem musikalischen Berater war, lernte er das Lied "Ich denke dein" aus der Feder Carl Friedrich Zelters kennen. Der Berliner Verleger Unger vermittelte, und am 1 1. August 1799 wandte sich Zelter, der Berliner Maurermeister, Komponist und Musikdirektor, zum ersten Mal an den Dichter. Darauf folgte eine Korrespondenz, die über drei Jahrzehnte währte: 871 Briefe sind erhalten, zwei Drittel stammen von Zelter, ein Drittel von Goethe. Sie sind in den seltensten Fällen ausschliesslich musikalischen Themen gewidmet (berühmt wurden die Debatte über Dur und Moll 1 808, die Berichte über die Begegnung Goethe - Beethoven 1812, den Berliner "Freischütz” 1 821 und die Bachsche Matthäus-Passion 1 829), die Herren diskutierten auch über die anderen Künste, über Ästhetik und Kunsttheorie sowie über das politische Geschehen, und sie teilten sich die Freuden und Sorgen ihres Alltags mit. Öfters nahmen Beilagen verschiedenster Natur den Weg von Berlin nach Weimar und zurück: Theaterzettel, Manuskripte, Noten, Bücher, Medaillen, Teltower Rübchen, Fisch, Wein und Tabak. Goethe schätzte an Zelter, dass er "immer grandios und tüchtig" wirkte, Zelter nannte Goethe einen "lebendigen Bruder". So ist dieser "Dialog in Briefen", den Goethe in Absprache mit Zelter früh für eine Veröffentlichung bestimmte, nicht nur eine unschätzbare geistes- und kulturgeschichtliche Hinterlassenschaft, sondern auch das Dokument einer tiefen Freundschaft.
Regula Rapp

Konzert IV	Dienstag, 6. Mai 1997
20.15 Uhr
Hans Huber-Saal Casino Basel
              Bach im 19. Jahrhundert
                Werke von Mendelssohn, Schumann und Bach
              John Holloway, Violine Alexander Ljubimov, Hammerflügel
                 Die Alte Musik - Bewegung des ausgehenden 20. Jahrhunderts kann sowohl als treibende Kraft hinter der Wiederentdek-kung von "verlorenem" Repertoire als auch als Wächterin der "political correctness" in der Aufführungspraxis angesehen werden. Die Wiederbelebung Bachscher Musik im 19. Jahrhundert, als man Bach durchaus kannte und auch pädagogisch verwendete, war ebenfalls eine Art "Alte Musik-Bewegung"; aber in diesem Fall ging es nicht so sehr um die Entdeckung vergessener Musik oder um alte Spieltechniken, sondern darum, Bachs Musik "populärer" zu machen. Sowohl Mendelssohn als auch Schumann und Czerny leisteten zu diesen Bemühungen einen wichtigen Beitrag, indem sie selbst Bachs Musik lernten und lehrten, und indem sie Aufführungen organisierten sowie Neuausgaben und Arrangements veröffentlichten. Diese Arrangements waren den Instrumenten und dem Geschmack dieser Zeit angepasst, - etwas, das in den heutigen Bemühungen, die sich an der Aufführungspraxis des 17. und 1 8. Jahrhunderts orientieren, schwer vorstellbar ist! Selbstverständlich werfen diese Neuausgaben und Arrangements dieselben Fragen auf wie die Aufführung Bachscher Musik selbst: Welche Instrumente passen am besten und wie sollen sie gespielt werden? Es scheint angemessen, in den Geist der "revival“ und ihrer Klangwelt einzutauchen, indem sowohl die Musik dieser grossen Komponisten als auch ihre Versionen Bachscher Musik mit der Ausrüstung und der Technik ihrer Zeit gespielt wird.
John Holloway]]></page>
<pb facs="CH_Bm_prg/pyr_CH_Bm_prg-0270.tif"/>
<page><![CDATA[﻿Die
GeFaM
wünscht den
FAMB
eine erfolgreiche Konzertsaison 96/97 !
Bei den Freunden Alter ft^usik in Basel
werden alte Musikinstrumente gespielt. Die
Gesellschaft der
Freunde
alter
Musikinstrumente
forscht nach deren Herkunft und Geschichte. Sie schafft Verbindungen zwischen Mitgliedern und Institutionen auf diesem vielfältigen Gebiet.
Sind Sie interessiert ? Genauere Angaben erhalten Sie bei :
Georg Friedrich Senn Bündtenweg 62 CH-4102 BINNINGEN
Tel. 061 421 83 63 Fax 061 421 83 38

Wenn Sie Interesse an unserer Arbeit haben und zu den Förderern der Alten Musik in Basel gehören möchten, werden Sie bitte Gönnermitglied!
Gönnermitglieder, die eigentlichen Träger unseres Vereins, entrichten einen Jahresbeitrag von mindestens Fr. 150.-.
Er berechtigt zum freien Eintritt zu den regulären Konzerten und zu den Extrakonzerten.
Mitglieder
bezahlen einen Jahresbeitrag von Fr. 100.- (Personen unter 20 Jahren, Studierende und Lehrlinge Fr. 50.-). Sie haben freien Eintritt zu den regulären Konzerten und können reduzierte Einzelkarten für die Extrakonzerte I + II im Vorverkauf bei Musik Hug beziehen. (Der grüne Postabschnitt der getätigten Einzahlung des Mitgliederbeitrags muss auf Verlangen an der Billettkasse vorgewiesen werden. Bitte nicht für einzelne Konzerte einzahlen!) Für zusätzliche Karten nutzen Sie bitte den Vorverkauf. Das Datum Ihrer Wahl für das Konzert I (doppelt geführt!) geben Sie bitte auf dem Einzahlungsschein an.
Nichtmitglieder
sind in unseren Konzerten herzlich willkommen, sie kommen jedoch nicht in den Genuss der für Mitglieder geltenden Preise.
Einzeleintrittspreise für die Konzerte
Mitglieder	Fr. 25.- (für die Extrakonzerte I + II)
Nichtmitglieder Fr. 35-Studenten	Fr. 15-
Vorverkauf zwei Wochen vor dem jeweiligen Konzert bei Musik Hug AG, Freie Str. 70, Postfach, CH-4001 Basel, Telefon 061-271 23 23
Abendkasse 45 Minuten vor Konzertbeginn.
Die Mitgliederbeiträge für 1996/97
bitten wir bis spätestens zum 30. September 1996 auf unser Postcheck-konto 40-16145-7 einzuzahlen. Nach Einzahlung des Beitrags (Gönnermitglied, Mitglied oder Student) werden Ihnen die Eintrittskarten für die gesamte Saison vor dem ersten Konzert zugeschickt.
Anmeldungen zur Mitgliedschaft
können an das Sekretariat der
„Freunde alter Musik in Basel", Leonhardsstr. 6, Postfach,
CH-4003 Basel, Telefon 061-264 57 57 gerichtet werden.]]></page>
<pb facs="CH_Bm_prg/pyr_CH_Bm_prg-0271.tif"/>
<page><![CDATA[﻿]]></page>
       
        </p>
    </body>
  </text>
</TEI>
