<?xml version="1.0" encoding="UTF-8"?>
<?xml-model href="http://www.tei-c.org/release/xml/tei/custom/schema/relaxng/tei_all.rng" schematypens="http://relaxng.org/ns/structure/1.0"?>
<TEI xmlns="http://www.tei-c.org/ns/1.0">
  <teiHeader>
    <fileDesc>
        <titleStmt>
            <title>BASEL</title>
        </titleStmt>
        <editionStmt>
            <edition>TEI P5.1 Edition</edition>
            <respStmt>
                <resp>
                    <persName>Claudio Bacciagaluppi</persName>
                    <persName>Laurent Pugin</persName>
                    <persName>Rodolfo Zitellini</persName>
                    <date when="2016-01">Janvier 2016</date>
                </resp>
                <name>Bureau Suisse du RISM</name>
            </respStmt>
        </editionStmt>
        <publicationStmt>
            <publisher><orgName xml:base="http://www.rism-ch.org">Bureau Suisse du RISM</orgName></publisher>
        </publicationStmt>
	    <seriesStmt>
	     <idno type="collection">ch_famb</idno>
	    </seriesStmt>
      <sourceDesc>
		<bibl>
        <title>Concert<date when="19481023">23/10/1948</date></title>
<series>Concert</series>
<placeName>Basel, Vortragssaal des Kunstmuseums</placeName>
<orgName role="holding">Archiv des Vereins Freunde alter Musik Basel; <link target="http://famb.ch/"/></orgName>

		</bibl>
      </sourceDesc>
    </fileDesc>
  </teiHeader>
  <text>
    <body>
        <p> <!-- all the content of the program in one paragraph -->
            <pb facs="CH_Bm_prg/pyr_CH_Bm_prg-0620.tif"/>
<date when="19481023"/>
<name key="Lotti, Antonio" type="person" role="cmp">Lotti, Antonio</name>
<name key="Scarlatti, Domenico" type="person" role="cmp">Scarlatti, Domenico</name>
<name key="Vinci, Leonardo" type="person" role="cmp">Vinci, Leonardo</name>
<name key="Telemann, Georg Philipp" type="person" role="cmp">Telemann, Georg Philipp</name>
<name key="Bach, Johann Sebastian" type="person" role="cmp">Bach, Johann Sebastian</name>
<name key="Handel, George Frideric" type="person" role="cmp">Händel, Georg Friedrich</name><name key="Bopp, Joseph" type="person" role="int">Bopp, Joseph</name>
<name key="Wenzinger, August" type="person" role="int">Wenzinger, August</name>
<name key="Müller, Eduard" type="person" role="int">Müller, Eduard</name><title>Concert</title>
<placeName key="Basel, Vortragssaal des Kunstmuseums"/>
<name key="Concert" type="series"/>
<page><![CDATA[﻿                                          Freunde alter Musik in Basel
    Iflyskoomt
                                                    Samstag, 23. Oktober 1948, 20.15 Uhr Vortragssaal des Kunstmuseums (Eingang Dufourstrafye)
    ImtriHit iti tiriik
                                            Schola Cantorum Basiliensis
                                                    Joseph Bopp (Flöte) August Wenzinger (Viola da Gamba) Eduard Müller (Cembalo)
              Programm 30 Cts.
               Eintritt für Mitglieder frei, für Nichtmitglieder Fr. 3.30 im Vorverkauf bei Hug & Co., Freiestraße 70 a, und an der Abendkasse.
               Jahresbeitrag für Mitglieder Fr. 10.-, für Freimitglieder Fr. 25.-, für Personen unter 20 Jahren, Studenten, interne Konservatoristen und Berufsschüler der Schola Cantorum Basiliensis Fr. 5.-. Anmeldung zur Mitgliedschaft an die Aktuarin, Frau E. Stalder-Suter, Missionsstraße 31, Basel.
]]></page>
<pb facs="CH_Bm_prg/pyr_CH_Bm_prg-0621.tif"/>
<page><![CDATA[﻿PROGRAMM
Antonio Lotti 1667-1740
Domenico Scarlatti 1685-1757
Leonardo Vinci 1690-1730
Georg Philipp Telemann 1681-1767
Johann Sebastian Bach 1685-1750
Georg Friedrich Händel 1685-1759
Sonate G-dur
für Flöte, Viola da Gamba und Continuo Largo - Allegro -Adagio - Vivace
Drei Sonaten für Cembalo D-dur, f-moll, f-moll
Sonate D-dur
für Flöte und Continuo
Adagio - Allegro - Largo -Allegro - Pastourelle
Sonate D-dur
füt Viola da Gamba Solo
Andante -Vivace - Recitativ, Arioso - Allegro
Capriccio
über die Abreise seines vielgeliebten Bruders für Cembalo (1704)
Ist eine Schmeiehelung der Freunde, um denselben von seiner Reise abzuhalten - Ist eine Vorstellung unterschiedlicher Casuum, die ihm in der Fremde könnten vorfallen - Ist ein allgemeines Lamento der Freunde -Allhier kommen die Freunde, weil sie doch sehen, daß es anders nicht sein kann, und nehmen Abschied - Aria di Postiglione - Fuga all’imitazione della Cometta di Postiglione.
Sonate h-moll op. 1 Nr. 9
für Flöte und Continuo
Largo - Vivace - Presto -Adagio - Alla breve -
Andante-A tempo di Menuetto
Querflöte Greve, Mannheim, Anfang 18. Jahrhundert Tenorgambe Jakob Stainer, Absam, 1673 Cembalo Gebrüder Glaser, Jena]]></page>
       
        </p>
    </body>
  </text>
</TEI>
