<?xml version="1.0" encoding="UTF-8"?>
<?xml-model href="http://www.tei-c.org/release/xml/tei/custom/schema/relaxng/tei_all.rng" schematypens="http://relaxng.org/ns/structure/1.0"?>
<TEI xmlns="http://www.tei-c.org/ns/1.0">
  <teiHeader>
    <fileDesc>
        <titleStmt>
            <title>BASEL</title>
        </titleStmt>
        <editionStmt>
            <edition>TEI P5.1 Edition</edition>
            <respStmt>
                <resp>
                    <persName>Claudio Bacciagaluppi</persName>
                    <persName>Laurent Pugin</persName>
                    <persName>Rodolfo Zitellini</persName>
                    <date when="2016-01">Janvier 2016</date>
                </resp>
                <name>Bureau Suisse du RISM</name>
            </respStmt>
        </editionStmt>
        <publicationStmt>
            <publisher><orgName xml:base="http://www.rism-ch.org">Bureau Suisse du RISM</orgName></publisher>
        </publicationStmt>
	    <seriesStmt>
	     <idno type="collection">ch_famb</idno>
	    </seriesStmt>
      <sourceDesc>
		<bibl>
        <title>Season<date when="19671110">10/11/1967</date></title>
<series>Season</series>
<placeName>Basel, Hans Huber-Saal des Stadtcasinos Basel</placeName>
<orgName role="holding">Archiv des Vereins Freunde alter Musik Basel; <link target="http://famb.ch/"/></orgName>

		</bibl>
      </sourceDesc>
    </fileDesc>
  </teiHeader>
  <text>
    <body>
        <p> <!-- all the content of the program in one paragraph -->
            <pb facs="CH_Bm_prg/pyr_CH_Bm_prg-0081.tif"/>
<date when="19671110"/>
<name key="Isaac, Heinrich" type="person" role="cmp">Isaac, Heinrich</name>
<name key="Obrecht, Jacob" type="person" role="cmp">Obrecht, Jacob</name>
<name key="Stoltzer, Thomas" type="person" role="cmp">Stoltzer, Thomas</name>
<name key="Finck, Heinrich" type="person" role="cmp">Finck, Heinrich</name>
<name key="Willaert, Adrian" type="person" role="cmp">Willaert, Adrian</name>
<name key="Anonymus" type="person" role="cmp">Anonymus</name>
<name key="Gallus (Handl), Iacobus" type="person" role="cmp">Gallus, Iacobus</name>
<name key="Senfl, Ludwig" type="person" role="cmp">Senfl, Ludwig</name>
<name key="Susato, Tielman" type="person" role="cmp">Susato, Tielman</name>
<name key="Hofhaimer, Paul" type="person" role="cmp">Hofhaimer, Paul</name>
<name key="Tritonius, Petrus" type="person" role="cmp">Tritonius, Petrus</name>
<name key="Speer, Daniel" type="person" role="cmp">Speer, Daniel</name>
<name key="Peuerl, Paul" type="person" role="cmp">Peuerl, Paul</name>
<name key="Filtz, Anton" type="person" role="cmp">Filtz, Anton</name>
<name key="Stamitz, Johann" type="person" role="cmp">Stamitz, Johann</name>
<name key="Wendling, Johann Baptist" type="person" role="cmp">Wendling, Johann Baptist</name>
<name key="Stamitz, Carl" type="person" role="cmp">Stamitz, Carl</name>
<name key="Holzbauer, Ignaz" type="person" role="cmp">Holzbauer, Ignaz</name>
<name key="Dunstaple, John" type="person" role="cmp">Dunstaple, John</name>
<name key="Du Fay, Guillaume" type="person" role="cmp">Dufay, Guillaume</name>
<name key="Ockeghem, Johannes" type="person" role="cmp">Ockeghem, Johannes</name>
<name key="Obrecht, Jacob" type="person" role="cmp">Obrecht, Jacob</name>
<name key="Anonymus" type="person" role="cmp">Anonymus</name>
<name key="Neusidler, Hans" type="person" role="cmp">Neusidler, Hans</name>
<name key="Isaac, Heinrich" type="person" role="cmp">Isaac, Heinrich</name>
<name key="Senfl, Ludwig" type="person" role="cmp">Senfl, Ludwig</name>
<name key="Josquin des Prez" type="person" role="cmp">Josquin des Prez</name>
<name key="Costeley, Guillaume" type="person" role="cmp">Costeley, Guillaume</name>
<name key="Sermisy, Claudin de" type="person" role="cmp">Sermisy, Claudin de</name>
<name key="Telemann, Georg Philipp" type="person" role="cmp">Telemann, Georg Philipp</name>
<name key="Monteverdi, Claudio" type="person" role="cmp">Monteverdi, Claudio</name><name key="Gartner, Jane" type="person" role="int">Gartner, Jane</name>
<name key="Breitschopf, Hans" type="person" role="int">Breitschopf, Hans</name>
<name key="Lukasovsky, Franz" type="person" role="int">Lukasovsky, Franz</name>
<name key="Schneider, Heinrich" type="person" role="int">Schneider, Heinrich</name>
<name key="Ascherl, Helmut" type="person" role="int">Ascherl, Helmut</name>
<name key="Clemencic, René" type="person" role="int">Clemencic, René</name>
<name key="Hartl, Wolfgang" type="person" role="int">Hartl, Wolfgang</name>
<name key="Klebel, Bernhard" type="person" role="int">Klebel, Bernhard</name>
<name key="Koller, Hubert" type="person" role="int">Koller, Hubert</name>
<name key="Kübelböck, Horst" type="person" role="int">Kübelböck, Horst</name>
<name key="Rab, Eduard" type="person" role="int">Rab, Eduard</name>
<name key="Sonneck, Gerhard" type="person" role="int">Sonneck, Gerhard</name>
<name key="Tschedemnig, Hans" type="person" role="int">Tschedemnig, Hans</name>
<name key="Unger, Robert" type="person" role="int">Unger, Robert</name>
<name key="Widensky, Peter" type="person" role="int">Widensky, Peter</name>
<name key="Zachhuber, Johann" type="person" role="int">Zachhuber, Johann</name>
<name key="Melkus, Eduard" type="person" role="int">Melkus, Eduard</name>
<name key="Linde, Hans-Martin" type="person" role="int">Linde, Hans-Martin</name>
<name key="Majer, Marianne" type="person" role="int">Majer, Marianne</name>
<name key="Wenzinger, August" type="person" role="int">Wenzinger, August</name>
<name key="Müller, Hannelore" type="person" role="int">Müller, Hannelore</name>
<name key="Kägi, Valerie" type="person" role="int">Kägi, Valerie</name>
<name key="Marion, Eric" type="person" role="int">Marion, Eric</name>
<name key="Linde, Hans-Martin" type="person" role="int">Linde, Hans-Martin</name>
<name key="Wenzinger, August" type="person" role="int">Wenzinger, August</name>
<name key="Müller, Hannelore" type="person" role="int">Müller, Hannelore</name>
<name key="Dombois, Eugen M." type="person" role="int">Dombois, Eugen M.</name>
<name key="Linde, Hans-Martin" type="person" role="int">Linde, Hans-Martin</name>
<name key="Piguet, Michel" type="person" role="int">Piguet, Michel</name>
<name key="Hoever, Herbert" type="person" role="int">Hoever, Herbert</name>
<name key="Müller, Hannelore" type="person" role="int">Müller, Hannelore</name>
<name key="Jappe, Michael" type="person" role="int">Jappe, Michael</name>
<name key="Müller, Eduard" type="person" role="int">Müller, Eduard</name>
<name key="Huber, Kurt" type="person" role="int">Huber, Kurt</name>
<name key="Neininger, Wolfgang" type="person" role="int">Neininger, Wolfgang</name>
<name key="Hoever, Herbert" type="person" role="int">Hoever, Herbert</name>
<name key="Day, Christoph" type="person" role="int">Day, Christoph</name>
<name key="Majer, Marianne" type="person" role="int">Majer, Marianne</name>
<name key="Wenzinger, August" type="person" role="int">Wenzinger, August</name>
<name key="Dombois, Eugen M." type="person" role="int">Dombois, Eugen M.</name>
<name key="Dähler, Jörg Ewald" type="person" role="int">Dähler, Jörg Ewald</name>
<name key="Linde, Hans-Martin" type="person" role="int">Linde, Hans-Martin</name><title>Season</title>
<placeName key="Basel, Hans Huber-Saal des Stadtcasinos Basel"/>
<name key="Season" type="series"/>
<page><![CDATA[﻿^reunöe öltet fcltuftf irt23öfel
GENERALPROGRAMM
1967/68]]></page>
<pb facs="CH_Bm_prg/pyr_CH_Bm_prg-0082.tif"/>
<page><![CDATA[﻿Sehr geehrte Damen und Herren!
Der Vorstand unseres Vereins ist bestrebt, Ihnen auch in der kommenden Saison 1967/68 wiederum mit einem gediegenen und abwechslungsreichen Generalprogramm aufzuwarten und Ihnen damit Freude und Genuß zu bereiten. Musiker der Schola Cantorum Basiliensis und auswärtige Künstler vermitteln Ihnen in den vorgesehenen vier regulären Konzerten und im Extrakonzert selten zu hörende Musik vom ausgehenden Mittelalter bis zum 18. Jahrhundert. Die stilgetreue Wiedergabe der auserlesenen Werke geschieht fast ausnahmslos auf alten Instrumenten oder auf Kopien nach alten Vorlagen. - Wir möchten nicht verfehlen, unseren Mitgliedern für ihre Treue herzlichen Dank auszusprechen. Wer neu einzutreten wünscht, findet auf der letzten Seite dieses Zirkulars alle nötigen Hinweise.
Der Vorstand der «Freunde alter Musik in Basel»:
Dr. Jean Druey (Präsident)
Dr. Bernhard Riggenbach (Vizepräsident)
Dr. Felix H. Thomann (Kassier)
Fräulein Ruth Kaufmann (Sekretärin)
Paul Baumgartner Dr. med. Ernst Buchmann Dr. Paul Geßler Dr. Walter Nef Dr. h.c. Paul Sacher Dr. Hans Peter Schanzlin Frau Elisabeth Stalder-Suter Alfred Von der Mühll Dr. h.c. August Wenzinger
Zum Generalprogramm 1967/68
Vor einiger Zeit bot sich mir während eines Ferienaufenthaltes auf Mallorca Gelegenheit zum Besuch eines vom spanischen Gitarristen Segovia bestrittenen Wohltätigkeitskonzertes. Ich nahm dafür gerne die je andert-halbstündige Hin- und Rückfahrt von meinem Ferienort, teilweise «über Stock und Stein», in Kauf. Das Konzert sollte um zehn Uhr abends beginnen und im Kreuzgang eines Klosters stattfinden, mußte dann aber in die Klosterkirche verlegt werden, da die Nacht zwar sternklar, aber nicht genügend windstill war. Es begann mit fast halbstündiger Verspätung und dauerte - mit zwei ausgiebigen Pausen - bis nach Mitternacht. Vor einem zahlreichen, internationalen Publikum erklangen originale und arrangierte Werke aus dem 16. bis ins 20. Jahrhundert. Der Künstler wurde mit Beifall überschüttet und kargte nicht mit Dreingaben.
  Im darauf folgenden Winter veranstalteten die «Freunde alter Musik in Basel» unter anderem ein Konzert mit Musik aus dem 16. und 17. Jahrhundert für Orgel und Bläser. Ich pilgerte in einer ebenfalls sternklaren, aber recht kalten Nacht auf den von hartgefrorenem Schnee bedeckten Wegen des Bruderholzes zum Margarethenkirchlein und lauschte zusammen mit einer andächtigen Zuhörerschaft den von drei Künstlern hervorragend dargebotenen Werken eines Frescobaldi und anderer, dem Laien auch dem Namen nach kaum bekannter Komponisten. Es gab weder Pausen, Applaus noch Dreingaben, und nach einer guten Stunde ging es bereits wieder heimwärts.
  Äußerlich zwei große, ja fast schreiende Gegensätze: Dort der Zauber einer spanischen Sommernacht, ein reichlich gemischtes Publikum und ein Programm «quer durch Jahrhunderte» — hier eine nordische Winternacht, eine zwar nicht große, aber homogene und musikalisch interessierte Zuhörergemeinde und Musik aus einer rund hundert Jahre umfassenden Zeitepoche. Trotzdem als harmonisch verbindende Elemente das Naturerlebnis und die Würde des jeweiligen Raumes, die einen unwillkürlich in jene Zeiten zurückversetzten, wo die zu Gehör gebrachten Werke entstanden und ursprünglich erklungen waren. So ist es besonders der aus jedem stilvollen Bauwerk historischen Charakters wehende Hauch der Jahrhunderte, der uns auf beglückende Weise zu Verständnis und Genuß alter Musik hinführt. Basel und seine Umgebung verfügen über eine]]></page>
<pb facs="CH_Bm_prg/pyr_CH_Bm_prg-0083.tif"/>
<page><![CDATA[﻿ganze Reihe derartiger Stätten, doch bereitet ihre Verwendung für die Veranstaltungen unserer Vereinigung vielfach erhebliche Schwierigkeiten organisatorischer und finanzieller Natur. Um so erfreulicher, daß auch das Generalprogramm 1967/68 wieder mit einem in reizvollem historischem Rahmen stattfindenden Anlaß aufwarten kann, sieht es doch ein Konzert mit Chansons und Liedern des 15. und 16. Jahrhunderts im Refektorium des Kleinen Klingentals vor. Der Vorstand möchte diese Tradition nach Möglichkeit weiterführen und hofft, sie werde dazu beitragen, daß sich auch im zweiten Vierteljahrhundert des Bestehens der «Freunde alter Musik in Basel» zu den bisherigen immer wieder neue gesellen werden.
Bernhard Riggenbach
 I
  Freitag, 10. November 1967, 20.15 Uhr, Hans Huber-Saal
 Geistliche und weltliche Musik der Renaissance
  Finck, Gallus, Hofhaimer, Isaac, Obrecht, Peuerl, Senfl, Stoltzer, Willaert
   u. a.
 Ensemble MUSICA ANTIQUA, Wien Leitung Dr. Rene Clemencic
 II
  Freitag, 8. Dezember 1967, 20.15 Uhr, Hans Huber-Saal
 Johann Stamitz und die Mannheimer Schule
  Johann und Carl Stamitz, Toeschi, Wendling
  Eduard Melkus, Wien (Violine), Hans-Martin Linde (Traversflöte), Marianne Majer (Bratsche), August Wenzinger (Viola da gamba), Hannelore Müller (Violoncello), Valerie Kägi (Cembalo)
 III
  Freitag, 9. Februar 1968, 20.15 Uhr, Refektorium des Kleinen Klingentals
 Chansons und Lieder des 15. und 16.Jahrhunderts
  Binchois, Desprez, Dufay, Dunstable, Isaac
  Eric Marion, Straßburg (Tenor), Hans-Martin Linde (Blockflöte), August Wenzinger, Hannelore Müller (Viola da gamba),
  Eugen M. Dombois (Laute)
Nur für Mitglieder!]]></page>
<pb facs="CH_Bm_prg/pyr_CH_Bm_prg-0084.tif"/>
<page><![CDATA[﻿Freitag, 29. März 1968,20.15 Uhr, Hans Huber-Saal Georg Philipp Telemann
Sonaten, Trios und Quartette
Joseph Bopp (Traversflöte), Herbert Hoever (Violine), Hannelore Müller (Viola da gamba), Eduard Müller (Cembalo)
EXTRAKONZERT Freitag, 17. Mai 1968, 20.15 Uhr, Hans Huber-Saal
Claudio Monteverdi
Solo- und Chormadrigale
Kurt Huber, Winterthur (Tenor), Wolfgang Neininger, Herbert Hoever (Violine), August Wenzinger (Viola da gamba), Eugen M. Dombois (Laute), Jörg Ewald Dähler (Cembalo)
Vokalensemble der Schola Cantorum Basiliensis Leitung Hans-Martin Linde
Änderungen Vorbehalten
Mitglieder
bezahlen einen Jahresbeitrag von Fr. 25- (Personen unter 20 Jahren, Studenten und Berufsschüler der Musik-Akademie Fr. 15.-). Sie haben freien Eintritt zu den vier Konzerten des Vereins und das Vorbezugsrecht auf eine ermäßigte Einzelkarte zum Extrakonzert.
Freimitglieder
entrichten einen Jahresbeitrag von mindestens Fr. 50.-. Dieser erhöhte Beitrag hilft dem Verein, die dringend notwendigen Mittel zur Durchführung größerer Konzerte bereitzustellen, und verschafft Ihnen freien Eintritt zu sämtlichen Konzerten.
<_Mitgliederbeiträge für 1967/68
bitten wir, bis zum 14. Oktober auf unser Postcheckkonto Basel 40-16 145 einzahlen zu wollen. Sie erhalten dann Ihre Mitgliedkarte, die als Ausweis zum freien Eintritt in die Konzerte gilt, per Post zugestellt. Wir werden uns erlauben, Mit gliederb eiträge, die bis zum genannten Datum nicht bezahlt wurden, per Nachnahme zu erheben.
c_Anmeldungen zur Mitgliedschaft^
sind zu richten an das Sekretariat der «Freunde alter Musik in Basel», Leonhardsstraße 4, 4000 Basel (Telephon 24 20 51).]]></page>
<pb facs="CH_Bm_prg/pyr_CH_Bm_prg-0085.tif"/>
<page><![CDATA[﻿]]></page>
       
        </p>
    </body>
  </text>
</TEI>
