<?xml version="1.0" encoding="UTF-8"?>
<?xml-model href="http://www.tei-c.org/release/xml/tei/custom/schema/relaxng/tei_all.rng" schematypens="http://relaxng.org/ns/structure/1.0"?>
<TEI xmlns="http://www.tei-c.org/ns/1.0">
  <teiHeader>
    <fileDesc>
        <titleStmt>
            <title>BASEL</title>
        </titleStmt>
        <editionStmt>
            <edition>TEI P5.1 Edition</edition>
            <respStmt>
                <resp>
                    <persName>Claudio Bacciagaluppi</persName>
                    <persName>Laurent Pugin</persName>
                    <persName>Rodolfo Zitellini</persName>
                    <date when="2016-01">Janvier 2016</date>
                </resp>
                <name>Bureau Suisse du RISM</name>
            </respStmt>
        </editionStmt>
        <publicationStmt>
            <publisher><orgName xml:base="http://www.rism-ch.org">Bureau Suisse du RISM</orgName></publisher>
        </publicationStmt>
	    <seriesStmt>
	     <idno type="collection">ch_famb</idno>
	    </seriesStmt>
      <sourceDesc>
		<bibl>
        <title>Season<date when="19641028">28/10/1964</date></title>
<series>Season</series>
<placeName>Basel, Hans Huber-Saal des Stadtcasinos Basel</placeName>
<orgName role="holding">Archiv des Vereins Freunde alter Musik Basel; <link target="http://famb.ch/"/></orgName>

		</bibl>
      </sourceDesc>
    </fileDesc>
  </teiHeader>
  <text>
    <body>
        <p> <!-- all the content of the program in one paragraph -->
            <pb facs="CH_Bm_prg/pyr_CH_Bm_prg-0070.tif"/>
<date when="19641028"/>
<name key="Bull, John" type="person" role="cmp">Bull, John</name>
<name key="Morley, Thomas" type="person" role="cmp">Morley, Thomas</name>
<name key="Gibbons, Orlando" type="person" role="cmp">Gibbons, Orlando</name>
<name key="Byrd, William" type="person" role="cmp">Byrd, William</name>
<name key="Johnson, John" type="person" role="cmp">Johnson, John</name>
<name key="Johnson, Robert" type="person" role="cmp">Johnson, Robert</name>
<name key="Munday, John" type="person" role="cmp">Munday, John</name>
<name key="Dowland, John" type="person" role="cmp">Dowland, John</name>
<name key="Anonymus" type="person" role="cmp">Anonymus</name>
<name key="Jones, Robert" type="person" role="cmp">Jones, Robert</name>
<name key="Corkine, William" type="person" role="cmp">Corkine, William</name>
<name key="Du Tertre, Etienne" type="person" role="cmp">Du Tertre, Etienne</name>
<name key="Du Caurroy, Eustache" type="person" role="cmp">Du Caurroy, Eustache</name>
<name key="Matteo da Perugia" type="person" role="cmp">Matteo da Perugia</name>
<name key="Anonymus" type="person" role="cmp">Anonymus</name>
<name key="Solage" type="person" role="cmp">Solage</name>
<name key="Grimace" type="person" role="cmp">Grimace</name>
<name key="Brumel, Antoine" type="person" role="cmp">Brumel, Antoine</name>
<name key="Finck, Heinrich" type="person" role="cmp">Finck, Heinrich</name>
<name key="Josquin des Prez" type="person" role="cmp">Josquin des Prez</name>
<name key="Coprario, John" type="person" role="cmp">Coperario, John</name>
<name key="Holborne, Antony" type="person" role="cmp">Holborne, Antony</name>
<name key="Tomkins, Thomas" type="person" role="cmp">Tomkins, Thomas</name>
<name key="Ward, John" type="person" role="cmp">Ward, John</name>
<name key="Viadana, Lodovico" type="person" role="cmp">Viadana, Lodovico</name>
<name key="Lappi, Pietro" type="person" role="cmp">Lappi, Pietro</name>
<name key="Guami, Gioseffo" type="person" role="cmp">Guami, Gioseffo</name>
<name key="Grillo, Giovanni Battista" type="person" role="cmp">Grillo, Giovanni Battista</name>
<name key="Massaini, Tiburtio" type="person" role="cmp">Massaini, Tiburtio</name>
<name key="Schenck, Johannes" type="person" role="cmp">Schenck, Johannes</name>
<name key="Telemann, Georg Philipp" type="person" role="cmp">Telemann, Georg Philipp</name>
<name key="Bach, Johann Sebastian" type="person" role="cmp">Bach, Johann Sebastian</name>
<name key="Farina, Carlo" type="person" role="cmp">Farina, Carlo</name>
<name key="Rameau, Jean-Philippe" type="person" role="cmp">Rameau, Jean-Philippe</name>
<name key="Couperin, François" type="person" role="cmp">Couperin, François</name>
<name key="Marais, Marin" type="person" role="cmp">Marais, Marin</name>
<name key="Bach, Carl Philipp Emmanuel" type="person" role="cmp">Bach, Carl Philipp Emanuel</name>
<name key="Haydn, Joseph" type="person" role="cmp">Haydn, Joseph</name>
<name key="Hofmann, Leopold" type="person" role="cmp">Hofmann, Leopold</name>
<name key="Mozart, Wolfgang Amadeus" type="person" role="cmp">Mozart, Wolfgang Amadeus</name><name key="Douglas, Nigel" type="person" role="int">Douglas, Nigel</name>
<name key="Wenzinger, August" type="person" role="int">Wenzinger, August</name>
<name key="Majer, Marianne" type="person" role="int">Majer, Marianne</name>
<name key="Müller, Hannelore" type="person" role="int">Müller, Hannelore</name>
<name key="Dombois, Eugen M." type="person" role="int">Dombois, Eugen M.</name>
<name key="Kägi, Valerie" type="person" role="int">Kägi, Valerie</name>
<name key="Harnoncourt, Alice" type="person" role="int">Harnoncourt, Alice</name>
<name key="Schäftlein, Jürgen" type="person" role="int">Schäftlein, Jürgen</name>
<name key="Stastny, Leopold" type="person" role="int">Stastny, Leopold</name>
<name key="Pöttler, Hans" type="person" role="int">Pöttler, Hans</name>
<name key="Theiner, Kurt" type="person" role="int">Theiner, Kurt</name>
<name key="Harnoncourt, Nikolaus" type="person" role="int">Harnoncourt, Nikolaus</name>
<name key="Kubizek, Elli" type="person" role="int">Kubizek, Elli</name>
<name key="Höbarth, Hermann" type="person" role="int">Höbarth, Hermann</name>
<name key="Pirker, Firmin" type="person" role="int">Pirker, Firmin</name>
<name key="Bopp, Joseph" type="person" role="int">Bopp, Joseph</name>
<name key="Kägi, Walter" type="person" role="int">Kägi, Walter</name>
<name key="Müller, Hannelore" type="person" role="int">Müller, Hannelore</name>
<name key="Dombois, Eugen M." type="person" role="int">Dombois, Eugen M.</name>
<name key="Felicani, Rodolfo" type="person" role="int">Felicani, Rodolfo</name>
<name key="Neininger, Wolfgang" type="person" role="int">Neininger, Wolfgang</name>
<name key="Wenzinger, August" type="person" role="int">Wenzinger, August</name>
<name key="Müller, Hannelore" type="person" role="int">Müller, Hannelore</name>
<name key="Müller, Eduard" type="person" role="int">Müller, Eduard</name>
<name key="Piguet, Michel" type="person" role="int">Piguet, Michel</name>
<name key="Fauquex, Hubert" type="person" role="int">Fauquex, Hubert</name>
<name key="Baumgartner, Paul" type="person" role="int">Baumgartner, Paul</name>
<name key="Linde, Hans-Martin" type="person" role="int">Linde, Hans-Martin</name>
<name key="Brejza, Josef" type="person" role="int">Brejza, Josef</name>
<name key="Baccelli, Umberto" type="person" role="int">Baccelli, Umberto</name>
<name key="Wenzinger, August" type="person" role="int">Wenzinger, August</name><title>Season</title>
<placeName key="Basel, Hans Huber-Saal des Stadtcasinos Basel"/>
<name key="Season" type="series"/>
<page><![CDATA[﻿Sreunöe alter iltuftf in Bafel
GENERALPROGRAMM
1964/65]]></page>
<pb facs="CH_Bm_prg/pyr_CH_Bm_prg-0071.tif"/>
<page><![CDATA[﻿Sehr geehrte Damen und Herren !
Der Vorstand unseres Vereins beehrt sich, Ihnen das Generalprogramm der bevorstehenden Saison 1964/65 bekanntzugeben. Es ist uns ein Anliegen, Ihnen auch im kommenden Winter einen gehaltvollen und in sich möglichst kontrastreichen Ausschnitt aus dem unerschöpflichen Reichtum der alten Musik zu bieten. Sie hören selten aufgeführte Werke in mannigfacher Besetzung, die der weiten Zeitspanne vom 14. bis zum ausgehenden 18. Jahrhundert entstammen. Musiker der Schola Cantorum Ba-siliensis und auswärtige Künstler bürgen für eine stilgetreue Interpretation der ausgewählten Kompositionen. Wie es in unseren Konzerten üblich ist, werden wieder fast ausnahmslos alte Instrumente oder Kopien nach alten Instrumenten Verwendung finden. Wir danken unseren Mitgliedern herzlich für die unserem Verein erwiesene Treue. Wer neu einzutreten wünscht, findet auf der letzten Seite dieses Zirkulars alle nötigen Hinweise.
Der Vorstand der «Freunde alter Musik in Basel»:
Dr. Jean Druey (Präsident)
Dr. Bernhard Riggenbach (Vizepräsident)
Dr. Beat Sarasin (Kassier und Aktuar)
Fräulein Edith Büchi (Sekretärin)
Paul Baumgartner Dr. med. Ernst Buchmann Dr. Paul Geßler Dr. Walter Nef Dr. h. c. Paul Sacher Dr. Hans Peter Schanzlin Frau Elisabeth Stalder-Suter Alfred Von der Miihll Dr. h. c. August Wenzinger
Zum Generalprogramm 1964/63
Wenn man einen Laien bittet, ein kleines Begleitwort zum Jahresprogramm zu verfassen, so will man damit offenbar ausdrücken, daß die Konzerte der Freunde alter Musik keine Spezialität für Musiker oder gar für Musikhistoriker sind, sondern daß sie allen Freunden der Musik (in einem weiten Sinne dieses Ausdrucks) Freude machen wollen.
Wodurch erreichen sie das - nach unserem großen und treuen Publikum zu schließen — so offensichtlich? Dadurch, daß sie in ihren Konzerten zur Hauptsache eine Musik wieder zum Klingen bringen, die, wie man schon treffend bemerkt hat, noch nicht darauf ausgeht, den Hörer zu überwältigen, und auch noch nicht darauf, eine Genieleistung hervorzubringen, sondern die meist noch in festen, das heißt in weithin traditions- und gemeinschaftsgebundenen Formen ihr Lebensgefühl auszudrücken und damit das Ohr des Hörers zu erfreuen und sein eigenes Gefühl mitklingen und -schwingen zu lassen bestrebt ist.
Redet dann doch einmal ein ganz Großer - wie vielleicht J. S. Bach in seinem «Musikalischen Opfer» - eine Sprache, die so gewaltig ist, daß der Hörer ihrer Größe fast nicht mehr gewachsen ist; oder überrascht er durch eine kühne und fast modern klingende Harmonik, so empfindet man diese Sprengung des Rahmens als etwas Außerordentliches und besonders Großartiges, kehrt aber nachher gerne aus dieser Ek-stase, das heißt diesem Hinaustreten aus dem gewohnten Raum, in die Grenzen zurück und hört mit Entzücken einem Scarlatti, einem Rameau oder einem Bachsohn zu.
Das besondere Vergnügen des Musikfreundes an dieser Musik und ihrer stilgerechten Gestaltung ist, daß er, eben weil sie ihm nicht Gewalt antut, mit gesammelter Aufmerksamkeit der Führung der einzelnen Stimmen, ihrer Verschlingung und ihrer verhaltenen Dramatik folgen kann und dabei doch sich gesichert fühlt im festen Haus der verschiedenen Zeitstile. Auch das Programm für die kommende Spielzeit wird uns wieder eine ganze Reihe solcher fester Zeitstile anschaulich - oder eher anhörlich -machen, vom Mittelalter über die Shakespearezeit bis zu Mozart. Wir freuen uns sicher alle schon wieder auf diese immer hochgediegenen Darbietungen unserer eigenen oder der von auswärts eingeladenen Künstler.
Paul Geßler
I
Mittwoch, 28. Oktober 1964, 20.15 IJhr, im Hans Huber-Saal
Wi Musik um Shakespeare ^
(anläßlich des Shakespeare-Jubiläums Basel 1964)
Bull, Byrd, Corkine, J. Dowland, O. Gibbons, R. Johnson, R. Jones, Morley,
J. Mundy
Nigel Douglas (Tenor), August Wenzinger, Marianne Majer, Hannelore Müller (Viola da gamba), Eugen M. Dombois (Laute),
Valerie Kägi (Virginal)
II
Freitag, 13. November 1964,20.15 Uhr, im Großen Saal der Musik-Akademie
Musik des Spätmittelalters und der Renaissance
Musik am Papsthof in Avignon, Musik am Hofe Maximilians 1., englische, französische und italienische Musik des 16. und frühen 17. Jahrhunderts, aus geführt zum Teil auf sehr seltenen alten Originalinstrumenten
Concentus Musicus, Wien (Ensemble für alte Musik, 9 Mitwirkende) Leitung: Nikolaus Harnoncourt
III
Freitag, 15. Januar 1965, 20.15 Uhr, im Großen Saal der Musik-Akademie
Solosonaten der Bachzeit Sfe
Johann Sebastian Bach, Schenk, Telemann
Joseph Bopp (Traversflöte), Walter Kägi (Violine), Hannelore Müller (Viola da gamba), Eugen M. Dombois (Laute)]]></page>
<pb facs="CH_Bm_prg/pyr_CH_Bm_prg-0072.tif"/>
<page><![CDATA[﻿Donnerstag, 25. Februar 1965,20.15 Uhr, im Großen Saal der Musik-Akademie
Programm-Musik
C. Ph. E. Bach, Couperin, Farina, Marais, Rameau
Rodolfo Felicani, Wolfgang Neininger (Violine), August Wenzinger, Hannelore Müller (Viola da gamba), Eduard Müller (Cembalo)
EXTRAKONZERT Dienstag, 1. Juni 1965, 20.15 Uhr, im Hans Huber-Saal
Konzertante Musik von Haydn und Mozart
Verstärkte Konzertgruppe der Schola Cantorum Basiliensis unter Leitung von August Wenzinger: Paul Baumgartner (Hammerklavier), Hans-Martin Linde (Traversflöte), Michel Piguet, Huben Fauquex (Oboe), Josef Brejza, Umberto Baccelli (Waldhorn), Rodolfo Felicani, Wolfgang Neininger (Violine), Walter Kägi, Marianne Majer (Bratsche), August Wenzinger (Violoncello), Angelo Viale (Contrabaß)
Änderungen Vorbehalten
^Mitglieder
bezahlen einen Jahresbeitrag von Fr. 25.- (Personen unter 20 Jahren, Studenten und Berufsschüler der Musik-Akademie Fr. 15.—). Sie haben freien Eintritt zu den vier Konzerten des Vereins und das Vorbezugsrecht auf eine ermäßigte Einzelkarte zum Extrakonzert.
Freimitglieder
entrichten einen Jahresbeitrag von mindestens Fr. 50.—. Dieser erhöhte Beitrag hilft dem Verein, die dringend notwendigen Mittel zur Durchführung größerer Konzerte bereitzustellen, und verschafft Ihnen freien Eintritt zu sämtlichen Konzerten.
<_Mitgliederbeiträge für 1964/63
bitten wir, im Hinblick auf das erste Konzert (28. Oktober 1964), bis zum 13. Oktober auf unser Postcheckkonto Basel 40-16 145 einzahlen zu wollen. Sie erhalten dann Ihre Mitgliederkarte, die als Ausweis zum freien Eintritt in die Konzerte gilt, per Post zugestellt. Wir werden uns erlauben, Mitgliederbeiträge, die bis zum genannten Datum nicht bezahlt wurden, per Nachnahme zu erheben.
cAnmeldungen zur Mitgliedschaft-,
sind zu richten an das Sekretariat der «Freunde alter Musik», Leonhardsstraße 4, Basel (Telephon 24 20 51).]]></page>
       
        </p>
    </body>
  </text>
</TEI>
