<?xml version="1.0" encoding="UTF-8"?>
<?xml-model href="http://www.tei-c.org/release/xml/tei/custom/schema/relaxng/tei_all.rng" schematypens="http://relaxng.org/ns/structure/1.0"?>
<TEI xmlns="http://www.tei-c.org/ns/1.0">
  <teiHeader>
    <fileDesc>
        <titleStmt>
            <title>BASEL</title>
        </titleStmt>
        <editionStmt>
            <edition>TEI P5.1 Edition</edition>
            <respStmt>
                <resp>
                    <persName>Claudio Bacciagaluppi</persName>
                    <persName>Laurent Pugin</persName>
                    <persName>Rodolfo Zitellini</persName>
                    <date when="2016-01">Janvier 2016</date>
                </resp>
                <name>Bureau Suisse du RISM</name>
            </respStmt>
        </editionStmt>
        <publicationStmt>
            <publisher><orgName xml:base="http://www.rism-ch.org">Bureau Suisse du RISM</orgName></publisher>
        </publicationStmt>
	    <seriesStmt>
	     <idno type="collection">ch_famb</idno>
	    </seriesStmt>
      <sourceDesc>
		<bibl>
        <title>Concert<date when="19760514">14/05/1976</date></title>
<series>Concert</series>
<placeName>Basel, Münstersaal des Bischofshofs</placeName>
<orgName role="holding">Archiv des Vereins Freunde alter Musik Basel; <link target="http://famb.ch/"/></orgName>

		</bibl>
      </sourceDesc>
    </fileDesc>
  </teiHeader>
  <text>
    <body>
        <p> <!-- all the content of the program in one paragraph -->
            <pb facs="CH_Bm_prg/pyr_CH_Bm_prg-1682.tif"/>
<date when="19760514"/>
<name key="Machy, de" type="person" role="cmp">Machy, de</name>
<name key="Marais, Marin" type="person" role="cmp">Marais, Marin</name>
<name key="Couperin, François" type="person" role="cmp">Couperin, François</name>
<name key="Gaultier, Denis" type="person" role="cmp">Gaultier, Denis</name>
<name key="Forqueray, Antoine" type="person" role="cmp">Forqueray, Antoine</name><name key="Savall, Jordi" type="person" role="int">Savall, Jordi</name>
<name key="Koopman, Ton" type="person" role="int">Koopman, Ton</name>
<name key="Smith, Hopkinson" type="person" role="int">Smith, Hopkinson</name><title>Concert</title>
<placeName key="Basel, Münstersaal des Bischofshofs"/>
<name key="Concert" type="series"/>
<page><![CDATA[﻿i ' • . 1.1»*1# «!.«•«*
                         Freunde alter Musik in Basel
BASEL • LEONHARDSSTRASSE 4 • TELEPHON 25 57 22
                     u
2. Podiumskonzert Freitag, den 14. Mai, 2Q.15 Uhr, im Münstersaal des Bischofshofs MUSIK IN VERSAILLES UM 1700
jordi Savall (Viola da gamba), Ton Koopman (Cembalo), Hopkinson Smith (Barocklaute,Theorbe)
M. De Machy	Prelude pour la viole (1685)
Marin Marais	Suite en Si mineur
1656-1728	Prelude - Petite fantaisie
                                  Allemande - Courante - Sarabande Gigue - Menuet - Gavotte - Menuet Tombeau pour M. de Lully (2. Livre de pisces de viole, 1701)
                  Suite en Fa majeur Prelude non mssure Allemande - Courante Tombeau pour M.de Blanc-Rocher
                  Suite d’un gout ötranger (extraits)
                                  Marche tartare - La tartarine Fete champetre: Muzette, Tambourin Le tourbillon (4. Livre de pieces de viole, 1717)
 La rhetorique des dieux (extraits)
 Prölude - Pavane - Courante: Narcisse Courante: Junon ou la Jalouse Sarabande: La Resolution des Amis de M. de L'Enclos sur sa mort
 Portraits musicaux:
 La Rameau: Majestueusement La Marella: Vivement et marque La Couperin: Noblement et marque La Dubreuil: Loure
 La Leclair: Tres vivement et detache
Eintrittskarten für Mitglieder Fr. 5.75. Für Nichtmitglieder Fr. 10.35 (Jugendliche, Studenten und Berufsschüler der Musik-Akademie Fr. 5.75) im Vorverkauf beim Musikhaus "au concert", Aeschenvorstadt 24 (Tel. 23.11.76) und an der Abendkasse.
Ein Gespräch mit den Ausführenden über das Konzert findet am Samstag, den 15. Mai, 10.30 Uhr im Zimmer 6 der Schola Cantorum Basiliensis (Leonhardsstr. 4) statt.
Louis Couperin um 1626-1661
Marin Marais
Denis Gaultier um 1600-1672
Antoine Forqueray 1672-1745]]></page>
       
        </p>
    </body>
  </text>
</TEI>
