<?xml version="1.0" encoding="UTF-8"?>
<?xml-model href="http://www.tei-c.org/release/xml/tei/custom/schema/relaxng/tei_all.rng" schematypens="http://relaxng.org/ns/structure/1.0"?>
<TEI xmlns="http://www.tei-c.org/ns/1.0">
  <teiHeader>
    <fileDesc>
        <titleStmt>
            <title>BASEL</title>
        </titleStmt>
        <editionStmt>
            <edition>TEI P5.1 Edition</edition>
            <respStmt>
                <resp>
                    <persName>Claudio Bacciagaluppi</persName>
                    <persName>Laurent Pugin</persName>
                    <persName>Rodolfo Zitellini</persName>
                    <date when="2016-01">Janvier 2016</date>
                </resp>
                <name>Bureau Suisse du RISM</name>
            </respStmt>
        </editionStmt>
        <publicationStmt>
            <publisher><orgName xml:base="http://www.rism-ch.org">Bureau Suisse du RISM</orgName></publisher>
        </publicationStmt>
	    <seriesStmt>
	     <idno type="collection">ch_famb</idno>
	    </seriesStmt>
      <sourceDesc>
		<bibl>
        <title>Concert<date when="19660114">14/01/1966</date></title>
<series>Concert</series>
<placeName>Basel, Margarethenkirche</placeName>
<orgName role="holding">Archiv des Vereins Freunde alter Musik Basel; <link target="http://famb.ch/"/></orgName>

		</bibl>
      </sourceDesc>
    </fileDesc>
  </teiHeader>
  <text>
    <body>
        <p> <!-- all the content of the program in one paragraph -->
            <pb facs="CH_Bm_prg/pyr_CH_Bm_prg-1332.tif"/>
<date when="19660114"/>
<name key="Fantini, Girolamo" type="person" role="cmp">Fantini, Girolamo</name>
<name key="Viviani, Giovanni Bonaventura" type="person" role="cmp">Viviani, Giovanni Bonaventura</name>
<name key="Frescobaldi, Girolamo Alessandro" type="person" role="cmp">Frescobaldi, Girolamo</name>
<name key="Froberger, Johann Jacob" type="person" role="cmp">Froberger, Johann Jacob</name>
<name key="Marini, Biagio" type="person" role="cmp">Marini, Biagio</name>
<name key="Pachelbel, Johann" type="person" role="cmp">Pachelbel, Johann</name><name key="Tarr, Edward H." type="person" role="int">Tarr, Edward H.</name>
<name key="Rudin, Emil" type="person" role="int">Rudin, Emil</name>
<name key="Müller, Eduard" type="person" role="int">Müller, Eduard</name><title>Concert</title>
<placeName key="Basel, Margarethenkirche"/>
<name key="Concert" type="series"/>
<page><![CDATA[﻿FREUNDE ALTER MUSIK IN BASEL
3.	Konzert
Freitag, 14.Januar 1966, 20.15 Uhr, in der Margare thenkirche
MUSIK FUER ORGEL UND BLASSER
Edward H.Tarr (Clarintrompete, Zink) Emil Rudin (Posaune)
Eduard Müller (Orgel)
Programm 50 Rappen Eintritt nur für Mitglieder]]></page>
<pb facs="CH_Bm_prg/pyr_CH_Bm_prg-1333.tif"/>
<page><![CDATA[﻿Programm
 vGirolamo Fantini geb. iim 1600
 / Giovanni Bonaventura Viviani
 2.Hälfte 17.Jh. 6
 v Girolamo Frescobaldi 1583-3.643	,
            5aL}°
                    3'
                                 r- /
           >
v' Girolamo Frescobaldi
       4
Sonata in C-dur, 11 detta del Nicolini", für Clarintrompete und Continuo (Orgel) aus "Modo per imparare a sonare di Tromba" (1638)
Sonata Er.l in C-dur, für^ Clarintrompete und Continuo (Orgel, Posaune) aus "Capricci Armonici", op.4 (1678)
Stücke für Orgel
■«/Toccata Hr.5 in G aus Fiori musicali" (1635)
v Toccata "per 1'Elevatione" in e aus "Toccate e Partite"
  II	(1637)
v/Bergamasca in G aus "Fiori musicali" (1635)
 Stücke aus "Canzoni da sonare1' (T634-)	^
V' Canzone Nr.2 in G (Zink, Orgel)
yj Canzone Nr. 8 in c, "L'Ambi-tiosa" (Posaune, Orgel)
v^Canzone Er.l in C, "a 2, Canto e Basso" (Zink, Posaune, Orgel)

  V Johann Jakob Proberger Stücke für Orgel
 1616-1667 __ZV •'Capriccio in C
                                 •''Canzone in C
 v Biagio Marini	Sonata in a-moll für
•	1597-1665	I Zink, obligate Orgel
'S" und Continuo (Posaune) aus “Sonate, Sym-phoniae, Canzoni etc.", op.8 (1626)
Stücke für Orgel
  *Pantasia in g \/Ricercar in c „Partita über den , .. Choral "Christus, J? 3C der ist mein Leben"
  Die verwendeten Instrumente:
  Langgestreckte, einwindige Clarintrompete Adolf Egger, Basel
  Gerader Zink Otto Steinkopf, Celle Tenorposaune Y/ilhelm Konke, Köln Orgel Metzler <3t Söhne, Lietikon
V Johann Pachelbel
 1653-1706	\]]></page>
<pb facs="CH_Bm_prg/pyr_CH_Bm_prg-1334.tif"/>
<page><![CDATA[﻿]]></page>
       
        </p>
    </body>
  </text>
</TEI>
