<?xml version="1.0" encoding="UTF-8"?>
<?xml-model href="http://www.tei-c.org/release/xml/tei/custom/schema/relaxng/tei_all.rng" schematypens="http://relaxng.org/ns/structure/1.0"?>
<TEI xmlns="http://www.tei-c.org/ns/1.0">
  <teiHeader>
    <fileDesc>
        <titleStmt>
            <title>BASEL</title>
        </titleStmt>
        <editionStmt>
            <edition>TEI P5.1 Edition</edition>
            <respStmt>
                <resp>
                    <persName>Claudio Bacciagaluppi</persName>
                    <persName>Laurent Pugin</persName>
                    <persName>Rodolfo Zitellini</persName>
                    <date when="2016-01">Janvier 2016</date>
                </resp>
                <name>Bureau Suisse du RISM</name>
            </respStmt>
        </editionStmt>
        <publicationStmt>
            <publisher><orgName xml:base="http://www.rism-ch.org">Bureau Suisse du RISM</orgName></publisher>
        </publicationStmt>
	    <seriesStmt>
	     <idno type="collection">ch_famb</idno>
	    </seriesStmt>
      <sourceDesc>
		<bibl>
        <title>Concert<date when="19490401">01/04/1949</date></title>
<series>Concert</series>
<placeName>Basel, Theodorskirche</placeName>
<orgName role="holding">Archiv des Vereins Freunde alter Musik Basel; <link target="http://famb.ch/"/></orgName>

		</bibl>
      </sourceDesc>
    </fileDesc>
  </teiHeader>
  <text>
    <body>
        <p> <!-- all the content of the program in one paragraph -->
            <pb facs="CH_Bm_prg/pyr_CH_Bm_prg-0627.tif"/>
<date when="19490401"/>
<name key="Senfl, Ludwig" type="person" role="cmp">Senfl, Ludwig</name>
<name key="Anonymus" type="person" role="cmp">Anonymus</name>
<name key="Walter, Johann" type="person" role="cmp">Walter, Johann</name>
<name key="Hassler, Hans Leo" type="person" role="cmp">Hassler, Hans Leo</name>
<name key="Lechner, Leonhard" type="person" role="cmp">Lechner, Leonhard</name><name key="Leu, Esther" type="person" role="int">Leu, Esther</name>
<name key="Schmidt, Christopher" type="person" role="int">Schmidt, Christopher</name>
<name key="Heiz, Ida" type="person" role="int">Heiz, Ida</name>
<name key="Leonhardt, Gustav" type="person" role="int">Leonhardt, Gustav</name><title>Concert</title>
<placeName key="Basel, Theodorskirche"/>
<name key="Concert" type="series"/>
<page><![CDATA[﻿Freunde alter Musik in Basel
Kirtlcikmtrt
                                           (Anstelle des II. Hauskonzertes)
                                       Freitag, 1. April 1949, 20.15 Uhr Theodorskirche
                              Schola Cantorum Basiliensis
                                Ensemble für Kirchenmusik unter Leitung von Ina Lohr
Programm mit Text 50 Cts.
Eintritt für Mitglieder frei, für Niohtmitglieder Fr. 3.30 im Vorverkauf bei Hug & Co., Freiestraße 70a, und an der Abendkasse.
Jahresbeitrag für Mitglieder Fr. 10.-, für Freimitglieder Fr. 25.-, für Personen unter 20 Jahren, Studenten, interne Konservatoristen und Berufsschüler der Schola Cantorum Basiliensis Fr. 5.-. Anmeldung zur Mitgliedschaft an die Aktuarin, Frau E. Stalder-Suter, Missionsstraße 31, Basel.
Voranzeige: Drei öffentliche Konzerte, Sonntag, 29. Mai (Pro Muaica Antiqua, Brustei), Dienstag, 31. Mai, und Mittwoch, 1. Juni (Schola Cantorum Basiliensis).
Ille Pmiminit]]></page>
<pb facs="CH_Bm_prg/pyr_CH_Bm_prg-0628.tif"/>
<page><![CDATA[﻿PROGRAMM
Ludwig Senfl um 1488-1542/43
Aus dem Gesangbuch der Böhmischen Brüder von 1566
Ludwig Senfl
Aus dem Gesangbuch der Böhmischen Brüder von 1531
Ludwig Senfl
Ludwig Senfl
Johann Walter 1496-1570
«.Deus in adjutorium» vierstimmig a cappella
«0 müder Gott» einstimmig
« Was ist die Welt?»
vierstimmig (Altblockflöte,
zwei Tenorblockflöten, Tenorgambe)
« Wunderlich Ding hat sich ergangen » einstimmig
«Christus, der uns selig macht» einstimmig
«Herr, durch dein Blut» vierstimmig (zwei Altblockflöten, Tenorblockflöte, Tenorgambe)
«Ewiger Gott»
vierstimmig (Singstimmen, Altblockflöte, zwei Tenorblockflöten, Tenorgambe)
«Wir glauben all an einen Gott» erste Strophe vierstimmig a cappella, zweite und dritte Strophe einstimmig
 Hans Leo Hasler 1564-1612
 Leonhard Lechner um 1553-1606
                     «0 Mensch bewein dein Sünde groß » vierstimmig (Sopran-, Alt-, Tenorblockflöte, Tenorgambe)
                    «Das Leiden unseres Herrn Jesu Christi aus dem Evangelisten Johannes #, 1594 vierstimmig a cappella
                  Instrumente: Esther Leu, Christopher Schmidt, Id» Heiz (Blockflöte), Gustav-Maria Leonhardt (Viola da gamba).

Texte und Anmerkungen
Zur Einführung
Im ersten Teil des Programmes ist versucht worden, liturgische Gesänge der Reformationszeit sinnvoll zu ordnen als Vorbereitung auf das Singen und Hören der Passion.
Leonhard Lechners vierstimmige Motettenpassion, die früher in der Vesper gesungen wurde, ist aus dem alten einstimmigen Rezitieren der Passion nach der hypolydischen Psalmformel entstanden. Diese sehr einfache melodische Wendung mit der kleinen Terz d-f oder a-c wechselt von Stimme zu Stimme und wird von den übrigen Stimmen umspielt. Dadurch entsteht der Eindruck, daß alle Teilnehmer sich gemeinsam auf den Text besinnen und die Passionsgeschichte einander erzählen. Die sprechenden Personen treten nicht solistisch aus dem Ganzen heraus, sind aber allerdings verschiedenen Stimmlagen anvertraut. Die alte Formel für die Christusworte liegt meistens im Baß, die für den Evangelisten im Tenor oder Sopran, die für Petrus und Pilatus im Tenor oder Alt, der ursprünglich eine hohe Männerstimme war. Ein aktives Hören dieser musikalischen Form der Passion setzt Vertrautheit mit dem Wortlaut der Leidensgeschichte in allen vier Evangelien voraus.
Ludwig Senfl
Deus in adjutorium meum intende: Domine ad adjuvandum me festina. Confundantur et revereantur, qui quaerunt animam meam. Avertantur retrorsum et erubescant, qui volunt mihi mala. Avertantur statim erubes-centes, qui dicunt mihi: Euge!
Exsultent et laetentur in te omnes, qui quaerunt te, et dicant semper: Magni-ficetur Dominus: qui diligunt salutare tuum.
Ego vero egenus et pauper sum: Deus adjuva me. Adjutor meus et liberator meus es tu: Domine ne moreris.
(Ps. 69, 2-6)
„Deus in adjutorium"
Eile, Gott, mich zu erretten, Herr, mir zu helfen! Es müssen sich schämen und zu Schanden werden, die nach meiner Seele stehen. Sie müssen zurückkehren und gehöhnt werden, die mir Übles wünschen, daß sie müssen wiederum zu Schanden werden, die da über mich schreien: «Da, da!»
Sich freuen und fröhlich müssen sein an dir, die nach dir fragen, und die dein Heil lieben, immer sagen: Hoch gelobt sei Gott!
Ich aber bin elend und arm. Gott, eile zu mir, denn du bist mein Helfer und Erretter; mein Gott, verziehe nicht!
(Ps. 70, 2-6)]]></page>
<pb facs="CH_Bm_prg/pyr_CH_Bm_prg-0629.tif"/>
<page><![CDATA[﻿Aus dem Gesangbuch der Böhmischen Brüder von 1566
„O milder Gotl"
0 milder Gott, allerhöchster Hort, wir rufen zu Dir in unsrer Not: erbarm Dich unser!
Treuer Schöpfer,
himmlischer Vater,
sieh heut an Deine lieben Kinder:
erbarm Dich unser!
Wir warn verletzt,
Du hast uns ergötzt
und in Deines Sohnes Reich versetzt:
erbarm Dich unser!
0 Christe Gottes Sohn,
der Kirchen Haupt, Freud, Ehr und Krön
und frei offner Heilbronn:
erbarm Dich unser!
Schau an Gottes Kinder, sammle die zerstreuten Sünder, drum Du kamst hernieder: erbarm Dich unser!
Du bist das Sühnopfer und der verheißne Erlöser, unser einig Mittler: erbarm Dich unser!
Heiliger Geist, der Kirchen Tröster,
Du allerbester Meister,
Erneurer und Regierer: erbarm Dich unser!
Vertilg alle Sünde und Irrtum und erbau die Christenheit durch Deiner Gnaden Reichtum: erbarm Dich unser!
Pflanz den Glauben, die Lieb und Hoffnung, stärk uns durch Deine Salbung und hilf drin zur Vollendung!
Kyrieleison.
Aus dem Gesangbuch der Böhmischen Brüder von 1531
„Wunderlich Ding hat sich ergangen"
Wunderlich Ding hat sich ergangen, Christus ward als ein König empfangen, da er zur Tochter Zion kam.
Sanftmütig und voll guter Sitten kam er auf eim Esel eingeritten, wie Zacharias weissagt hat.
Das Volk ging ihm fröhlich entgegen, ihm als eim König Ehr zu erzeigen, thats auch mit Fleiß in aller Weis.
Es nahm ihn mit großen Freuden an, aber bald darnach wards ihm heftig gram, daß es ihm auch sein Leben nahm.
Hie ward er als ein Herr empfangen, bald darnach als ein Mörder gefangen und an ein Kreuze gehangen.
Hie war Preis, Lob, Ehr und Herrlichkeit, dort aber nur Marter und Grausamkeit,
0,	welch ein großer Unterscheid.
Ei nun, Brüder, tut all euren Fleiß, gebet Christo dem Herren Lob und Preis, dienet ihm in rechtschaffner Weis.
Aus dem Gesangbuch der Böhmischen Brüder von 1531
 „Christus, der uns selig macht"
Christus, der uns selig macht, Kein Bös hat begangen,
Ward für uns zur Mitternacht als ein Dieb gefangen,
Geführt vor gottlose Leut und fälschlich verklaget, Verlacht, verhöhnt und verspeit, Wie denn die Schrift saget.
0	hilf Christe Gottes Sohn durch Dein bitter Leiden,
Daß wir dir stets untertan,
All Untugend meiden,
Deinen Tod und sein Ursach fruchtbarlich bedenken,
Dafür, wiewohl arm und schwach, Dir Dankopfer schenken.]]></page>
<pb facs="CH_Bm_prg/pyr_CH_Bm_prg-0630.tif"/>
<page><![CDATA[﻿Ludwig Senfl
„Ewiger Goti"
Ewiger Gott, aus des Gebot
der Sohn kam hier auf Erden, daß er dem Rat der Trinität
Folg tät, ein Mensch zu werden,
durch all dein Güt
bitt ich, behüt
vor Sünden rein
dein christlich Gmein,
dein Gnad tu ihr mitteilen, daß nicht mit Macht des Teufels Bracht1 sie listig tu ereilen; deins Sohns Fürbitt teil, Herr, ihr mit, daß sie all Tag ohn sündlich Klag im Glauben mög verzehren, die Seel vor Pein ernähren*.
   *	Prahlen, Großtun. * am Leben erhalten, bewahren.
Johann Walter	„Wir glauben all an einen Gott"
Wir glauben all an einen Gott, Schöpfer Himmels und der Erden, der sich zum Vater geben hat, daß wir seine Kinder werden.
Er will uns allzeit ernähren,
Leib und Seel auch wohl bewahren; allem Unfall will er wehren, kein Leid soll uns widerfahren.
Er sorget für uns, hüt’ und wacht, es steht alles in seiner Macht.
Wir glauben auch an Jesum Christ, seinen Sohn und unsern Herren, der ewig bei dem Vater ist, gleicher Gott von Macht und Ehren, von Maria der Jungfrauen ist ein wahrer Mensch geboren durch den Heiligen Geist im Glauben, für uns, die wir warn verloren, am Kreuz gestorben und vom Tod wieder auferstanden durch Gott.
                                       Wir glauben an den Heiligen Geist, Gott mit Vater und dem Sohne, der aller Blöden Tröster heißt und mit Gaben zieret schöne, die ganz Christenheit auf Erden hält in einem Sinn gar eben; hie all Sünd vergeben werden, das Fleisch soll auch wieder leben. Nach diesem Elend ist bereit’ uns ein Leben in Ewigkeit. Amen.

Leonhard Lechner	»Das Leiden unseres Herrn Jesu Christi aus dem
Evangelisten Johannes"
Das Leiden unseres Herrn Jesu Christi aus dem Evangelisten Johanne. Da Jesus solches geredt hat, ging er hinaus mit seinen Jüngern über den Bach Kidron; da war ein Garten, in den ging Jesus mit seinen Jüngern (18,1). Judas aber, der ihn verriet, wußte den Ort auch; denn Jesus versammlet sich oft daselbst mit seinen Jüngern (2). Da nun Jesus zu sich hatte genommen die Schar und der Hohenpriester und Phariseer Diener, kommt er dahin mit Fackeln, Lampen und mit Waffen (3). Als nun Jesus wußte alles, was ihm begegnen sollte, ging er hinaus und sprach zu ihnen: Wen suchet ihr (4) ? Sie antworteten
I	ihm: Jesum von Nazareth. Jesus spricht zu ihnen: Ich bins! Judas aber, der ihn verriet, stund auch bei ihnen (5). Als nun Jesus zu ihnen sprach: Ich bins!, wichen sie zurück und fielen zu Boden (6). Da fraget er sie abermal: Wen suchet ihr? Sie aber sprachen: Jesum von Nazareth (7)! Jesus antwortet: Ich habs euch gesagt, daß ichs sei; suchet ihr denn mich, so laßet diese gehn (8)! Da hatte Simon Petrus ein Schwert und zog es aus und schlug nach des Hohenpriesters Knechte und hieb ihm sein recht Ohr ab (10). Da sprach Jesus zu Petro: Steck dein Schwert in die Scheide; soll ich den Kelch nicht trinken, den mir mein Vater gegeben hat (11)1 Die Diener aber bunden ihn (12) und führeten ihn aufs erste zu Hannas (13). Der fraget Jesum um seine Jünger und um sein Lehre (19). Jesus antwortete ihm: Ich habe frei, öffentlich geredt vor der Welt. Ich hab allzeit gelehrt in der Schul und im Tempel (20). Frag die, so es gehöret haben (21)! Ein Diener aber, so darbei stund, gäbe Jesu einen Backenstreich und sprach: Sollst du dem Hohenpriester also antworten (22) ? Jesus antwortet: Hab ich übel geredt, so beweise es, das bös sei; hab ich aber recht geredt, warum schlägst du mich (23) ? Und Hannas sandte ihn gebunden zu dem Hohenpriester Caiphas (24).
Simon Petrus aber stund und wärmet sich; da sprachen sie zu ihm: Bist du nicht seiner Jünger einer? Er verleugnet aber und sprach: Ich bins nicht (25). Und also balde krähet der Hahn (27), und Petrus gedacht der Wort Jesu und ging hinaus und weinet bitterlich (Matth. 26, 75). Jesum aber führten sie von Caipha in das Richthaus (Joh. 18, 28). Da ging Pilatus zu ihnen heraus und sprach : Was bringet ihr für ein Klage über diesen Menschen (29) ? Sie antworten und sprachen: Wäre dieser nicht ein Übeltäter, wir hätten dir ihn nicht überantwortet (30). Da rief Pilatus Jesu und sprach zu ihm: Bist du der Juden König (33)? Jesus antwortet: Mein Reich ist nicht von dieser Welt (36). Da sprach Pilatus: So bist du dennoch ein König? Jesus antwortet: Du sagsts. Ich bin dazu geboren und in die Welt kommen, daß ich die Wahrheit zeugen soll; wer aus der Wahrheit ist, der höret meine Stimme (37). Spricht Pilatus zu ihm: Was ist Wahrheit? und ging wieder hinaus zu den Juden und sprach zu ihnen: Ich finde keine Schuld an ihm (38); wollt ihr nun, daß ich euch der Juden König losgebe (39)? Sie schrien all: Nicht diesen, nicht diesen, sondern Barrabam (40)!
Da nalim Pilatus Jesum und geißelt ihn (19,1), und die Kriegsknecht flochten eine Krone von Dornen und setzten sie ihm auf sein Haupt und legten ihm ein]]></page>
<pb facs="CH_Bm_prg/pyr_CH_Bm_prg-0631.tif"/>
<page><![CDATA[﻿Purpurkleid an (2) und sprachen: Sei gegrüßt, lieber Judenkönig! und gaben ihm Backenstreich (3). Da führet ihn Pilatus heraus und sprach zu den Juden: Sehet, welch ein Mensch (4-5)! Sie aber schrien: Weg, weg, weg! Kreuzige ihn, kreuzige ihn! Da sprach Pilatus: Soll ich euren König kreuzigen ? Die Hohenpriester antworten: Wir haben keinen König, allein den Kaiser (15)! Da überantwortet er ihn, daß er gekreuzigt wurde. Sie nahmen aber Jesum und führeten ihn hin (16), und er trug sein Kreuz und ging hinaus zu der Stätte, welche heißet Schädelstadt (17). Da kreuzigeten sie ihn und mit ihm zwen andere zu beiden Seiten, Jesum aber mitten inne (18).
Pilatus aber schrieb ein Überschrift und heftet sie auf das Kreuz, und war geschrieben Hebräisch, Griechisch und Lateinisch: Jesus von Nazareth, der Juden König (20). Die aber vorüber gingen, lästerten ihn und schütteln ihre I Häupter und sprachen: Pfui dich, wie fein brichst du den Tempel und bauest ihn in dreien Tagen (Mark. 15, 29); hilf dir selbst; bist du Gottes Sohn, so steig herab vom Kreuze (Matth. 27, 40)!
Jesus aber betet und sprach: Vater vergibe ihnen, denn sie wissen nicht, was sie tun (Luk. 23, 34). Und als er seine Mutter sähe und den Jünger darbeistehn, den er lieb hatt, spricht er zu seiner Mutter: Weib, siehe, das ist dein Sohn (Joh. 26). Darnach sprach er zu dem Jünger: Siehe, das ist deine Mutter (27). Der Übeltäter aber einer, so zu seiner rechten henget (Luk. 23,39), sprach zu ihm: Herr, gedenk an mich, wenn du in dein Reich kommest (Luk. 23, 42)! Und Jesus sprach zu ihm: Wahrlich, wahrlich sag ich dir, heut wirst du bei mir sein im Paradeise (43). Daß aber die Schrift erfüllet würde, sprach er: Mich dürstet (Joh. 19, 28). Sie aber reichten ihm Essig in einem Schwamm (29). Und Jesus schrie laut und sprach: Eli, Eli, lama asabthani ? Das ist: Mein Gott, mein Gott, warum hast du mich verlassen (Matthäus 27, 46)? Und wiederum sprach er: Es ist vollbracht (Joh. 19, 30). Und abermal rief er laut: Vater, in deine Hände befehl ich meinen Geist (Luk. 23, 46)! und neigete das Haupt und verschied (Joh. 19, 30).
Der du für uns gelitten hast, erbarme dich unser, o Jesu!
Schola Cantorum Basiliensis
       Lehr- und Forschungsinstitut für alte Musik / Direktion Paul Sacher
      Unterricht auf alten Instrumenten und in allen FXdiern der alten Musik
 Sommersemester 1949: 21. Februar bis 7. Juli. Prospekt, Auskunft und Anmeldung im Sekretariat, St. Albanvorstadt 5. Sprechstunde Montag bis Freitag, 15-17 Uhr.
 Telephon 4 20 51.]]></page>
       
        </p>
    </body>
  </text>
</TEI>
