<?xml version="1.0" encoding="UTF-8"?>
<?xml-model href="http://www.tei-c.org/release/xml/tei/custom/schema/relaxng/tei_all.rng" schematypens="http://relaxng.org/ns/structure/1.0"?>
<TEI xmlns="http://www.tei-c.org/ns/1.0">
  <teiHeader>
    <fileDesc>
        <titleStmt>
            <title>BASEL</title>
        </titleStmt>
        <editionStmt>
            <edition>TEI P5.1 Edition</edition>
            <respStmt>
                <resp>
                    <persName>Claudio Bacciagaluppi</persName>
                    <persName>Laurent Pugin</persName>
                    <persName>Rodolfo Zitellini</persName>
                    <date when="2016-01">Janvier 2016</date>
                </resp>
                <name>Bureau Suisse du RISM</name>
            </respStmt>
        </editionStmt>
        <publicationStmt>
            <publisher><orgName xml:base="http://www.rism-ch.org">Bureau Suisse du RISM</orgName></publisher>
        </publicationStmt>
	    <seriesStmt>
	     <idno type="collection">ch_famb</idno>
	    </seriesStmt>
      <sourceDesc>
		<bibl>
        <title>Season<date when="19831207">07/12/1983</date></title>
<series>Season</series>
<placeName>Basel, Hans Huber-Saal des Stadtcasinos Basel</placeName>
<orgName role="holding">Archiv des Vereins Freunde alter Musik Basel; <link target="http://famb.ch/"/></orgName>

		</bibl>
      </sourceDesc>
    </fileDesc>
  </teiHeader>
  <text>
    <body>
        <p> <!-- all the content of the program in one paragraph -->
            <pb facs="CH_Bm_prg/pyr_CH_Bm_prg-0157.tif"/>
<date when="19831207"/>
<name key="Frescobaldi, Girolamo Alessandro" type="person" role="cmp">Frescobaldi, Girolamo</name>
<name key="Dowland, John" type="person" role="cmp">Dowland, John</name>
<name key="Ferrabosco, Alfonso" type="person" role="cmp">Ferrabosco, Alfonso</name>
<name key="Daniel, John" type="person" role="cmp">Daniel, John</name>
<name key="Bartlet, John" type="person" role="cmp">Bartlet, John</name>
<name key="Lawes, William" type="person" role="cmp">Lawes, William</name>
<name key="Lawes, Henry" type="person" role="cmp">Lawes, Henry</name>
<name key="Purcell, Henry" type="person" role="cmp">Purcell, Henry</name>
<name key="Haydn, Joseph" type="person" role="cmp">Haydn, Joseph</name>
<name key="Telemann, Georg Philipp" type="person" role="cmp">Telemann, Georg Philipp</name>
<name key="Guillemain, Louis-Gabriel" type="person" role="cmp">Guillemain, Louis-Gabriel</name>
<name key="Anonymus" type="person" role="cmp">Anonymus</name>
<name key="Jacopo da Bologna" type="person" role="cmp">Jacopo da Bologna</name>
<name key="Lorenzo da Firenze" type="person" role="cmp">Lorenzo da Firenze</name>
<name key="Andrea da Firenze" type="person" role="cmp">Andrea da Firenze</name>
<name key="Gherardello da Firenze" type="person" role="cmp">Gherardello da Firenze</name><name key="Figueras, Montserrat" type="person" role="int">Figueras, Montserrat</name>
<name key="Jacobs, René" type="person" role="int">Jacobs, René</name>
<name key="Rogers, Nigel" type="person" role="int">Rogers, Nigel</name>
<name key="Schopper, Michael" type="person" role="int">Schopper, Michael</name>
<name key="Sonnleitner, Johann" type="person" role="int">Sonnleitner, Johann</name>
<name key="Smith, Hopkinson" type="person" role="int">Smith, Hopkinson</name>
<name key="Gohl-Moser, Käthi" type="person" role="int">Gohl-Moser, Käthi</name>
<name key="Kirkby, Emma" type="person" role="int">Kirkby, Emma</name>
<name key="Rooley, Anthony" type="person" role="int">Rooley, Anthony</name>
<name key="Hofmann, Rosmarie" type="person" role="int">Hofmann, Rosmarie</name>
<name key="Junghanns, Rolf" type="person" role="int">Junghanns, Rolf</name>
<name key="Linde, Hans-Martin" type="person" role="int">Linde, Hans-Martin</name>
<name key="Peter, Oskar" type="person" role="int">Peter, Oskar</name>
<name key="Zisman, Daniel" type="person" role="int">Zisman, Daniel</name>
<name key="Szedlak, Ferenc" type="person" role="int">Szedlak, Ferenc</name>
<name key="Szedlak, Béla" type="person" role="int">Szedlak, Béla</name>
<name key="Zehnder, Jean-Claude" type="person" role="int">Zehnder, Jean-Claude</name>
<name key="Lablaude, Anne-Marie" type="person" role="int">Lablaude, Anne-Marie</name>
<name key="Pushee, Graham" type="person" role="int">Pushee, Graham</name>
<name key="Vellard, Dominique" type="person" role="int">Vellard, Dominique</name>
<name key="Cook, Randall" type="person" role="int">Cook, Randall</name>
<name key="Zuckerman, Kenneth" type="person" role="int">Zuckerman, Kenneth</name>
<name key="Young, Crawford" type="person" role="int">Young, Crawford</name>
<name key="Arfken, Katharina" type="person" role="int">Arfken, Katharina</name>
<name key="Lommer, Valerie" type="person" role="int">Lommer, Valerie</name><title>Season</title>
<placeName key="Basel, Hans Huber-Saal des Stadtcasinos Basel"/>
<name key="Season" type="series"/>
<page><![CDATA[﻿Smmöe alter ttXufit in Bafel
GENERALPROGRAMM
1983/84
]]></page>
<pb facs="CH_Bm_prg/pyr_CH_Bm_prg-0158.tif"/>
<page><![CDATA[﻿Sehr geehrte Damen und Herren,
D er Vorstand der Freunde alter Musik in Basel möchte Sie mit dem vorliegenden Generalprogramm zur neuen Konzertsaison begrüßen und zum Besuch unserer Konzerte einladen. Die Reihe nimmt ihren Anfang mit dem Werk eines Komponisten, dessen Geburtstag sich in diesem Jahr zum 400. Male wiederholt: Girolamo Frescobaldi, geboren 1583 in Ferrara, gestorben 1643 in Rom. Seine «Arie musicali» hat er 1630 in Florenz geschrieben und dem Großherzog der Toscana sowie dessen Oberstallmeister gewidmet. International ausgewiesene Vokalsolisten werden zusammen mit Instrumentalisten der Schola Cantorum Basiliensis die «Arie musicali per cantarsi nel gravi-cembalo e tiorba» zur Aufführung bringen. Das zweite Konzert wird von englischen Spezialisten bestritten: Emma Kirkby und Anthony Rooley vom mittlerweile weltweit angesehenen «Con-sort of Musicke» lassen Lautenlieder und Lautenmusik um John Dowland und Henry Purcell erklingen. Ein Komponisten-Portrait des Franzosen Louis-Gabriel Guillemain bildet den Inhalt unseres dritten Konzertes. Seinen Titel verdankt es einem Werk dieses Rokoko-Komponisten: «6 Sonates en quatuors ou Conversations galantes et amüsantes entre une Flute Traver-siere, un Violon, une Basse de Viole et la Basse continue» (Paris 1743). Das Ensemble «Musica Practica», in welchem Lehrer der Schola Cantorum Basiliensis mitwirken, musiziert seit Jahren zusammen und beschert uns sicherlich einen «galanten und amüsanten» Abend. Das letzte Konzert der Saison führt uns wieder zurück nach Italien, zurück aber auch in das ausgehende
Mittelalter. Musik des frühen Trecento bringt das Mittelalter-Ensemble der Schola Cantorum Basiliensis im Münstersaal des Bischofshofes zu Gehör. Das fast schon zur Tradition gewordene Extra-Konzert dürfte den Höhepunkt der kommenden Saison bilden. Telemann’s letztes Werk, die Kantate «Ino» aus dem Jahre 1765 wird der Kantate «Qual dubbio omai» (entstanden 1764) von Joseph Haydn gegenübergestellt. Rosmarie Hofmann singt in beiden Stücken den Solo-Part; Hans-Martin Linde dirigiert das Streicher-Ensemble der Schola Cantorum Basiliensis und den Kammerchor des Konservatoriums. In der Haydn-Kantate spielt Rolf Junghanns das konzertierende Cembalo.
Wir hoffen, daß Sie an diesem Jahresprogramm Gefallen finden und daß es Ihnen einige schöne musikalische Erlebnisse bereiten wird.
Interessenten für eine Mitgliedschaft finden die nötigen Angaben auf der letzten Seite dieses Programms.
Mit freundlichen Grüßen
Der Vorstand der «Freunde alter Musik in Basel»
Präsident, N. N.	Rudolf Kelterborn Dr. Bernhard Riggenbach Frau Vera Oeri-Hoffmann
(Vizepräsident)	Prof. Dr. Hans Oesch
Kassier, N. N.	Dr. Peter Reidemeister
Frau Dr. Barbara Begelsbacher	Christopher Schmidt
Eugen M. Dombois	Meinrad Schweizer Hans-Martin Linde
Sekretariat: Leonhardsstraße 4, 4051 Basel, Tel. 255722]]></page>
<pb facs="CH_Bm_prg/pyr_CH_Bm_prg-0159.tif"/>
<page><![CDATA[﻿Carl Theodor Gossen zum Gedenken
In der vergangenen Konzertsaison sind zwei Mitglieder des Vorstandes der «Freunde alter Musik in Basel» in die Ewigkeit abberufen worden: der Präsident Prof. Dr. Carl Theodor Gossen und der Kassier Werner Christen. Ihr Hinschied hinterläßt eine allseits schmerzlich empfundene Lücke, die zu schließen der FAMB nicht leicht fällt. Beide Vorstandsmitglieder haben sich intensiv und mit viel Phantasie für die gedeihliche Entwicklung der FAMB in schwieriger Zeit erfolgreich eingesetzt; wir werden die beiden Dahingegangenen in ehrender und dankbarer Erinnerung behalten.
  Carl Theodor Gossen übernahm 1976 als Nachfolger seines Fakultätskollegen Prof. Dr. Bernhard Wyss das Amt des Präsidenten. Es war ein Glücksfall für die FAMB, daß er sich trotz der damaligen Belastungen seines Rektorates dazu bereit erklärte. Mit ihm trat nicht bloß ein Sitzungen überlegen und mit Charme leitender Vorsitzender an die Spitze der FAMB, sondern ein zutiefst musikalischer Mensch, dem gerade auch die alte Musik innerstes Anliegen war. Als Romanist internationalen Ansehens eröffneten sich ihm die mannigfaltigsten Zugänge zur Musik des Mittelalters und der Renaissance, deren romanische Sprachen er souverän beherrschte. Wenn vom «Roman de Fauvel» die Rede war, wußte er, worum es ging; wenn Werke des Trecento zur Debatte standen, waren es für ihn wohlvertraute musikalische Schöpfungen, die sich zur Zeit Petrarcas, Boccaccios oder Franco Sachettis entfaltet hatten. Für ihn, der sich als Philologe in den Sprachklang der provenzalischen Trobadorkunst eingelebt hatte, gehörte auch die Beschäftigung mit der Musik dieses Kulturbereiches von Berufs wegen mit dazu; denn im Klang des Vokalen und Instrumentalen offenbarte sich ihm eine künstlerische Verlautbarung, die wie das Sprachliche Ausdruck dieser Kultur war. Mit Guillaume de Machaut befaßte sich Carl Theodor Gossen gar einmal im Geleitwort zum Generalprogramm 1982/83, indem er eine nicht leicht zu übersetzende Stelle aus dem «Remede de fortune» interpretierte. Zum Dichter und Komponisten Machaut fühlte er sich besonders hingezogen, dem wohl letzten Poeten Frankreichs, der die lyrische Dichtung nicht von der Musik trennte. Wenn er auch seine Bedenken hatte, den Dichter unter die Großen der Weltliteratur einzureihen, so verstand er die musikalische Kunst Machauts als eine epochale und unvergängliche Leistung.
  Die Präsidial-Zeit Carl Theodor Gossens (1976 bis 3. Februar 1983) mag für die einen geprägt sein durch die Erfolge, mit denen die FAMB durch die finanziellen Engpässe gesteuert wurde; für die ändern bedeutet sie den Glücksfall, daß ein Kenner und Bewunderer der alten Musik sechs Jahre lang einer ihrer Promotoren war.
Hans Oesch

Werner Christen zum Gedenken
Werner Christen, der seit 1972 das Amt des Kassiers der «Freunde alter Muisk in Basel» innehatte, starb nach schwerer Krankheit, jedoch unerwartet, am 9. Juni 1983 im Alter von 44 Jahren. Die Treue und Sorgfalt, mit der er sein Amt versah, war gleichermaßen getragen von seiner kaufmännischen Befähigung wie von seinen besonderen musikalischen Interessen.
  Als Versicherungskaufmann im Dienste der «Patria» hatte es Werner Christen — gleichfalls im Jahre 1972 — übernommen, die neue Tochtergesellschaft «Patria Allgemeine» aufzubauen und zu leiten. So stark ihn die berufliche Tätigkeit auch in Anspruch nahm, so fruchtbar verstand er doch die freie Zeit zu nutzen, die ihm blieb. Die gastliche Wohnung an der Zürcherstraße, in der er mit seiner Frau, seiner Tochter und seinem Sohn lebte, war vorab das Reich des Musikers und Sammlers. Als begabter Klavierspieler und Kammermusiker hatte er sich schon früh für die Musik im Umkreis der Wiener Klassik interessiert. Aus seiner besonderen Beschäftigung mit dem tschechischen Komponisten Leopold Kozeluch erwuchs mit den Jahren eine große und wichtige Sammlung von Erst- und Frühdrucken, vor allem der Klavier- und Kammermusik des 18. und 19. Jahrhunderts. Zahlreiche Spezialisten standen in Verbindung mit dem Sammler, und immer wieder durften Musiker, Musikwissenschaftler und Studierende von den reichen und weithin unbekannten Schätzen profitieren, die Werner Christen nicht nur erworben, sondern auch sorgfältig katalogisiert und oft mit Sachkenntnis identifiziert und datiert hatte. Im RISM, dem internationalen musikalischen Quellenlexikon, findet sich beim Nachweis mancher Erst- und Frühdrucke Werner Christens Sammlung als Fundort. Mit Stolz und Begeisterung, zugleich aber auch mit Bescheidenheit ließ Werner Christen seinen Gast Einblick nehmen in diese Schätze. Dabei ging es jedoch nicht in erster Linie um das trockene wissenschaftliche Gespräch; wichtiger war die klangliche Verwirklichung im häuslichen Musizieren — eine heitere Lebendigkeit der Begegnung, wie sie der Besucher auch in der exquisiten Gastlichkeit des Hauses erfahren durfte.
  Mit Werner Christen, der in den letzten Jahren auch als Quästor und Vorstandsmitglied der hiesigen Sektion der Schweizerischen Musikforschenden Gesellschaft amtete, hat das Basler Musikleben eine in der Stille wirkende, liebenswerte und hilfsbereite Persönlichkeit verloren, der wir in Dankbarkeit gedenken.
Ernst Lichtenhahn]]></page>
<pb facs="CH_Bm_prg/pyr_CH_Bm_prg-0160.tif"/>
<page><![CDATA[﻿I.
Mittwoch, 7. Dezember 1983, 20.15 Uhr,
Hans Huber-Saal des Stadtcasinos
Girolamo Frescobaldi(1583—1643): Arie musicali}**
Montserrat Figueras (Sopran), Ren^ Jacobs (Altus), Nigel Rogers (Tenor), Michael Schopper (Bai?), Johann Sonnleitner (Cembalo), Hopkinson Smith (Laute), Käthi Gohl (Violoncello)
II.
Mittwoch, 25. und Donnerstag, 26. Januar 1984 (Wiederholung), jeweils 20.15 Uhr, Großer Saal der Musik-Akademie
The English Orpheus
Lautenlieder und Lautenmusik von Dowland bis Purcell Emma Kirkby (Sopran), Anthony Rooley (Laute)
III.
Dienstag, 20. März 1984, 20.15 Uhr, Großer Saal der Musik-Akademie
Louis-Gabriel Guillemain (1705—1770): ^ Conversations galantes et amüsantes
Ensemble Musica Practica: Oskar Peter (Flauto traverso), Daniel Zisman (Violine), Ferenc Szedlak (Viola da gamba), Bela Szedläk (Violone), Jean-Claude Zehnder (Cembalo)
IV.
Dienstag, 29. und Mittwoch, 30. Mai 1984 (Wiederholung), jeweils 20.15 Uhr, Münstersaal des Bischofshofes
Musik des frühen Trecento
Tänze und Lieder
Das Mittelalter-Ensemble der Schola Cantorum Basiliensis mit Dominique Vellard, Graham Pushee, Randall Cook, Kenneth Zuckerman, Crawford
Young u. a.

EXTRAKONZERT
Dienstag, 21. Februar 1984, 20.15 Uhr, Hans Huber-Saal des Stadtcasinos
Georg Philipp Telemann, Kantate «Ino» (1765) und Joseph Haydn, Kantate «Qual dubbio omai» (1764)
Rosmarie Hofmann (Sopran), Rolf Junghanns (Cembalo), Streicher-Ensemble der Schola Cantorum Basiliensis, Kammerchor des Konservatoriums Leitung: Hans-Martin Linde
Programmänderungen Vorbehalten]]></page>
<pb facs="CH_Bm_prg/pyr_CH_Bm_prg-0161.tif"/>
<page><![CDATA[﻿^Mitglieder
bezahlen einen Jahresbeitrag von Fr. 50.— (Personen unter 20 Jahren, Studenten und Berufsschüler der Musik-Akademie Fr. 25.—). Sie haben freien Eintritt zu den vier regulären Konzerten des Vereins und das Vorbezugsrecht auf eine verbilligte Karte für das Extrakonzert.
Freimitglieder
entrichten einen Jahresbeitrag von mindestens Fr. 100.—. Dieser erhöhte Beitrag hilft dem Verein, die dringend notwendigen Mittel zur Durchführung größerer Konzerte bereitzustellen. Er verschafft freien Eintritt zu den vier regulären Konzerten und dem Extrakonzert.
'Die Mitgliederbeiträge für 1983/84
bitten wir, rechtzeitig bis zum 1. November 1983 auf unser Postcheckkonto Basel 40 -16145 einzahlen zu wollen. Die Post-checkquittung gilt als Mitgliederkarte und berechtigt zum freien Eintritt in die vier regulären Konzerte sowie zum Bezug einer verbilligten Karte für das Extrakonzert. Es werden keine besonderen Mitgliederkarten verschickt.
Anmeldungen zur Mitgliedschaft-,
können an das Sekretariat der «Freunde alter Musik in Basel», Leonhardsstraße 4, 4051 Basel (Tel. 255722) gerichtet werden.
Nichtmitglieder
sind in unseren Konzerten willkommen, jedoch ohne die für Mitglieder geltenden Ermäßigungen. Vorverkauf jeweils beim Musikhaus au concert, Aeschenvorstadt 24, 4051 Basel, Telefon 23 1176, und an der Abendkasse.]]></page>
       
        </p>
    </body>
  </text>
</TEI>
