<?xml version="1.0" encoding="UTF-8"?>
<?xml-model href="http://www.tei-c.org/release/xml/tei/custom/schema/relaxng/tei_all.rng" schematypens="http://relaxng.org/ns/structure/1.0"?>
<TEI xmlns="http://www.tei-c.org/ns/1.0">
  <teiHeader>
    <fileDesc>
        <titleStmt>
            <title>BASEL</title>
        </titleStmt>
        <editionStmt>
            <edition>TEI P5.1 Edition</edition>
            <respStmt>
                <resp>
                    <persName>Claudio Bacciagaluppi</persName>
                    <persName>Laurent Pugin</persName>
                    <persName>Rodolfo Zitellini</persName>
                    <date when="2016-01">Janvier 2016</date>
                </resp>
                <name>Bureau Suisse du RISM</name>
            </respStmt>
        </editionStmt>
        <publicationStmt>
            <publisher><orgName xml:base="http://www.rism-ch.org">Bureau Suisse du RISM</orgName></publisher>
        </publicationStmt>
	    <seriesStmt>
	     <idno type="collection">ch_famb</idno>
	    </seriesStmt>
      <sourceDesc>
		<bibl>
        <title>Concert<date when="19590503">03/05/1959</date></title>
<series>Concert</series>
<placeName>Basel, Grosser Saal der Musik-Akademie</placeName>
<orgName role="holding">Archiv des Vereins Freunde alter Musik Basel; <link target="http://famb.ch/"/></orgName>

		</bibl>
      </sourceDesc>
    </fileDesc>
  </teiHeader>
  <text>
    <body>
        <p> <!-- all the content of the program in one paragraph -->
            <pb facs="CH_Bm_prg/pyr_CH_Bm_prg-1707.tif"/>
<date when="19590503"/>
<name key="Viadana, Lodovico" type="person" role="cmp">Viadana, Lodovico</name>
<name key="Rore, Cipriano de" type="person" role="cmp">Rore, Cipriano de</name>
<name key="Bassano, Giovanni" type="person" role="cmp">Bassano, Giovanni</name>
<name key="Palestrina, Giovanni Pierluigi da" type="person" role="cmp">Palestrina, Giovanni Pierluigi da</name>
<name key="Maschera, Fiorenzo" type="person" role="cmp">Maschera, Fiorenzo</name>
<name key="Gabrieli, Giovanni" type="person" role="cmp">Gabrieli, Giovanni</name>
<name key="Stoltzer, Thomas" type="person" role="cmp">Stoltzer, Thomas</name>
<name key="Schein, Johann Hermann" type="person" role="cmp">Schein, Johann Hermann</name>
<name key="Scheidt, Samuel" type="person" role="cmp">Scheidt, Samuel</name>
<name key="Peuerl, Paul" type="person" role="cmp">Peuerl, Paul</name><name key="Steinkopf, Otto" type="person" role="int">Steinkopf, Otto</name>
<name key="Fest, Frithjof" type="person" role="int">Fest, Frithjof</name>
<name key="Göldner, Heinrich" type="person" role="int">Göldner, Heinrich</name>
<name key="Tuchtenhagen, Gerhard" type="person" role="int">Tuchtenhagen, Gerhard</name>
<name key="Linde, Hans-Martin" type="person" role="int">Linde, Hans-Martin</name>
<name key="Koch, Johannes" type="person" role="int">Koch, Johannes</name>
<name key="Wenzinger, August" type="person" role="int">Wenzinger, August</name>
<name key="Majer, Marianne" type="person" role="int">Majer, Marianne</name>
<name key="Müller, Hannelore" type="person" role="int">Müller, Hannelore</name><title>Concert</title>
<placeName key="Basel, Grosser Saal der Musik-Akademie"/>
<name key="Concert" type="series"/>
<page><![CDATA[﻿       FREUNDE ALTER MUSIK IN BASEL
                     I.	Konzert
       Sonntag, 3-Mai 1959/ 20.15 Uhr im Grossen Saal der Musik-Akademie
  MUSIK MIT ZINK, KRUMMHÖRNERN, POMMERN UND DULCIANEN
Berliner Bläserkreis für alte Musik; Otto Steinkopf (Zink, Alt-Krummhorn, Alt-Pommer), Frithjof Fest (Diskant- und Tenor-Krummhorn, Diskant-Pommer, Nicolo), Heinrich Göldner (Alt-Krummhorn, Tenor-Pommer, Tenor-Dulcian), Gerhard Tuchtenhagen (Bass-Krummhorn, Bass-Pommer, Bass-Dulcian); Schola Cantorum Basiliensis: Hans-Martin Linde (Blockflöte, Krummhorn), Johannes Koch (Krummhorn, Viola da gamba), August Wenzinger, Marianne Majer, Hannelore Müller (Viola
  da gamba).
Programm 50 Cts.
Eintritt für Mitglieder frei; Karten für Nichtmitglieder zu Fr.5*75 (Jugendliche, Studenten und Berufsschüler der Musik-Akademie Fr.2.70) im Vorverkauf bei Hug & Co. und an ■der Abendkasse.]]></page>
<pb facs="CH_Bm_prg/pyr_CH_Bm_prg-1708.tif"/>
<page><![CDATA[﻿Programm
Ludovico Grossi da um 156^-16^5
Cyprian de Rore I516-I565
Giovanni Bassano um 1600
Giovanni Pierluigi da Palestrina
gest.159^
Florentio Maschera 16.Jahrhundert
Giovanni Gabrieli 1557-1615
Viadana Zwei doppelchörige Canzonen, acht stimmig (l.Chor: Zink, Diskant-Pommer, Alt-Krummhorn, Dulcian;
        2.Chor: Diskant-Gambe, zwei Tenor Gamben, Bass-Gambe)
           "La Genovese", in F "La Padovana", in a
        Madrigal "Alla dolce ombra", vier stimmig, verziert von Girolamo Dalla Casa, 158^ (Viola da gamba-Quartett)
        Fantasia Nr,7 in G- dreistimmig (Zink, Alt-Krummhorn, Dulcian)
        Madrigal "Vestiva i colli", fünf-stimmig, verziert von Giovanni Bassano (Blockflöte, Viola da gamba-Quartett)
         Canzon "La Villachiara" in a, vierstimmig (Zink, Alt-Pommer,
        Alt-Krummhorn, Dulcian)
        Canzon "La "Maggia" in C, vierstimmig (Viola da gamba-Quartett)
        Doppelchörige Canzon Nr.l "primi toni", achtstimmig (l.Chor: Zink, Diskant-Pommer, Alt-Krummhorn, Dulcian; 2.Chor: Viola da gamba-Quartett )
Pause
Thomas Stoltzer gest.1526
Psalm 37 "Erzürne dich nicht", Teil 1 und 6, für sechs Krummhörner
Johann Hermann Schein
1586-I63O
Samuel Scheidt
1587-165^
Paul Peuerl gest.1625
 Paduana in c für vier Krummhörner
 Vier Tänze (Viola da gamba-Quartett)
 Pavane in a Galliarde in d Allemande in d Courante in d
 Suite Nr.3 in F (Blockflöte, Diskant-Pommer, Alt-Pommer, Tenor-Pommer, Viola da gamba-Quartett)
 Paduana / Intrada / Danz / Gagliarda
Die verwendeten Instrumente:
Weitmensurierte Blockflöten, Bärenreiter, Kassel Zink, Krummhörner, Pommern und Dulciane Otto Steinkopf, Berlin (Kopien nach Originalen der Berliner Sammlung alter Musikinstrumente)
Diskant-Gambe und zwei Tenor-Gamben Eugen Sprenger, Frankfurt a/M.
Bass-Gambe Joachim Tielke, Hamburg 1677]]></page>
<pb facs="CH_Bm_prg/pyr_CH_Bm_prg-1709.tif"/>
<page><![CDATA[﻿]]></page>
       
        </p>
    </body>
  </text>
</TEI>
