<?xml version="1.0" encoding="UTF-8"?>
<?xml-model href="http://www.tei-c.org/release/xml/tei/custom/schema/relaxng/tei_all.rng" schematypens="http://relaxng.org/ns/structure/1.0"?>
<TEI xmlns="http://www.tei-c.org/ns/1.0">
  <teiHeader>
    <fileDesc>
        <titleStmt>
            <title>BASEL</title>
        </titleStmt>
        <editionStmt>
            <edition>TEI P5.1 Edition</edition>
            <respStmt>
                <resp>
                    <persName>Claudio Bacciagaluppi</persName>
                    <persName>Laurent Pugin</persName>
                    <persName>Rodolfo Zitellini</persName>
                    <date when="2016-01">Janvier 2016</date>
                </resp>
                <name>Bureau Suisse du RISM</name>
            </respStmt>
        </editionStmt>
        <publicationStmt>
            <publisher><orgName xml:base="http://www.rism-ch.org">Bureau Suisse du RISM</orgName></publisher>
        </publicationStmt>
	    <seriesStmt>
	     <idno type="collection">ch_famb</idno>
	    </seriesStmt>
      <sourceDesc>
		<bibl>
        <title>Concert<date when="19521117">17/11/1952</date></title>
<series>Concert</series>
<placeName>Basel, Münstersaal des Bischofshofs</placeName>
<orgName role="holding">Archiv des Vereins Freunde alter Musik Basel; <link target="http://famb.ch/"/></orgName>

		</bibl>
      </sourceDesc>
    </fileDesc>
  </teiHeader>
  <text>
    <body>
        <p> <!-- all the content of the program in one paragraph -->
            <pb facs="CH_Bm_prg/pyr_CH_Bm_prg-0695.tif"/>
<date when="19521117"/>
<name key="Anonymus" type="person" role="cmp">Anonymus</name>
<name key="Du Fay, Guillaume" type="person" role="cmp">Dufay, Guillaume</name>
<name key="Raimbaut de Vaqueiras" type="person" role="cmp">Raimbaut de Vaqueiras</name>
<name key="Neidhart von Reuental" type="person" role="cmp">Neidhart von Reuental</name>
<name key="Walther von der Vogelweide" type="person" role="cmp">Walther von der Vogelweide</name>
<name key="Adam de la Halle" type="person" role="cmp">Adam de la Halle</name>
<name key="Machaut, Guillaume de" type="person" role="cmp">Machaut, Guillaume de</name>
<name key="Landini, Francesco" type="person" role="cmp">Landini, Francesco</name>
<name key="Binchois, Gilles" type="person" role="cmp">Binchois, Gilles</name>
<name key="Isaac, Heinrich" type="person" role="cmp">Isaac, Heinrich</name><name key="Metzger-Ulrich, Erika" type="person" role="int">Metzger-Ulrich, Erika</name>
<name key="Pingel, Otto" type="person" role="int">Pingel, Otto</name>
<name key="Baum-Bonatz, Gisela" type="person" role="int">Baum-Bonatz, Gisela</name>
<name key="Haass, Robert" type="person" role="int">Haass, Robert</name>
<name key="Jachemich, Lene" type="person" role="int">Jachemich, Lene</name>
<name key="Kölbel, Herbert" type="person" role="int">Kölbel, Herbert</name>
<name key="Mengen, Agnes van" type="person" role="int">Mengen, Agnes van</name>
<name key="Mengen, Ida van" type="person" role="int">Mengen, Ida van</name><title>Concert</title>
<placeName key="Basel, Münstersaal des Bischofshofs"/>
<name key="Concert" type="series"/>
<page><![CDATA[﻿gTTTT»
Freunde alter Musik in Basel
4.	Hauskonzert
                                        Montag, 17. November 1952, 20.15 Uhr Münstersaal des Bischofshofs
Musik der Gotik und Renaissance
                                    Collegium Musicum Krefeld
                                         (Gründer: Dr. J. Baum f ~ Leitung: Robert Haass).
                                            Erika Metzger-Ulrich (Sopran), Otto Pingel (Tenor); Gisela Baum-Bonatz, Robert Haass, Lene Jachemich, Dr. Herbert Kölbel, Agnes van Megen, Ida van Megen (Diskant-, Alt- und Tenorfidel, Blockflöte, Portativ, gotische Harfe, Psalte-rium, Laute, Glockenspiel, Schellentrommel).
Programm mit Texten 60 Cts.
Eintritt für Mitglieder frei, für Nichtmitglieder Fr. 4.60, für Studenten, interne Konservatoristen und Berufsschüler der Schola Cantorum Basiliensis Fr. 2.70 im Vorverkauf bei Hug & Co., Freiestrasse 70a, und an der Abendkasse.
Werden Sie Mitglied des Vereins der Freunde alter Musik in Basel! Mitglieder haben grosse Vergünstigungen für den Besuch der Konzerte: freien Eintritt zu den Haus-konzerten und ermässigten Eintritt für die öffentlichen Konzerte. Jahresbeitrag für Mitglieder Fr. 15.—, für Freimitglieder Fr. 40.—, für Personen unter 20 Jahren, Studenten, interne Konservatoristen und Berufsschüler der Schola Cantorum Basiliensis Fr. 10.—. Anmeldung zur Mitgliedschaft an die Aktuarin, Frau E. Stalder-Suter, Missionsstrasse 33, Basel.]]></page>
<pb facs="CH_Bm_prg/pyr_CH_Bm_prg-0696.tif"/>
<page><![CDATA[﻿PROGRAMM
Anonym
Spanien, 15. Jahrhundert
Guillaume Dufay gest. 1474
Raimbant deVaqueiras gest. 1207
Neidhart von Reuenthai gest. um 1240 Anonym
Frankreich, 13. Jahrhundert
Walther von der Vogelweide gest. um 1230 Adam de la Haie gest. 1287
Guillaume de Machaut gest. 1377
Anonym
Italien, 14. Jahrhundert
Francesco Landini gest. 1397
Instrumentalsatz «De nuestra senora», dreistimmig. (Altfidel, Portativ, Psalterium, Tenorfidel, Laute)
Hymnus «Christe, redemptor omnium» zum Feste Allerheiligen, dreistimmig (Sopran, Tenor; Alt- und Tenorfidel)
Canzone «Vergine bella», dreistimmig (Sopran; Dis-kant- und Tenorblockflöte, Alt- und Tenorfidel)
Estampie «Kalenda maya», einstimmig (Tenor; Tenorfidel, Schellentrommel)
Minnelied «Der mei», einstimmig (Tenor; Psalterium)
Estampie royale, Nr. 4, einstimmig (Diskantfidel, Portativ, Laute, Blockflöte, Tenorfidel, Schellentrommel, Glockenspiel)
Palästinalied (1228?), einstimmig (Tenor; Harfe)
Rondeau «Diex soit en eheste maison», dreistimmig (Tenor, Sopran; Portativ, Alt- und Tenorfidel, Laute, Glockenspiel)
Ballade «Ma chiere dame», dreistimmig (Sopran; Harfe, Diskant- und Tenorfidel)
Ballade «De petit pon, dreistimmig (Tenor; Blockflöte, zwei Altfideln, Tenorfidel)
Estampie «Lamento di Tristano» - La Rota, einstimmig (Altfidel, Schellentrommel)
Ballata «Gram piant’ agl' occhi», dreistimmig (Sopran, Tenor; zwei Altfideln)

Anonym
Italien, 14. Jahrhundert
Saltarello, einstimmig (Blockflöte, Altfidel, Portativ, Tenorfidel, Laute, Schellentrommel)
Cuillaume Dufay
Chanson «Je riai doubte», dreistimmig (Sopran; Alt-und Tenorfidel, Psalterium)
Chanson «Se la face ay pale», dreistimmig (Sopran, Tenor; Portativ, Alt- und Tenorfidel, Laute, Glockenspiel)
Gilles Binchois gest. 1460
Bondeau «De plus en plus», dreistimmig (Sopran; Blockflöte, Alt- und Tenorfidel, Laute, Glockenspiel)
Heinrich Isaac gest. 1517
Instrumentalsatz «Der Hund», dreistimmig (Diskant-, Alt- und Tenorfidel)
Anonym
Florenz, um 1500
Karnevalsgesang der Witwen, vierstimmig (Sopran, Tenor; Blockflöte, Portativ, zwei Altfideln, Tenorfidel)
Glogauer Liederbuch	Deutsches Lied «Ich bim erfreut», vierstimmig (Tenor;
um 1480	Portativ, Altfidel, Harfe, Tenorfidel, Laute)
Peter Schöffers Liederbuch Deutsches Lied «Ich kam vor Liebes Fensterlein» — 1513	«Sieh, lieber Gesell», vierstimmig (Tenor, Sopran;
                                Blockflöte, Portativ, zwei Altfideln, Tenorfidel, Laute)
Locheimer Liederbuch	Deutsches Lied «Der Wald hat sich entlaubet», drei-
um 1455	stimmig (Tenor; Blockflöte, Portativ, Alt- und Tenor-
                                 fidel, Laute)
Die verwendeten Instrumente: Diskantfidel 1940, zwei Altfideln 1936 und 1941, Tenorfidel 1940, gotische Harfe 1938, Psalterium 1936, alle von Eugen Sprenger, Frankfurt a. M.; Laute von Peter Harlan 1930; Blockflöten von Hermann Moeck, Celle, von Otto und von Bärenreiter; Portativ von Steinmeyer, Oettingen 1937.]]></page>
<pb facs="CH_Bm_prg/pyr_CH_Bm_prg-0697.tif"/>
<page><![CDATA[﻿Guillaume Dufay
Hymnus «Christe> redemptor omnium»
Christe, redemptor omnium, Conserva tuos famulos, ßeatae semper virginis Placatus sanctis precibus. Beata quoque agmina Caelestium spirituum, Praeterita, praesentia, Futura mala pellite.
Christe, Erlöser aller Welt,
Behüte dein getreues Volk,
Lass durch der heil’gen Jungfrau Flehn Und heiss Gebet besänft’gen dich.
Auch ihr, beglückte Himmelsscharn Der seFgen Geister, wonnevoll,
Wehrt ab von uns vergangnes Leid,
Vor allem künft’gen uns bewahrt.
Guillaume Dufay
Vergine bella, che di sol vestita, Coronata di stelle, al sommo Sole Piacesti si, che’n te sua luce ascose. Amor mi spinge a dir di te parole;
Ma non so’ncominciar senza tu’aita E di colui ch’amando in te si pose. Invoco lei che ben sempre rispose,
Chi la chiamd con fede.
Vergine, s’a mercede
Miseria estrema de l’umane cose
Giä mai ti volse, al mio prego t’inchina;
Soccorri a la mia guerra:
Bench’ i’sia terra, e tu dei ciel regina.
Francesco Petrarca
Canzone «Vergine bella»
Erhabne Jungfrau, du von der Sonne bekleidet und mit Sternen Gekrönte, gefielest der höchsten Sonne1) so sehr, dass er sein Licht2) in dich hinein barg. Liebe drängt mich, von dir zu sagen; doch vermag ich es nicht, wenn du mir nicht hilfst und jener, der in Liebesglut auf dich niederschwebte3). Diese deine Hilfe rufe ich an, die immer huldvoll den erhörte, der sie gläubig anrief. Jungfrau, wenn je äusserstes menschliches Elend dich zum Erbarmen bewegte: so neige dich meinem Gebet. Eile rettend dem Kämpfenden zu Hilfe, obgleich ich selber nur Staub bin und du die Königin des Himmels.
*) Gottvater. 2) Christus. 3) der Heilige Geist.

Raimbaut de Vaqueiras
Estampie «Kalenda maya»
 Kalenda maya Ni fuelhs de faya Ni chanz d’auzelh Ni flors de glaya Non es que’m playa, Pros domna guaya, Tro qu’un ysnelh Messatgier aya Del vostre belh Cors, que’m retraya Plazer novelh iQu’Amors m’atraya, E jaya E’m traya Vas vos,
 Domna veraya;
 E chaya De playa ’L gelos,
 Ans que’m n’estraya.
Am ersten Maientag behagt mir weder das früheste Buchengrün, weder Vogelgesang noch die Blüte der Schwertlilie, edle frohe Dame, solange ich nicht einen flinken Boten von Euch habe, der mir frohe Nachricht bringt, dass Amor nahe. Und Freude lenke mich zu Euch, und es sterbe, bevor ich von Euch scheide, der Neider an einer Wunde.
 Ma belh’ amia,
 Per Dieu no sia Que ja’ 1 gelos De mon dan ria;
 Que car vendria Sa gelozia,
 Si	aitals dos Amans partia;
 Qu’ieu ja joyos Mais no seria iNi joys ses vos Pro no’m tenria;
 Tal via
 Faria
 Qu’om ja
 Mais no’m veiria.
 Seih dia Morria,
 Donna
 Pros, qu’ie ’us perdria.
Schöne Freundin, Gott verhüte, dass je der Neider über meinen Schaden spotte; denn teuer verkaufte er seine Eifersucht, wenn er zwei solche Liebende entzweien könnte. Nie mehr würde ich fröhlich sein, und Lust ohne Euch hielte ich für wertlos. Solchen Weg schlüge ich ein, dass niemand mehr mich sehen würde. An dem Tag, da ich Euch, holde Frau verlöre, müsste ich sterben.]]></page>
<pb facs="CH_Bm_prg/pyr_CH_Bm_prg-0698.tif"/>
<page><![CDATA[﻿Quo m’er perduda        Wie kann die Herrin mir verloren, wie     
Ni m’er renduda         kann sie mir wiedergeachenkt sein, wenn   
Dona, s’enans           ich sie nicht vorher besessen habe? Denn  
Non l’ai aguda?         weder Buhle noch Buhlin bestehen nur      
Que drutz ni druda      in der Einbildung. Aber wenn ein ge¬      
Non es per cuda;        wöhnlicher Liebender in einen höfischen   
Mas quant amans         Liebhaber sich verwandelt, so ist die     
En drut se muda,        Ehre gross, obgleich nicht daran ge¬      
L’onors es grans        glaubt wird. Die schöne Erscheinung       
Qu’ylh n’es creguda;    lasst solches Gerede entstehn. Nackt hab  
E’l belhs semblans      ich Euch nicht besessen, noch sonst be¬   
Fai far tal bruda;      siegt. Begehrt hab ich Euch, vertraut hab 
Que nuda                ich Euch, ohne fremdes Zutun.             
Tenguda                                                           
No’us ai                                                          
Ni d’als vencuda;                                                 
Volguda,                                                          
Crezuda                                                           
Vos ai, ses autr’ajuda.                                           
Neidhart von Reuenthal  Minnelied «Der mei»                       
                                 «Der mei hat manik herze hoch ersteiget»;') sprach ein meid, «er hat ez wol erzeiget, waz ein sueze wünne tnot,
                                  wan er kleidet swarzen dorn in wize bluot.*)
                                 Allez, daz der winter het betwungen, daz wil der mei nu jungen.’)
                                    Daz erhört sin alte also schiere:4)
                                 «Wie schon’5) ich mich gein dem meien (wil) ziere(n)!
                                Hiure baz6), den mangen tak,
                                 sit ich hoer(e), daz man sich gejungen mak;
                                 des enwart mir nie so wol ze muote.
                                   Got geb’ez mir ze guote!» 7)
                                Diu tocbter sprach: «wie mank rede muoz ich hoeren!
                                   Muterlin, ir weit iuch selbe toeren,8)
                                   über get ir minen rat:
                                   wizzet, daz es alten wiben übel an stat,
                                  daz si solich üppikeit beginen!
                                    Iu solt iuch baz versinnen!» 9)
                             *) zum Steigen gebracht. 2) Blust. 3) verjüngen. 4) alsobald. 5) schön. ') heuer mehr. 7) Gott lenke es mir zum Guten. 8) betrügen. ®) eines bessern besinnen.

Walther von der Vogelweide
 Palästinalied
   Nu alrest lebe ich mir werde,
   8it min sündic ouge siht
   das reine lant und ouch die erde,
   der man sö vil eren giht.
   Mirst geschehen de8 ich ie bat, ich bin komen an die stat, da got mennischlichen trat.
    Hie liez er sich reine toufen, daz der mensche reine si; sit liez er sich hie verkoufen,
•daz wir eigen wurden fri.
Anders wäeren wir verlorn.
   Wol dir, sper, kriuz unde dorn! We dir heiden! Deist dir zorn.
Nun erst lebe ich ohne Fährde,
Seit meinem sündigen Aug sich weist Das heilige Land und auch die Erde, Die man also lobt und preist.
Mein ist, was ich je erbat,
Ich bin kommen, wo den Pfad Gott im Menschenbilde trat.
Hier liess sich der Reine taufen,
Dass der Mensch gereinigt sei;
Hier dann liess er sich verkaufen,
Dass wir Knechte würden frei Und verloren nimmermehr:
Heil euch, Kreuz und Dorn und Speer: Heidenschaft, des zürnst du sehr.
Adam de la Haie
Rondeau «Diex soit en eheste maison»
Diex soit en eheste maison Et biens et goie ä fusion.
Nos sires noeus Nous envoie ä ses amis; Ch’est as amoureus Et as courtois bien apris, Pour avoir des pareisis A nohelison.
Diex soit en eheste maison, Et biens et goie ä fusion.
Möge Gott in diesem Hause wohnen und Güter und Freude im Ueberfluss. Unseres Herren Geburt sendet uns zu seinen Freunden, das bedeutet: zu den Liebenden, zu den Wohlerzogenen, Wohlgelehrten, um zu Weihnachten Almosen zu bekommen. Unser Herr ist ein solcher, dass er selbst kaum bitten würde; aber an seiner Statt hat er zu den verschämten Edeln gesandt, uns, die er ernährt und die wir seine Kinder sind.
 Nos sires est teus
 I	Qu’il prieroit ä envis;
 Mais as frans hontens Nous a en son Heu tramis, Qui sommes de ses nouris Et si enfan;on.
 Diex soit en eheste maison Et biens et goie ä fusion.]]></page>
<pb facs="CH_Bm_prg/pyr_CH_Bm_prg-0699.tif"/>
<page><![CDATA[﻿                                                                                       
  Guillaume de Machaut                      Ballade «Ma chiere dame»                   
  Ma chiere dame, a vous mon euer envov     Meine teure Herrin, Euch sende ich mein    
  Qui vous tlira les maus que je regoy,     Herz, das Euch künden wird von den         
  La grant doleur, la tristesse, l’anoy     Uebeln, die ich erdulde, von grossein      
  Et le tourment                            Schmerz, von Traurigkeit, Sehnsucht und    
  Que liement et humblement conjoy          Pein, und dass ich froh und demütig        
  Pour vo gent corps cointe et de bei arroy Eure edle Gestalt begrüsse, die anmutig    
  Que j’aim cent fois plus qu’autre ne que  und von schönem Gehaben ist; die ich       
  moy,                                      ganz aufrichtig hundertmal mehr liebe      
  Tres loyaument.                           als sonst jemanden oder mich selbst. Ich   
  Se vous suppli, dame, tres humblement     bitte Euch, Herrin, untertänig, es in      
  Que le weillies oir courtoisement         Treuen anzuhören und Euch meiner Trö¬      
  Et avoir soing de mon aligement;          stung anzunehmen; denn meiner Treu,^^k     
  Car, par ma foy,                          ich bin ohne Widerspruch Euch ganz^^       
  Sans retollir sui vostres ligement        und gar ergeben, und ich liebe Euch so     
  Et se vous aim si amoureusement           heiss, dass ich so nicht lange mehr leben  
  Qu’einsi ne puis endurer longuement,      kann, ohne Euch zu sehen.                  
  Se ne vous voy.                                                                      
  Guillaume de Machaut                      Ballade «De petit po»                      
  De petit po, de nient volente,            Von sehr geringem, von gar keinem Wil¬     
  De mout asses doit penre, ce m’est vis,   len und dann wieder von ganz gewalti¬      
  Chascuns amans de s’amie en bon gre.      gem muss, wie mir scheint, jeder, der      
  Lasse! dolente, or voy que mes amis       seine Freundin gutwillig liebt, abhängen.  
  Ne wet souffisance avoir                  0 weh! Voll Kummer sah ich jetzt, dass     
  Seur volente, ne mon petit povoir         es meinem Freund nicht genügt, an mei¬     
  Croire ne puet, eins m’a pour ce guerpi.  nem guten Willen, noch dass er an mein     
  Onques n’ama qui pour si po hay.          schwaches Können glauben will, ja, dass    
                                            er mich deswegen verlassen hat. Niemals    
                                            liebte, wer um so geringer Ursache wil¬    
                                            len hasst.                                 
  Francesco Landini                         Ballata «Gram piant' agl' occhi»           
  Gram piant’agl’occhi, greve dogli’al core Von bitteren Tränen strömen meine          
  Abbonda sempr’e l’anima si more           Augen über, und tiefer Schmerz brennt mir  
  Per quest’amar’ed aspra dipartita;        im Herzen, meine Seele stirbt dahin bei    
  Chiamo la mort’e non mi vuol udire;       diesem herben, harten Scheiden. Ich rufe   
  Contra mia voglia dura questa vita,       den Tod und nicht will er mich hören.      
  Che mille morti mi convien sentire;       Gegen meinen Willen geht das Leben         
  Ma ben ch’io viva, ma’non vo’seguire      weiter, das tausend Tode mich erleiden     
  Se non vo’, chiara stell’ e dolz’amore.   lässt; aber obwohl ich lebe, will ich ein¬ 
  Gram piant ...                            zig, lichter Stern und süsse Liebe, dir    
                                            folgen.                                    
                                                                                       
© Freunde Alter Musik Basel                                                            
Guillaume Dufay
Chanson «Je n'ai double»
Je n’ai doubte fors que des envieux Qui de legier sont toudis mesdisant. Qu’a madame ne fachent entendant Chose par quoi je vive dolereux.
Guillaume Dufay
^^*>e la face ay pale,
    La cause est amer. C’est la principale,
    Et tant m’est amer Amer, qu’en la mer Me voldroye voir.
    Or scet bien de voir La belle a qui suis, Que nul bien avoir Sans eile ne puis.
    S’ai pencance male De dueil aporter, Ceste amour est male Pour moy de porter, Car soy deporter Ne veult devouloir Fors qu’a son vouloir Obeisse, et puis
•Qu’elle a tel pooir, Sans eile ne puis.
    C’est la plus reale Qu’on puist regarder, De s’amour leiale Ne me puis guarder. Fol sui d’agarder,
    Ne ferai devoir D’amour recevoir Fors d’elle je cuis,
    Se ne vueil douloir, Sans eile ne puis.
Ich habe Angst einzig vor den Neidern, die insgesamt sehr leicht eine böse Zunge führen; sie möchten meine Herrin etwas wissen lassen, worüber ich in Schmerzen leben müsste.
Chanson «Se la face ay pale»
Wenn das Antlitz mir bleich ist, so ist der Grund ein bitterer (Wortspiel mit der Doppelbedeutung des Wortes «amer» = bitter und lieben, im Deutschen unübersetzbar!). Dies ist es vornehmlich, und so bitter ist mir das Lieben, dass im Meer versunken ich mich sehen wollte. Nun steht es mir wohl an, die Schöne zu sehen, der ich angehöre; denn ohne sie kann ich nichts Gutes haben.
Wenn ich schlechte Gedanken habe, ihr Schmerz zuzufügen, so ist diese Liebe schlimm für mich zu ertragen, denn ein schlechtes Betragen will mir nicht gelingen, es sei denn, dass ich ihrem Willen gehorche: denn eine solche Macht hat sie, dass ohne sie ich nichts vermag.
Sie ist die Königlichste, die man erblik-ken kann. Vor ihrer treuen Liebe kann ich mich nicht bewahren. Ein Tor bin ich, sie anzusehen. Pflichtvergessen wäre ich, wenn ich ihre Liebe nicht empfinge, ich brenne vor Sehnsucht, wenn ich nicht bei ihr bin. Wenn ich nicht Schmerz empfinden will, kann ich ohne sie nicht sein.]]></page>
<pb facs="CH_Bm_prg/pyr_CH_Bm_prg-0700.tif"/>
<page><![CDATA[﻿Gilles Binchois
Rondeau «De pfu* en plus»
De plus en plua se renouvelle Ma douce dämme gente et belle,
Ma volonte de vous veir.
Ce me fait le tres grant desir Que j’ay de vous ouir nouvelle.
Ne cuidies pas que je recelle,
Comme ä tous jours vous estes celle Que je vueil de tout obelr.
De plus ...
Helas, se vous m’estes cruelle, J'auroie au euer angoisse teile,
Que je voudroie bien morir;
Mais ce seroit sans desservir,
En sonstenant vostre querelle.
Immer mehr erneuert sich, meine süsse Dame, lieblich und schön, mein Wille, Euch zu sehen; dies bringt mir die sehr grosse Sehnsucht, die ich habe, von Euch Nachricht zu bekommen.
Glaubt nicht, dass ich verhehle, wie Ihr für immer die Frau seid, der ich vor allem dienen will.
Immer mehr ...
Ach, solltet Ihr mich grausam behandeln^ so hätte ich in meinem Herzen solche Angst, dass ich lieber sterben würde. Aber ich würde nicht ablassen, Euch zu dienen und Euren Zorn ertragen.
Anonym
Perche ciascun diffender dee l’onore Benche vil donne et vedovette siaino, Oggi mostrar vogliamo Che gli e piü’l vostro assai ch’l nostro errore.
Come i’ha a far pallone o travestiti 0 qualch’altra pazzia,
Voi fate turchi, diavoli et romiti,
Et noi in compagnia.
II che, ben che ci sia
Vergogna, ei ci duol piu che voi mostrate Che d’invenzion mancate,
Et miseria e ingnoranza et poco amorc.
Karnevalsgesang der Witwen
Da jeder seine Ehre verteidigen muss, so wollen wir, obgleich wir bloss armselige Frauen und Witwen sind, heute zeigen, dass ihr sehr viel mehr im Irrtum seid als wir.
Da jetzt Ballspiel, Mummenschanz und anderes tolles Treiben an der Ordnung ist, so verkleidet ihr euch als Türkeng Teufel und Einsiedler, und wir tun des* gleichen. Eine Schande ist es, und uns bekümmert es hauptsächlich, dass ihr zeigt, wie sehr es euch an Erfindungsgeist mangelt, dass ihr Dürftigkeit, Unwissenheit und Lieblosigkeit an den Tag legt.

Glogauer Liederbuch
«Ich bins erfreut»
Ich bins erfreut aus rotem mund Von dir, du hochlibste mein.
In deiner libe gar entzundt Und wend mir grosse pein,
Die ich nun hab mit grosBer klag Bis ich dich wieder sehen mag.
In Hoffnung steht nach dir mein sin, Du tust von mir nit keren,
Wann ich allein dein eigen bin.
Von dir so wil ich leren
Ganz freuden vil, mein libst gespil
Tu mir setzen ein rechtes zil.
Mein augentrost, das tu gar bald, Dass ich nicht trostes werde an, *) Gedank die sind so mannigfalt,
Die ich nach deiner libe hab. Vergiss mein nit, des ich dich bit Ich bleib dir dein recht wie du wilt.
*) trostes an = ohne Trost.
Peter Schöffers Liederbuch
Ich kam vor Liebes Fensterlein An einem Abend spate.
 Ich sprach zur Allerliebsten mein: Ich furcht, ich kumm zu Drahte. Erzeig mir doch die Treue dein, die ich von dir bin warten: k sieh, Liebe, lass mich ein!
«Ich kam vor Liebes Fensterlein» -«Sieh, lieber Gesell»
Bei meiner Treu ich dir versprich,
Ich will dich nit verkehren.
Mein Treu ich doch an dir nit brich, Tust du mich nun gewähren.
Komm, Glück, und schlag mit Haufen drein,
Dass sie mich tu gewähren:
Sieh, Liebe, lass mich ein!
Sieh, lieber Gesell, eB mag nit sein,
Darum so lass dein Warten,
Sehn dich nit nach der Liebe mein.
Es ist darum zu karten.
Denn Lieb und Leid das hat kein Sinn,
Darum so tu dich massen, traut holder lieber Mann! Kein solche Frau ich doch nit bin,
Dich fahren will ich lassen:
Ich tu sein wahrlich nit!]]></page>
<pb facs="CH_Bm_prg/pyr_CH_Bm_prg-0701.tif"/>
<page><![CDATA[﻿Locheimer Liederbuch
«Der Wald hat sich entlaubet»
Der wald hat lieh entlaubet Gen disem winter kalt.
Meinr freud bin ich beraubet, Gedenken machen mich alt. Dass ich ao lang muss meiden, Die mir gefallen ist,
Das schafft der klaffer neiden Darzu ir arger list.
Ir angesicht aus stetem mut Erfreut das herze mein.
Und möcht mir widerfaren gut,
So	wollt ich frölich sein.
O schwarz und graue färbe, Darzu stet mir mein sinn;
Dabei sie mein gedenken soll, Wenn ich nicht bei ir bin.
                       Gesegn dich gott, mein schönes bild! Gott geb dir glückes vil!
                      Du fürst mich doch an deinem Schild, Setz mir ein kurzes zil!
                    Nu komm herwider balde — Es mag uns wol nutzer sein —
                       So	gar mit reichem schalle!
                      Gott mach uns sorgen frei!
Schola Cantorum Basiliensis
Lehr- und Forschungsinstitut für alte Musik / Direktion Paul Sacher
        Unterricht auf alten Instrumenten und in allen Fächern der alten Musik
Wintersemester 1952/53: 20. Oktober 1952 bis 21. Februar 1953. Prospekt, Auskunft und Anmeldung im Sekretariat, St. Albanvorstadt 5. Sprechstunde Montag bis Freitag 15—17 Uhr. Telephon 4 20 51.]]></page>
       
        </p>
    </body>
  </text>
</TEI>
