<?xml version="1.0" encoding="UTF-8"?>
<?xml-model href="http://www.tei-c.org/release/xml/tei/custom/schema/relaxng/tei_all.rng" schematypens="http://relaxng.org/ns/structure/1.0"?>
<TEI xmlns="http://www.tei-c.org/ns/1.0">
  <teiHeader>
    <fileDesc>
        <titleStmt>
            <title>BASEL</title>
        </titleStmt>
        <editionStmt>
            <edition>TEI P5.1 Edition</edition>
            <respStmt>
                <resp>
                    <persName>Claudio Bacciagaluppi</persName>
                    <persName>Laurent Pugin</persName>
                    <persName>Rodolfo Zitellini</persName>
                    <date when="2016-01">Janvier 2016</date>
                </resp>
                <name>Bureau Suisse du RISM</name>
            </respStmt>
        </editionStmt>
        <publicationStmt>
            <publisher><orgName xml:base="http://www.rism-ch.org">Bureau Suisse du RISM</orgName></publisher>
        </publicationStmt>
	    <seriesStmt>
	     <idno type="collection">ch_famb</idno>
	    </seriesStmt>
      <sourceDesc>
		<bibl>
        <title>Concert<date when="19600117">17/01/1960</date></title>
<series>Concert</series>
<placeName>Basel, Grosser Saal der Musik-Akademie</placeName>
<orgName role="holding">Archiv des Vereins Freunde alter Musik Basel; <link target="http://famb.ch/"/></orgName>

		</bibl>
      </sourceDesc>
    </fileDesc>
  </teiHeader>
  <text>
    <body>
        <p> <!-- all the content of the program in one paragraph -->
            <pb facs="CH_Bm_prg/pyr_CH_Bm_prg-1231.tif"/>
<date when="19600117"/>
<name key="Couperin, François" type="person" role="cmp">Couperin, François</name>
<name key="Marais, Marin" type="person" role="cmp">Marais, Marin</name>
<name key="Mondonville, Jean-Joseph Cassanéa de" type="person" role="cmp">Mondonville, Jean-Joseph Cassanéa de</name>
<name key="Anglebert, Jean-Henry d'" type="person" role="cmp">Anglebert, Jean-Henry d'</name>
<name key="Rameau, Jean-Philippe" type="person" role="cmp">Rameau, Jean-Philippe</name><name key="Frydén, Lars" type="person" role="int">Frydén, Lars</name>
<name key="Müller, Hannelore" type="person" role="int">Müller, Hannelore</name>
<name key="Leonhardt, Gustav" type="person" role="int">Leonhardt, Gustav</name><title>Concert</title>
<placeName key="Basel, Grosser Saal der Musik-Akademie"/>
<name key="Concert" type="series"/>
<page><![CDATA[﻿   FREUNDE ALTER MUSIK IN BASEL
 I.	Konzert
Sonntag., den 17.Januar I960, 20.15 Uhr, im Grossen Saal ^	der Musik-Akademie
   ALTFRANZÖSISCHE KAMMERMUSIK
Ausführende: Lars Fryd^n (Stockholm), Violine
             Hannelore Müller (Base$, Viola da gamba Gustav Leonhardt (Amsterdam), Cembalo
Programm 50 Cts.
Eintritt für Mitglieder frei. Karten für Nichtmitglieder zu Fr.5*75 (Jugendliche unter 20 Jahren, Studenten und Berufsschüler der Musik-Akademie bezahlen Fr.2.70) im Vorverkauf bei Hug & Co. und an der Abendkasse. Anmeldung zur Mitgliedschaft bei der Aktuarin, Frau Trudi Hoffmann-Boller, Allschwilerweg 53; Binningen, oder im Sekretariat, Leonhardsstrasse k, Basel.]]></page>
<pb facs="CH_Bm_prg/pyr_CH_Bm_prg-1232.tif"/>
<page><![CDATA[﻿Pro
g r a m m
*	Francjois Couperin
 1668-1733
 13' 30"
"Concert Boyal" Nr.e-moll, für Violine, Viola da gamba und Cembalot'72 i)
Prelude / Allemande / Courante Franqaise / Courante a l'Italienne / Sarabande / Rigaudon / Forlane en Rondeau
J Marin Marais 1656-1728
/ft» 30’
Suite Nr.8, G-dur, aus dem 3»Buch der "Pieces de viole" (1711),, für Viola da gamba und Continuo
Prelude (lentement) / Caprice (tres vivement) / Allemande "La Magnifique"/ Courante / Sarabande (Grave) / Gigue "La Petite" / Gavotte / Menuet /
La Guitarre
J Jean-Joseph Cassanöa Aus "Pieces de'Clavecin en Sonates", de Mondonville	op.3.» für Violine und Cembalo
1711-1772	(ca. 173*0
               . Sonata C-dur, Nr.1*- (Allegro / Aria^fc Giga)
             ^Sonata F-dur, Nr.2 (Allegro / Aria / 3iga)
q'io
71
 ff

Jean-Baptiste-Henry Aus "Pieces de Clavecin" (1689) j
1628^16 91^	Cembalobearbeitung der
Paesacaille d'Armide von J..-B.Lully
'S:
-Philippe Rameau Aus "Pieces de Clavecin" (YJ2h)
^	^"La Villageoise" (Rondeau)	2. f
                  ^"L'Entretien des Muses"	_5~
                     *^"Les Tourbillons" (Bondeau) 2.
                       Aus "Pieces de Clavecin en concert"
         (17^1) 8 ........... .................
                        y/ 5.Konzert, D-dur, für Violine, Viola da gamba und Cembalo
                       "La Forqueray" / "La Cupis" /
                       "La Marais"
Die verwendeten Instrumente:
Violine in alter Mensur von Alexander Kennedy, London 176^ Viola da gamba Jacobus Stainer, Absam 1673 Cembalo J.C.Neupert, Bamberg (Spezialanfertigung)]]></page>
<pb facs="CH_Bm_prg/pyr_CH_Bm_prg-1233.tif"/>
<page><![CDATA[﻿                                                                            1
]]></page>
       
        </p>
    </body>
  </text>
</TEI>
