<?xml version="1.0" encoding="UTF-8"?>
<?xml-model href="http://www.tei-c.org/release/xml/tei/custom/schema/relaxng/tei_all.rng" schematypens="http://relaxng.org/ns/structure/1.0"?>
<TEI xmlns="http://www.tei-c.org/ns/1.0">
  <teiHeader>
    <fileDesc>
        <titleStmt>
            <title>BASEL</title>
        </titleStmt>
        <editionStmt>
            <edition>TEI P5.1 Edition</edition>
            <respStmt>
                <resp>
                    <persName>Claudio Bacciagaluppi</persName>
                    <persName>Laurent Pugin</persName>
                    <persName>Rodolfo Zitellini</persName>
                    <date when="2016-01">Janvier 2016</date>
                </resp>
                <name>Bureau Suisse du RISM</name>
            </respStmt>
        </editionStmt>
        <publicationStmt>
            <publisher><orgName xml:base="http://www.rism-ch.org">Bureau Suisse du RISM</orgName></publisher>
        </publicationStmt>
	    <seriesStmt>
	     <idno type="collection">ch_famb</idno>
	    </seriesStmt>
      <sourceDesc>
		<bibl>
        <title>Concert<date when="19911018">18/10/1991</date></title>
<series>Concert</series>
<placeName>Basel, Grosser Saal des Stadtcasinos Basel</placeName>
<orgName role="holding">Archiv des Vereins Freunde alter Musik Basel; <link target="http://famb.ch/"/></orgName>

		</bibl>
      </sourceDesc>
    </fileDesc>
  </teiHeader>
  <text>
    <body>
        <p> <!-- all the content of the program in one paragraph -->
            <pb facs="CH_Bm_prg/pyr_CH_Bm_prg-0816.tif"/>
<date when="19911018"/>
<name key="Mozart, Wolfgang Amadeus" type="person" role="cmp">Mozart, Wolfgang Amadeus</name><name key="Kussmaul, Rainer" type="person" role="int">Kussmaul, Rainer</name>
<name key="Hengelbrock, Thomas" type="person" role="int">Hengelbrock, Thomas</name><title>Concert</title>
<placeName key="Basel, Grosser Saal des Stadtcasinos Basel"/>
<name key="Concert" type="series"/>
<page><![CDATA[﻿Freunde alter Musik
50. Saison
1. Konzert
Freitag, 18. Oktober 1991, 20.15 Uhr Casino Basel, Grösser Musik-Saal
]]></page>
<pb facs="CH_Bm_prg/pyr_CH_Bm_prg-0817.tif"/>
<page><![CDATA[﻿Das Eröffnungskonzert der 50. Saison der FAMB ist - wie könnte es in diesem Jahr anders sein - Wolfgang Amadeus Mozart gewidmet. Die drei Werke des Abends stehen für die Perioden der Jugend, der künstlerischen Reife in Salzburg und der vollendeten Meisterschaft der späten Jahre in Wien.
       Die Kassation KV 99 schrieb Mozart vermutlich 1769, als weitgereister 1 3jähriger (der Weg hatte ihn im Herbst 1766 auch in die Schweiz geführt), doch immer noch mit dem kritischen Blick des Vaters im Hintergrund, wie Einträge von dessen Hand im Autograph beweisen. Die Bedeutung der Gattungsbezeichnung „Kassation' ist noch nicht geklärt. Vermutlich diente Mozarts Stück den Salzburger Studenten als „Final-Musik* des Studienjahres im August, mit der sie ihren Professoren und dem Landesherrn huldigten. Jedenfalls aber handelt es sich um nächtliche Freiluftmusik in der Serenaden-Tradition, wobei der „Marche', der die Satzfolge einrahmt, Aufmarsch und Abgang der Musiker begleitete.
       Leopold Mozart, der die wichtigste Violinschule des 18. Jahrhunderts verfaßte, bildete seinen Sohn zu einem sehr tüchtigen Geiger heran. Wolfgang erhielt bereits mit 14 Jahren eine zunächst unbesoldete Konzertmeisterstelle an der Kapelle des Salzburger Fürsterzbischofs. Auch alle seine Violinkonzerte stammen aus der Salzburger Zeit. Sehr wahrscheinlich ist das G - Dur Konzert (KV 216) von 1775 gemeint, als Mozart seinem Vater gegenüber ein „strasbourger-Concert' erwähnt, das er als Solist im Oktober 1777 in Augsburg spielte. Er schrieb darüber nach Salzburg: „es ging wie öhl. alles lobte den schönen, reinen Ton." Der Beiname erklärt sich durch die eingeschobene „Alle-gretto'-Episode im Rondofinale, der eine als „Straßburger' bekannte Tanzmelodie des 18. Jahrhunderts zur Vorlage diente. Spielfreude, Sanglichkeit und viel Witz in Orchester und Solo-part machen den besonderen Charme dieses Werkes aus.
       Die berühmte g - moll Sinfonie von 1788 schließlich stellt einen Höhepunkt der letzten Schaffensjahre dar. Sie wird in ihrer ursprünglichen Fassung ohne Klarinetten erklingen. Mozarts zunehmendes Bestreben nach einfachsten melodischen Lösungen illustriert besonders eindrucksvoll der Beginn des ersten Satzes, wenn das emphatische achttaktige Eingangsmotiv als Ergebnis harmonischer und rhythmischer Impulse aus der Begleitfigur herauswächst. Massive Verfremdungen erfährt das Menuett, von dem durch geraffte oder gedehnte Perioden und hemiolische Bildungen nur noch das Zerrbild eines Tanzes übrig bleibt. Mozart spielt an vielen Stellen mit den Konventionen zeitgenössischer Sinfonien-Schreibart und vermittelt eine vage Vorstellung davon, welchen kompositorischen Weg er als Romantiker vielleicht eingeschlagen hätte.	Thomas Drescher

Wolfgang Amadeus Mozart (27.1.1756-5.12.1791)
       Kassation B - Dur, KV 99:
                Marche - Allegro molto - Andante - Menuet/Trio -Andante - Menuet/Trio - Allegro/Andante/ Allegro/Andante - Marche
       Violinkonzert G - Dur, KV 216:
                Allegro - Adagio - Rondeau, Allegro
       Sinfonie g - moll, KV 550:
                 Molto Allegro - Andante - Menuetto, Allegretto -Allegro assai
Freiburger Barockorchester, Leitung: Thomas Hengelbrock Solist: Rainer Kußmaul, Violine
Violine 1:   Thomas Hengelbrock, Sabine liehr, Martina Graulich,       
             Beatrix Hülsemann, Kathrin Träger                         
Violine 2:   Anna-Katharina Schreiber, Christa Kittel, Brigitte Täubl, 
             Eva Scheytt                                               
Viola:       Christian Gooses, Ulrike Kaufmann, Annette Schmid         
Violoncello: Guido Larisch, Stefan Forck                               
Kontrabaß:   Ulrich Fussenegger                                        
Flöte:       Linde Brunmayr                                            
Oboe:        Katharina Arfken, Peter Frankenberg                       
Horn:        Martin Mürner, Renee Allen                                
Fagott:      Donna Agrell, Eleanor Froelich                            
Das Freiburger Barockorchester, gegründet 1985 unter der Leitung von Thomas Hengelbrock, zählt heute zu den führenden Kammerorchestern historischer Aufführungspraxis. Die Mitglieder sind vorwiegend ehemalige Studenten der Musikhochschule in Freiburg.
Nach dreijähriger intensiver Probenarbeit gab das FBO 1988/89 die erster^ öffentlichen Konzerte, die sofort große internationale Beachtung fanden. Das^P Ensemble wurde seither zu vielen großen Festivals und Konzerten in Europa und den USA eingeladen und arbeitet regelmäßig mit bekannten Solisten wie Emma Kirkby, Michael Chance, Andreas Staier, Hans Peter Westermann und Anner Bylsma zusammen. Frans Brüggen ist dem Orchester durch zahlreiche gemeinsame Auftritte verbunden. Mittlerweile sind auch die ersten CD's mit Musik von C.Ph.E. Bach und Henry Purcell erschienen.
Rainer Kußmaul, 1946 in Mannheim geboren, erhielt ersten Violinunterricht beim Vater und absolvierte sein Studium bei Riccardo Odnoposoff. Er ist Preisträger zahlreicher internationaler Violinwettbewerbe und konzertiert seit 1968 als Mitglied des Stuttgarter Klaviertrios sowie als international gefragter Solist. Seit 1977 führt er eine Klasse an der Freiburger Musikhochschule und seit 1987 die Violinklasse der Karl Flesch • Akademie in Baden - Baden.]]></page>
<pb facs="CH_Bm_prg/pyr_CH_Bm_prg-0818.tif"/>
<page><![CDATA[﻿  deutsche
  harmonia
  mundi
        Harmonia mundi beglückwünscht die »Freunde alter Musik in Basel« zu ihrem 50jährigen Jubiläum. Sie bedankt sich für die fruchtbare Zusammenarbeit mit der Schola Cantorum Basiliensis, die durch die Konzerte der FAMB ein Podium erhält und -ije,	somit zum Sprachrohr auch
unseres Anliegen wird:
Alte Musik immer wieder neu lebendig werden zu lassen.
Aus unserem Programm:
BAROCKE TROMPETENMUSIK AUS ÖSTERREICH
 BAflOOUE TBUMPET MUSIC FROM AUSTRIA
EDWARD TARR
SCHOLA CANTORUM BASILIENSIS
HM 851-2 1 CD
THOMAS MÜLLER	' 2
        SCHOLA CANTORUM BASILIENSIS HM 953-2 1 CD
CANTOet !M B/
■ MINI.,.. F	" r f UmANI.FI B' ■NNiKr-'M
RD 77185 1 CD
Bez.-Nachweis: harmonia mundi, Nordstr. 2, D-7800 Freiburg
]]></page>
       
        </p>
    </body>
  </text>
</TEI>
