<?xml version="1.0" encoding="UTF-8"?>
<?xml-model href="http://www.tei-c.org/release/xml/tei/custom/schema/relaxng/tei_all.rng" schematypens="http://relaxng.org/ns/structure/1.0"?>
<TEI xmlns="http://www.tei-c.org/ns/1.0">
  <teiHeader>
    <fileDesc>
        <titleStmt>
            <title>BASEL</title>
        </titleStmt>
        <editionStmt>
            <edition>TEI P5.1 Edition</edition>
            <respStmt>
                <resp>
                    <persName>Claudio Bacciagaluppi</persName>
                    <persName>Laurent Pugin</persName>
                    <persName>Rodolfo Zitellini</persName>
                    <date when="2016-01">Janvier 2016</date>
                </resp>
                <name>Bureau Suisse du RISM</name>
            </respStmt>
        </editionStmt>
        <publicationStmt>
            <publisher><orgName xml:base="http://www.rism-ch.org">Bureau Suisse du RISM</orgName></publisher>
        </publicationStmt>
	    <seriesStmt>
	     <idno type="collection">ch_famb</idno>
	    </seriesStmt>
      <sourceDesc>
		<bibl>
        <title>Concert<date when="19771125">25/11/1977</date></title>
<series>Concert</series>
<placeName>Basel, Grosser Saal der Musik-Akademie</placeName>
<orgName role="holding">Archiv des Vereins Freunde alter Musik Basel; <link target="http://famb.ch/"/></orgName>

		</bibl>
      </sourceDesc>
    </fileDesc>
  </teiHeader>
  <text>
    <body>
        <p> <!-- all the content of the program in one paragraph -->
            <pb facs="CH_Bm_prg/pyr_CH_Bm_prg-0416.tif"/>
<date when="19771125"/>
<name key="D'India, Sigismondo" type="person" role="cmp">D'India, Sigismondo</name><name key="Ramm, Andrea von" type="person" role="int">Ramm, Andrea von</name>
<name key="Smith, Hopkinson" type="person" role="int">Smith, Hopkinson</name>
<name key="Jones, Sterling" type="person" role="int">Jones, Sterling</name>
<name key="Curtis, Alan" type="person" role="int">Curtis, Alan</name><title>Concert</title>
<placeName key="Basel, Grosser Saal der Musik-Akademie"/>
<name key="Concert" type="series"/>
<page><![CDATA[﻿FREUNDE ^LTER MUSIK IN BASEL
2.	Konzert
Freitag, den 25. November, 20.15 Uhr im Grossen Saal der Musik-Akademie
LAMENTI UND ARIEN DES FRUEHEN 17. JAHRHUNDERTS AUS ITALIEN]]></page>
<pb facs="CH_Bm_prg/pyr_CH_Bm_prg-0417.tif"/>
<page><![CDATA[﻿AUSFUEHKENDE
Andrea von Ramm (Gesang)
Sterling Jones (Viola da gamba)
Hopkinson Smith (Barockgitarre und Laute) Alan Curtis (Cembalo)
Viola da gamba von Johannes Marcus um 1560 Barockgitarre von Joel van Lennep 10-chörige Laute von Joel van Lennep Cembalo in italienischer Bauweise von Bernhard Edskes (Mutschellen)
Eintritt für Mitglieder frei. Karten zu Fr. 10.35 (Jugendliche, Studenten und Schüler der Musik-Akademie Fr. 5.75) beim Musikhaus "au concert", Aeschenvorstadt 24 (Tel. 23.11.76) und an der Abendkasse.
Interessenten für eine Mitgliedschaft können sich an das Sekretariat der FAMB, Leonhardsstr. 4, 4051 Basel (Tel.
25.57.22,	intern 35) wenden.
Nächstes Konzert: Podiumskonzert, Dienstag, den 10. Januar 1978, 20.15 Uhr, in der Aula des Naturhistorischen Museums, Kammermusik von Wolfgang Amadeus Mozart.

PROGRAMM
Aus: Le musiche del Cavaliere Sigismondo d'India a una et due voci da cantarsi nel Chitarrone, Clavicembalo,
Arpa doppia et altri stromenti da corpo, Libro quarto et quinto (1621/1623).
Canto del Rossignol
Che veggio, ohi me che miro (Lamento di Orfeo)
0	gioia (Aria)
Su su destati (Aria)
Infelice Didone (Lamento di Didone)
PAUSE
Ancidetemi pur dogliosi affanni (Lamento di Giasone sopra
1	Figlioli morti da Medea)
0 che gradita (Aria)
0 del cielo d'Amor (Aria)
Misera me sia vero (Lamento di Olimpia)
Torna il sereno zefiro (Aria)
Questo dardo, quest'arco Sfere fermate
Dazwischen Instrumentalmusik von Zeitgenossen d'Indias.
Das Bild auf der Titelseite zeigt die Illustration zum 10. Buch von Ariosts Orlando Furioso, der Geschichte Olimpias und Birenos, nach der englischen Ausgabe von John Harrington (1591).]]></page>
<pb facs="CH_Bm_prg/pyr_CH_Bm_prg-0418.tif"/>
<page><![CDATA[﻿mmsm
11
Freunde Alter Musik Basel]]></page>
       
        </p>
    </body>
  </text>
</TEI>
