<?xml version="1.0" encoding="UTF-8"?>
<?xml-model href="http://www.tei-c.org/release/xml/tei/custom/schema/relaxng/tei_all.rng" schematypens="http://relaxng.org/ns/structure/1.0"?>
<TEI xmlns="http://www.tei-c.org/ns/1.0">
  <teiHeader>
    <fileDesc>
        <titleStmt>
            <title>BASEL</title>
        </titleStmt>
        <editionStmt>
            <edition>TEI P5.1 Edition</edition>
            <respStmt>
                <resp>
                    <persName>Claudio Bacciagaluppi</persName>
                    <persName>Laurent Pugin</persName>
                    <persName>Rodolfo Zitellini</persName>
                    <date when="2016-01">Janvier 2016</date>
                </resp>
                <name>Bureau Suisse du RISM</name>
            </respStmt>
        </editionStmt>
        <publicationStmt>
            <publisher><orgName xml:base="http://www.rism-ch.org">Bureau Suisse du RISM</orgName></publisher>
        </publicationStmt>
	    <seriesStmt>
	     <idno type="collection">ch_famb</idno>
	    </seriesStmt>
      <sourceDesc>
		<bibl>
        <title>Concert<date when="19790213">13/02/1979</date></title>
<series>Concert</series>
<placeName>Basel, Tituskirche</placeName>
<orgName role="holding">Archiv des Vereins Freunde alter Musik Basel; <link target="http://famb.ch/"/></orgName>

		</bibl>
      </sourceDesc>
    </fileDesc>
  </teiHeader>
  <text>
    <body>
        <p> <!-- all the content of the program in one paragraph -->
            <pb facs="CH_Bm_prg/pyr_CH_Bm_prg-1498.tif"/>
<date when="19790213"/>
<name key="Schütz, Heinrich" type="person" role="cmp">Schütz, Heinrich</name><name key="Smith, Jennifer" type="person" role="int">Smith, Jennifer</name>
<name key="Kwella, Patrizia" type="person" role="int">Kwella, Patrizia</name>
<name key="Bowman, James" type="person" role="int">Bowman, James</name>
<name key="Rogers, Nigel" type="person" role="int">Rogers, Nigel</name>
<name key="Partridge, Ian" type="person" role="int">Partridge, Ian</name>
<name key="Wistreich, Richard" type="person" role="int">Wistreich, Richard</name>
<name key="Agosti, Josef" type="person" role="int">Agosti, Josef</name>
<name key="Ulbrich, Markus" type="person" role="int">Ulbrich, Markus</name>
<name key="Tarr, Edward H." type="person" role="int">Tarr, Edward H.</name>
<name key="Cecil, Leonard" type="person" role="int">Cecil, Leonard</name>
<name key="Apostle, Victor" type="person" role="int">Apostle, Victor</name>
<name key="Naess, Lars" type="person" role="int">Naess, Lars</name>
<name key="Nicholson, Graham" type="person" role="int">Nicholson, Graham</name>
<name key="Collver, Michael" type="person" role="int">Collver, Michael</name>
<name key="Huber, Heinrich" type="person" role="int">Huber, Heinrich</name>
<name key="Weiner, Howard" type="person" role="int">Weiner, Howard</name>
<name key="Lambelet, René" type="person" role="int">Lambelet, René</name>
<name key="Singer, Erich" type="person" role="int">Singer, Erich</name>
<name key="Coin, Christophe" type="person" role="int">Coin, Christophe</name>
<name key="Hirao, Masako" type="person" role="int">Hirao, Masako</name>
<name key="Ros, Pere" type="person" role="int">Ros, Pere</name>
<name key="Gini, Roberto" type="person" role="int">Gini, Roberto</name>
<name key="Lewis, Carol" type="person" role="int">Lewis, Carol</name>
<name key="Szedlak, Béla" type="person" role="int">Szedlak, Béla</name>
<name key="Lüthi, Marianne" type="person" role="int">Lüthi, Marianne</name>
<name key="Scheidegger, Rudolf" type="person" role="int">Scheidegger, Rudolf</name>
<name key="Linde, Susanne" type="person" role="int">Linde, Susanne</name>
<name key="Linde, Hans-Martin" type="person" role="int">Linde, Hans-Martin</name><title>Concert</title>
<placeName key="Basel, Tituskirche"/>
<name key="Concert" type="series"/>
<page><![CDATA[﻿       FREUNDE ALTER MUSIK IN BASEL Extrakonzert
fo\d)tbei) (jrrriüfcr 0nbf)0(t)anfe^nluf)er^d)b^attung/
  n>eplan&t ^ot^wolgrbornen^rrnt/
ernt
i/^errtt »on ptauen / Wm.
 £apf- Mftjt. geroefenen Äafjte / @eccn Ju ßreij/j£ranu(jfelbt/ <gera/6(fctntj»nD Cot>enftein/ete. nnnme^r CC^rtfl* feltgenSinbencfenö bm 4 Monats ta^ Februarii (Öfra/ wt tmi) n<u|?ber geutyrebigt flefealten/ünb ifcrer roolfefcligen 6nat>en/bep
 öfro U6)«««" mubtrholt/nbiQtbrtn nodf/in tint fldlt Dtrbacfn Orgel angefMet onb afagtfungtn tvorörn/
 Mrtt 6. 8. bnD metyt Stimmen jugebraudjen/
 S5fttbfl)0?fÄ0fen tmiefatien Baßo Continuo fcem eiwn oorftie ©rgel/bemanbernoor ttn Dirigenten obet por ben Vtoion, bet> ®el. d)<m wr Ijer ein obfonberttd^erjrt4mfi$/{*ren in biefem TBfrtflrm
 txgritfffn»« #?ufifallfd>«n Qadytn/fampt 6t n Orötnan^m oder 2ln(\«Ilun0»«/ an btn gftnfhgtn Itftr/ lubeftnbtn.
$u untertänigem lebten ße&adjtnu« auff begehen jjjn bit muAc »erfef tt / tmi> tn3>ucf gefertfget JOurd»
£ftnric^ 0c^%tifi^urf.0d4f. gaptilWeiforn.
 6eb entft &u 0rej}bm/ bei? SOolff öeDffect/gmgJafcr/
163 6.
    Dienstag, den 13. Februar 1979, 20.15 Uhr in der Tituskirche]]></page>
<pb facs="CH_Bm_prg/pyr_CH_Bm_prg-1499.tif"/>
<page><![CDATA[﻿AUSFUEHRENDE
Vokalensemble Nigel Rogers:
Jennifer Smith Patrizia Kwella
James Bowman
 Nigel Rogers Ian Partridge
 Richard Wistreich Josef Agosti
 Sopran
Alt
Tenor
 Bass
Knabenkantorei Basel Leitung: Markus Ulbrich
Ein Instrumentalensemble der Schola Cantorum Basiliensis:
Edward H. Tarr Leonard Cecil
Victor Apostle	Barocktrompete
Lars Naess Graham Nicholson
Michael Collver
Heinrich Huber Howard Weiner Rene Lambelet
Erich Singer
Christophe Coin Masako Hirao Pere Ros Roberto Gini Carol Lewis
Bela Szedlak
Marianne Lüthi
Rudolf Scheidegger Susanne Linde
Leitung: HANS-MARTIN LINDE
Cornetto
Posaune in alter Mensur Pauken
Viola da Gamba
Violone
Davidsharfe
Orgelpositiv
Orgelpositive von Bernhard Fleig, Basel
Das Konzert wird mit Unterstützung der Firma EMI Electrola durchgeführt.]]></page>
<pb facs="CH_Bm_prg/pyr_CH_Bm_prg-1500.tif"/>
<page><![CDATA[﻿PROGRAMM
Heinrich Schütz	Musikalische Exequien op. 7 (1636)
1585-1672	für sechs und acht Stimmen in
                                            zwei Chören und basso continuo
                                   Teil 1: "Nacket bin ich vom Mutterleibe kommen" Konzert in Form einer deutschen Begräbnis-Missa (SWV 279)
                                   Teil 2: "Herr, wenn ich nur dich habe"
                                               (SWV 280)
                                   Teil 3: "Herr, nun lassest du deinen Diener
                                            in Frieden fahren - Selig sind die Toten" (SWV 281)
                                   Der 136. Psalm. "Danket dem Herren, denn er ist freundlich" aus den Psalmen Davids (1619)
                                            für fünfstimmigen Capellchor, zwei vierstimmige Favoritchöre, Trompetenchor, Pauken und basso continuo
TEXTE
(nadi dem Hallenser Stimmbuch; Ergänzungen, die der Ausgabe Philipp Spittas entnommen sind, stehen in runden, Druckvarianten aus Textwiederholungen des Hallenser Stimmbuchs in eckigen Klammern):
Musikalische Exequien: 1. Teil
Intonatio. NAcket bin ich. (vom Mutterleibe kommen.) Nacket werde ich widerumb dahin fahren der HErr halt gegeben der HErr hals genommen der Name des HErren sey gelobet HErr GOtt Vater im Himmel erbarm dich über vns (Christus ist mein Leben, Sterben ist mein Gewinn. Siehe, das ist Gottes Lamm, das der Welt Sünde trägt.) JEsu Christe Gottes Sohn erbarm dich über vns (Leben wir, so leben wir dem Herren, sterben wir, so sterben wir dem Herren, darum wir leben oder sterben, so sind wir des Herren.) HErr GOtt heiliger Geist erbarm dich über vns
Intonatio. ALso hat GOtt. (die Welt geliebt, dass er seinen eingebornen Sohn gab,) Au ff das alle: (die an ihn glauben, nicht verloren werden,) sondern das ewige Leben haben.
Er sprach zu seinem lieben Sohn
(die Zeit ist hie zu erbarmen,)
etc. fahr hin meins Hertzen wert he Cron
vH sey das Heil der Armen
(und hilf ihn aus der Sünden Noth,)
erwürg vor sie den bittern Todt
vnd laß sie mit dir leben.
Das Blut JEsu Christi des [deß] Sohnes Gottes machet vns rein von allen Sünden.
Durch Jhn ist vns vergeben die Sünd geschendet das Leben im Himmel solln wir haben O GOtt wie grosse Gaben.
Vnser Wandel, (ist im Himmel, von dannen wir auch warten des Heilandes, Jesu Christi, des Herren, welcher unsern nichtigen Leib verklären wird, dass er ähnlich werde seinem verklärten Leibe.)
Es ist alhier ein Jammertahl
Angst Noht vnd Trübsal überal
deß bleibens ist ein kleine zeit
(voller Mühseligkeit)
vnd wers bedenckt ist immer im Streit.
Wenn eure Sünde gleich blutroht wären sol sie doch schneeweiß werden wann sie gleich ist wie rosinfarb sol sie doch wie Wolle werden.
Sein Wort sein Tauff sein Nachtmahl dient wieder allen Vnfahl (der heilge Geist im Glauben) lehrt vns darauff vertrauen
Gehe hin. (mein Volk, in eine Kammer und schleuss die Thür nach dir zu, verbirge dich einen kleinen Augenblick, bis der Zorn vorübergehe.)
Der Gerechten Seelen, (sind in Gottes Hand und keine Qual rühret sie an: für den Unverständigen werden sie angesehen, als stürben sie, und ihr Abschied wird für eine Pein gerechnet, und ihr Hinfahren für Verderben, aber sie sind in Frieden.
Herr, wenn ich nur dich habe, so frage ich nichtt nach Himmel und Erden,) Wenn [wann] mir gleich Leib vnd Seele versehmacht so bistu GOtt allzeit meines Hertzen Trost vnd mein Ttihl.]]></page>
<pb facs="CH_Bm_prg/pyr_CH_Bm_prg-1501.tif"/>
<page><![CDATA[﻿(Er ist das Heil und selig Licht, für die Heiden,
zu erleuchten, die dich kennen nicht
und zu weiden,
er ist seines Volks Israel)
Der Preiß Ehr Freud vnd Wonne.
Vnser Lehen, (währet siebenzig Jahr, und wenns hoch kömmt, so sinds achtzig Jahr, und wenn es köstlich gewesen ist, so ist es Müh und Arbeit gewesen.
Ach wie elend ist unser Zeit)
Alhier auff dieser Erden
gar bald der Mensch darnieder leit
wir müssen alle sterben [Sterben]
(Allhier in diesem Jammerthal) ist Müh vnd Arbeit überal auch wenn dirs wol gelinget.
Jch weiß daß mein Erlöser, (lebt, und er wird mich hernach aus der Erden auferwecken und werde darnach mit dieser meiner Haut umgeben werden, und werde in meinem Fleisch Gott sehen. Weil du vom Tod erstanden bist,)
Werd ich im Grab nicht bleiben Mein höchster Trost dein Auffart ist Todsfurcht kanstu vertreiben (denn wo du bist, da komm ich hin,) daß ich stets bey dir leb vnd bin drumb fahr ich hin mit freuden.
HERR ich lasse dich nicht du segnest mich dann.
Er sprach zu mir halt dich an mich
es sol dir itzt gelingen
ich geh mich selber gantz vor dich
(da will ich für dich ringen,)
der Todt verschlingt das Leben mein
Mein Vnschuld trägt die Sünde dein
da bistu Selig worden.
2.	Teil
HERR wenn ich nur dich habe so frage ich nichts nach Himmel vnd Erden Wenn mir gleich Leib vnd Seele verschmacht so bis tu doch GOtt allezeit meines Hertzen Trost vnd mein Teihl.
3.	Teil
(Intonatio.) HERR nun lässestu; (deinen Diener) Jn friede fahren wie du gesagt hast denn meine Augen haben deinen Heyland gesehen (welchen du bereitet hast) für allen Völckern Ein Liecht zu erleuchten die Heyden vnd zum Preiß deines Volcks Jsrael.“
Chor II: (Selig sind die Todten, die in dem Herren sterben, sie ruhen von ihrer Arbeit und ihre Werke folgen ihnen nach Sie sind in der Hand des Herren, und keine Qual rühret sie. Selig sind die Todten, die in dem Herren sterben.)
                                i fritier SBfonbct.
©er 136. $falra.
fwil kn (KtfO *<■“	Man
 1.	®anfet bem fterrn; benn er ift freunb-licb — benn feine ©üte mä&ret emiglid).
«f.ioa.i.
 2.	©anfet bem ®ott aller ©öfter — benn feine ©Ute roätjret emiglid).
 3.	©eintet bem fcerrn aller fterren — benn feine ©üte mä&ret emiglid» —,
 4.	ber gtofce SBunber tut allein — benn feine ©üte rcäfjret emiglicfc —;
 5.	ber bie Simmel roeiälid) gemat&t t>at — benn feine ©üte roäftret emiglid» —;
 6.	ber bie Srbe auf 'JBaffer audgebreitet bat — benn feine ©üte mä&ret eroigltd) —;
 7.	ber grofje Elfter gemacht &at — benn feine ©ü te roä&ret emiglid) —: i. um«i,n-i«.
 8.	bie Sonne, bem Sage »orjufte&en — benn feine ©üte roä&ret emiglid —,
 9.	ben 9D?onb unb Sterne, ber %fta<fetoorju-fteben—bennfeineSütemä&ret emiglid)—;
 10.	bet ‘ägppten fdjlug an ifcren firft-gebürten — benn feine ©üte roätjret ewig-
liCt) —	«|.78,51; US,8-11.
 11.	unb führte 3frael berau« — benn feine ©üte mäbret emiglid) —
 12.	burct) mächtige S>anb unb auägerecften 21rm — benn feine©üte mähret emiglid) —;
 13.berba«	Sd)ilfmeer teilteinjmei Seile— benn feine ©üte mäbret emiglid) —
 14.	unb lieft 3frael Ijinbutdjgefcen — benn feine ©üte roäl>ret emiglid —;
 15.	ber 'Pharao unb fein Äeer in« <3<*>ilf-meer ftieft — benn feine ©üte mähtet emiglid) —;
 16.	ber fein^olt führte burcf) bie TOUfte -benn feine ©üte roäfjret emiglid; —;
 17.	ber große Äönige fdjlug — benn feine ©üte mäbret emiglid) —
 18.	unb ermürgte mädjtige Könige — benn feine ©üte mähret emiglid) —:
 19.	<3it>on, ber Sämorlter König — benn feine ©üte mähret emiglid) —
20.	unb Og, ben Äönig oon 'Bafan — benn feine ©üte roä&ret emiglid
 21.	unb gab if>t Canb jum Srbe — benn feine ©üte mähret emiglid) —,
 22.	jutn Srbe feinem Änecfct 3frael — benn feine ©üte mäferet emiglid) —;
 23.	benn er bad)te an un«, ba mir unter* brüdt maren — benn feine ©üte mähret emiglid) —,
 24.	unb erlöfte uns »on unfern ftelnben — benn feine ©üte mähret emiglid) —;
 25.	ber ‘allem ‘Sleifä Spetfe gibt — benn feine ©Ute mähret eroigltd). *«f. iw.it.
26.	©anfet bem ©ott bei Simmel« — benn feine ©Ute mäbret emiglid).]]></page>
       
        </p>
    </body>
  </text>
</TEI>
