<?xml version="1.0" encoding="UTF-8"?>
<?xml-model href="http://www.tei-c.org/release/xml/tei/custom/schema/relaxng/tei_all.rng" schematypens="http://relaxng.org/ns/structure/1.0"?>
<TEI xmlns="http://www.tei-c.org/ns/1.0">
  <teiHeader>
    <fileDesc>
        <titleStmt>
            <title>BASEL</title>
        </titleStmt>
        <editionStmt>
            <edition>TEI P5.1 Edition</edition>
            <respStmt>
                <resp>
                    <persName>Claudio Bacciagaluppi</persName>
                    <persName>Laurent Pugin</persName>
                    <persName>Rodolfo Zitellini</persName>
                    <date when="2016-01">Janvier 2016</date>
                </resp>
                <name>Bureau Suisse du RISM</name>
            </respStmt>
        </editionStmt>
        <publicationStmt>
            <publisher><orgName xml:base="http://www.rism-ch.org">Bureau Suisse du RISM</orgName></publisher>
        </publicationStmt>
	    <seriesStmt>
	     <idno type="collection">ch_famb</idno>
	    </seriesStmt>
      <sourceDesc>
		<bibl>
        <title>Concert<date when="19770516">16/05/1977</date></title>
<series>Concert</series>
<placeName>Basel, Foyer des Theaters Basel</placeName>
<orgName role="holding">Archiv des Vereins Freunde alter Musik Basel; <link target="http://famb.ch/"/></orgName>

		</bibl>
      </sourceDesc>
    </fileDesc>
  </teiHeader>
  <text>
    <body>
        <p> <!-- all the content of the program in one paragraph -->
            <pb facs="CH_Bm_prg/pyr_CH_Bm_prg-0408.tif"/>
<date when="19770516"/>
<name key="Orologio, Alessandro" type="person" role="cmp">Orologio, Alessandro</name>
<name key="Certon, Pierre" type="person" role="cmp">Certon, Pierre</name>
<name key="Phalèse, Pierre" type="person" role="cmp">Phalèse, Pierre</name>
<name key="Clemens non Papa, Jacobus" type="person" role="cmp">Clemens non Papa, Jacobus</name>
<name key="Anonymus" type="person" role="cmp">Anonymus</name>
<name key="Janequin, Clément" type="person" role="cmp">Janequin, Clément</name>
<name key="Susato, Tielman" type="person" role="cmp">Susato, Tielman</name>
<name key="Sandrin, Pierre" type="person" role="cmp">Sandrin, Pierre</name>
<name key="Attaingnant, Pierre" type="person" role="cmp">Attaingnant, Pierre</name>
<name key="Gabrieli, Andrea" type="person" role="cmp">Gabrieli, Andrea</name>
<name key="Crecquillon, Thomas" type="person" role="cmp">Crecquillon, Thomas</name>
<name key="Sermisy, Claudin de" type="person" role="cmp">Sermisy, Claudin de</name><name key="Figueras, Montserrat" type="person" role="int">Figueras, Montserrat</name>
<name key="Hokin, Harlan" type="person" role="int">Hokin, Harlan</name>
<name key="Bagby, Benjamin" type="person" role="int">Bagby, Benjamin</name>
<name key="Waal, Willem de" type="person" role="int">Waal, Willem de</name>
<name key="Piguet, Michel" type="person" role="int">Piguet, Michel</name>
<name key="Garrido, Gabriel" type="person" role="int">Garrido, Gabriel</name>
<name key="Dickey, Bruce" type="person" role="int">Dickey, Bruce</name>
<name key="King, Stanley" type="person" role="int">King, Stanley</name>
<name key="Howell, Robin" type="person" role="int">Howell, Robin</name>
<name key="Zehnder, Jean-Claude" type="person" role="int">Zehnder, Jean-Claude</name>
<name key="Nice, Julie" type="person" role="int">Nice, Julie</name>
<name key="Tiedcke, Nora" type="person" role="int">Tiedcke, Nora</name>
<name key="Schneiter, Erika" type="person" role="int">Schneiter, Erika</name>
<name key="Howell, Hilary" type="person" role="int">Howell, Hilary</name>
<name key="Hirao, Masako" type="person" role="int">Hirao, Masako</name>
<name key="Boenau, Marilyn" type="person" role="int">Boenau, Marilyn</name>
<name key="Ferber, Nils" type="person" role="int">Ferber, Nils</name>
<name key="Hutchinson, John" type="person" role="int">Hutchinson, John</name>
<name key="Rietschin, Peter" type="person" role="int">Rietschin, Peter</name>
<name key="Swanton, Philipp" type="person" role="int">Swanton, Philipp</name>
<name key="Jamaoka, Shigeharu" type="person" role="int">Jamaoka, Shigeharu</name>
<name key="Müller, Rita" type="person" role="int">Müller, Rita</name><title>Concert</title>
<placeName key="Basel, Foyer des Theaters Basel"/>
<name key="Concert" type="series"/>
<page><![CDATA[﻿A Galliard. Woodcut by Jost Amman, 1570.
          FREUNDE ÄLTER MUSIK IN BASEL	LA CHANSON ET LA DANSE
  3.	Konzert	-
                 Montag, den 16. Mai 1977, 20.15 Uhr im Ft>yer des Stadttheaters (Eingang nur Ebene Billettkasse)
]]></page>
<pb facs="CH_Bm_prg/pyr_CH_Bm_prg-0409.tif"/>
<page><![CDATA[﻿AUSFUEHRENEE
Vokalensemble: Montserrat Figueras, Harlan Hokin, Benjamin Bagby, Willem de Waal
Ensemble Ricercare: Michel Piguet, Gabriel Garrido, Bruce Dickey, Stanley King, Itobin Howell
                    Blasinstrumente der Renaissance: Blockflöten, Krunnhömer, Pommern, Schalmei Jean-Claude Zehnder, Spinett
Tanz-Ensemble der Schola Cantorum Basiliensis: Julie Nice	Nils Ferber
                                          Nora Tiedcke	John Hutchinson
                                              Erika Schneiter Peter Rietschin Hilary Howell Philipp Swanton Masako Hirao Shigeharu Jamaoka Marilyn Boenau Rita Müller
                                                Leitung und Choreographie: Erika Schneiter, nach zeitgenössischen Tanzbeschreibungen Programmgestaltung und Einstudierung: Michel Piguet]]></page>
<pb facs="CH_Bm_prg/pyr_CH_Bm_prg-0410.tif"/>
<page><![CDATA[﻿LA CHANSON ET LA DANSE
Intrada ä 5 (1597)
Pavane et Gaillarde "J'ay le rebours" (1571)
"J'ay le rebours"
"Frais et gaillart"
"Frais et gaillart"
"Viver ne puis"
"Las voules"
"II ötait une fillette"
"II ötait une fillette", Ronde (1551)
"Celle qui m'a le nom d'amy donnö" (1543)
"C'est grand plaisir" (1529)
"C'est grand plaisir" (1531)
"Celle qui m'a le nom d'amy donnö", Basse danse (1547) "C'est grand plaisir", Tourdion (1547)
"Caro dolce"
"Caro dolce"
"Ung gay bergier"
"Ung gay bergier"
"Tant que vivray"
"Tant que vivray"
"Tant que vivray", Allemande "Ce moys de may", Couramte
Alessandro Orlogio (um 1555-1633) gedruckt von Pierre Phalese (um 1510-1573)
Pierre Certon (um 1510-1572)
Clemens non Papa (um 1510 - um 1555)
mit Diskantverzierungen von Giovanni Bassano (um 1550-1617)
Anonymus
Anonymus
Clement Janequin (um 1485-1558)
gedruckt von Tilman Susato (um 1500 - um 1564)
Pierre Sandrin (16. Jh.)
Anonymus
Intavolierung von Pierre Attaingnant (um 1494-1552) gedruckt von Pierre Attaingnant gedruckt von Pierre Attaingnant
Andrea Gabrieli (um 1510-1586)
mit Diskantverzierungen von Giovanni Bassano
Thomas Crecquillon (gest. 1557)
mit DiskantVerzierungen von Giovanni Bassano
Claudin de Sermisy (um 1490-1562)
Intavolierung von Pierre Attaingnant
Clement Janequin]]></page>
<pb facs="CH_Bm_prg/pyr_CH_Bm_prg-0411.tif"/>
<page><![CDATA[﻿                                                  i
                       .... . ' ■
                                                  '
                                     '
                                   ■:
                  V 4,r
                             
© Freunde Alter Musik Basel  
]]></page>
       
        </p>
    </body>
  </text>
</TEI>
