<?xml version="1.0" encoding="UTF-8"?>
<?xml-model href="http://www.tei-c.org/release/xml/tei/custom/schema/relaxng/tei_all.rng" schematypens="http://relaxng.org/ns/structure/1.0"?>
<TEI xmlns="http://www.tei-c.org/ns/1.0">
  <teiHeader>
    <fileDesc>
        <titleStmt>
            <title>BASEL</title>
        </titleStmt>
        <editionStmt>
            <edition>TEI P5.1 Edition</edition>
            <respStmt>
                <resp>
                    <persName>Claudio Bacciagaluppi</persName>
                    <persName>Laurent Pugin</persName>
                    <persName>Rodolfo Zitellini</persName>
                    <date when="2016-01">Janvier 2016</date>
                </resp>
                <name>Bureau Suisse du RISM</name>
            </respStmt>
        </editionStmt>
        <publicationStmt>
            <publisher><orgName xml:base="http://www.rism-ch.org">Bureau Suisse du RISM</orgName></publisher>
        </publicationStmt>
	    <seriesStmt>
	     <idno type="collection">ch_famb</idno>
	    </seriesStmt>
      <sourceDesc>
		<bibl>
        <title>Concert<date when="19850515">15/05/1985</date></title>
<series>Concert</series>
<placeName>Basel, Historisches Museum (Chor der Barfüsserkirche)</placeName>
<orgName role="holding">Archiv des Vereins Freunde alter Musik Basel; <link target="http://famb.ch/"/></orgName>

		</bibl>
      </sourceDesc>
    </fileDesc>
  </teiHeader>
  <text>
    <body>
        <p> <!-- all the content of the program in one paragraph -->
            <pb facs="CH_Bm_prg/pyr_CH_Bm_prg-1367.tif"/>
<date when="19850515"/>
<name key="Handel, George Frideric" type="person" role="cmp">Händel, Georg Friedrich</name><name key="Bilgen, Meral" type="person" role="int">Bilgen, Meral</name>
<name key="Wagner, Antonio" type="person" role="int">Wagner, Antonio</name>
<name key="Schuler, Tabitha" type="person" role="int">Schuler, Tabitha</name>
<name key="Bachmann, Elizabeth" type="person" role="int">Bachmann, Elizabeth</name>
<name key="Weller, Sharon" type="person" role="int">Weller, Sharon</name>
<name key="Türk, Gerd" type="person" role="int">Türk, Gerd</name>
<name key="Angel, Morris" type="person" role="int">Angel, Morris</name>
<name key="Ronen, Ruth-Eva" type="person" role="int">Ronen, Ruth-Eva</name>
<name key="Linde, Hans-Martin" type="person" role="int">Linde, Hans-Martin</name><title>Concert</title>
<placeName key="Basel, Historisches Museum (Chor der Barfüsserkirche)"/>
<name key="Concert" type="series"/>
<page><![CDATA[﻿Freunde Alter Musik in Basel

          5. EXTRAKONZERT
          Mittwoch, 15. Mai 1985, 20.15 Uhr Barfüsserkirche]]></page>
<pb facs="CH_Bm_prg/pyr_CH_Bm_prg-1368.tif"/>
<page><![CDATA[﻿Georg Friedrich Handel (1685-1759)
Zwei dramatische Kantaten Szenische Aufführung
Apollo e Dafne
Dafne
Apollo
Meral Bilgen Antonio Wagner
*****
The Choice of Hercules
Pleasure
Virtue
Heronlps
Attendant to Pleasure
         Tabitha Schüler Elizabeth Bachmann Sharon Weller Gerd Türk
Streicher und Bläser der Schola Cantorum Basiliensis Der Kammerchor des Konservatoriums
     Regie	Ruth-Eva Ronen
     Leitung	Hans-Martin Linde
Kostüme
Licht
              Morris Angel, London Kostüm-Kaiser, Aesch Power Light, Basel]]></page>
<pb facs="CH_Bm_prg/pyr_CH_Bm_prg-1369.tif"/>
<page><![CDATA[﻿Apollo e Dafne
Handels dramatische Kantate entstand zwischen 1706 und 1710 in Italien. Sie zeigt in vieler Hinsicht den Einfluss Alessandro Scarlattis und seiner Konzeption der Kantate als dramatisches Fragment, in dem der seelische Zustand der agierenden Personen während emotionaler Krisensituationen greifbar wird. Die dramatische Kantate war das Aequivalent der Oper für die Kammer, sie wurde von Opernsängern für ein opernbegeistertes Publikum gesungen und erfreute sich als Ersatz für die Oper grösser Beliebtheit, nachdem der Papst Opernaufführungen untersagt hatte.
                              *****
Die Geschichte von Apoll und Dafne hatte schon den ersten Opern als Vorlage gedient. Apoll hat eben den mächtigen Drachen Python bezwungen und brüstet sich Amor gegenüber, er sei der einzige,der mit Pfeil und Bogen umzugehen wisse. Daraufhin entsendet Amor als Rache einen Pfeil, der Apoll in sehnsüchtige Liebe zu der Nymphe Dafne verfallen lässt. Dafne erwidert Apolls Liebe jedoch nicht und ruft die Herrin der Wälder, Diana (Cynthia) um Hilfe gegen den zudringlichen Apoll an. Diana erhört Dafne und verwandelt sie in einen Lorbeerbaum, um sie dem Zugriff Apolls zu entziehen.
The Choice of Hercules
1749 plante John Rieh, ein Theaterdirektor, mit dem Händel seit vielen Jahren zusammengearbeitet hatte, die Aufführung einer Opern-Bearbeitung von Euripides' Tragödie "Alkestis". Die Aufführung kam aus unbekannten Gründen nicht zustande,und Händel suchte eine andere Verwendung für die bereits komponierte Musik. Ein neues Libretto wurde unter Verwendung eines in Spence's "Polymetis" erschienenen Gedichts geschrieben, wobei der Text an die bereits vorhandenen sieben Arien und vier Chöre der "Alceste"-Musik angepasst werden musste. Die Rezitative wurden von Händel zu dem Text neu komponiert. Die erste Aufführung von "The Choice of Hercules" fand am 1. März 1751 im Covent Garden statt, als dritter Akt des "Alexanderfests". Obwohl kein Zusammenhang zwischen den beiden Werken besteht, war die Kombination ein grösser Erfolg, und Händel wiederholte die gemeinsame Aufführung beider Werke in den Jahren 1753 und 1755.
                               *****
"Die Wahl des Herkules" ist der antike Stoff, den auch Johann Sebastian Bach zu seiner Kantate "Herkules auf dem Scheidewege"
(BWV 213) verwendete. Nach seiner Verbannung zu den Hirten soll sich der achtzehnjährige Herkules entscheiden, welchen weiteren Lebensweg]]></page>
<pb facs="CH_Bm_prg/pyr_CH_Bm_prg-1370.tif"/>
<page><![CDATA[﻿er einschlagen will. Um zu einem Entschluss zu gelangen, begibt er sich in die Einsamkeit. Da begegnen ihm zwei Frauengestalten,
"Lust" (Pleasure) und "Tugend" (Virtue). Beide versuchen, Herkules für sich zu gewinnen. Das Plädoyer der "Lust" nimmt in der Händels-Kantate die ganze erste Hälfte ein. Herkules entschliesst sich aber trotz ihrer verführerischen Vorschläge, der "Tugend" zu folgen, und Ruhm und Ehre dem angenehmen Leben vorzuziehen.
Darstellende Kunst im 18. Jahrhundert
Wie wir heute auf zahlreiche Schriften des 18. Jahrhunderts zur musikalischen Aufführungspraxis des Barock zurückgreifen können, so existiert auch eine Reihe von Quellen zur barocken Schauspieltechnik. Es stehen uns, um nur einige wenige zu nennen, Traktate und Lehrbücher von Schauspielern, Theaterdirektoren und Dramaturgen wie Frangois Riccoboni (Paris), Johannes Jakob Engel (Berlin), Roger Pickering und Gilbert Austin (London), Johannes Jelgerhuis (Amsterdam) und Johann Wolfgang von Goethe (Weimar) zur Verfügung.
Schauspielkunst im 18. Jahrhundert hatte viele Gemeinsamkeiten mit der Rhetorik: "...und es gibt kaum eine Aeusserung, ausgesprochen von einem selbst oder gehört von anderen, die nicht eine besondere Bewegung erforderlich machte." (Roger Pickering, London 1755). Gesten, Stellungen und Handlungen sollten durch den filpgant-.en Gebrauch von Kontrast und Opposition zwischen allen Gliedmassen des Körpers immer präzise ausgeführt werden und schön anzusehen sein.
Das Ziel des Schauspielers im 18. Jahrhundert war es, einen Charakter dem Publikum "darzustellen", nicht ihn zu "verkörpern". Der Schauspieler war darauf bedacht, seine Leidenschaften und Gefühle mit Hilfe von Augen, Gesicht, Händen, Armen und dem ganzen Körper sichtbar zu machen.
Bei der Aufführung der beiden Kantaten "Apollo e Dafne" und "The Choice of Hercules" versuchen wir, dem Schauspielstil der Zeit möglichst nahe zu kommen. Wir folgen dabei der Regel, dass ausdrucksvolle Darstellung in der Oper des 17. und 18. Jahrhunderts weitgehend auf die Rezitative beschränkt war; diese waren der Deklamation klassischer Tragödien nachgebildet, deren Dramatik durch Gestik und Gesichtsausdruck unterstrichen wurde. Die Rezitative konnten daher überaus expressiv gestaltet werden, während die Arien vom Sänger in der Regel ohne weitere Darstellung ausgeführt wurden.
                                Ruth-Eva Ronen]]></page>
       
        </p>
    </body>
  </text>
</TEI>
