<?xml version="1.0" encoding="UTF-8"?>
<?xml-model href="http://www.tei-c.org/release/xml/tei/custom/schema/relaxng/tei_all.rng" schematypens="http://relaxng.org/ns/structure/1.0"?>
<TEI xmlns="http://www.tei-c.org/ns/1.0">
  <teiHeader>
    <fileDesc>
        <titleStmt>
            <title>BASEL</title>
        </titleStmt>
        <editionStmt>
            <edition>TEI P5.1 Edition</edition>
            <respStmt>
                <resp>
                    <persName>Claudio Bacciagaluppi</persName>
                    <persName>Laurent Pugin</persName>
                    <persName>Rodolfo Zitellini</persName>
                    <date when="2016-01">Janvier 2016</date>
                </resp>
                <name>Bureau Suisse du RISM</name>
            </respStmt>
        </editionStmt>
        <publicationStmt>
            <publisher><orgName xml:base="http://www.rism-ch.org">Bureau Suisse du RISM</orgName></publisher>
        </publicationStmt>
	    <seriesStmt>
	     <idno type="collection">ch_famb</idno>
	    </seriesStmt>
      <sourceDesc>
		<bibl>
        <title>Concert<date when="19870513">13/05/1987</date></title>
<series>Concert</series>
<placeName>Basel, Historisches Museum (Chor der Barfüsserkirche)</placeName>
<orgName role="holding">Archiv des Vereins Freunde alter Musik Basel; <link target="http://famb.ch/"/></orgName>

		</bibl>
      </sourceDesc>
    </fileDesc>
  </teiHeader>
  <text>
    <body>
        <p> <!-- all the content of the program in one paragraph -->
            <pb facs="CH_Bm_prg/pyr_CH_Bm_prg-1595.tif"/>
<date when="19870513"/>
<name key="Adam de la Halle" type="person" role="cmp">Adam de la Halle</name><name key="Schlaikjer, Carol" type="person" role="int">Schlaikjer, Carol</name>
<name key="Wright, Bruce-Robert" type="person" role="int">Wright, Bruce-Robert</name>
<name key="Rose, Will" type="person" role="int">Rose, Will</name>
<name key="Melian, Cornelia" type="person" role="int">Melian, Cornelia</name>
<name key="Adam, Paul Gerhardt" type="person" role="int">Adam, Paul Gerhardt</name>
<name key="Miranda, Nuno" type="person" role="int">Miranda, Nuno</name>
<name key="Harmuch, Carlos" type="person" role="int">Harmuch, Carlos</name>
<name key="Müller, Hannes" type="person" role="int">Müller, Hannes</name>
<name key="Schneiter, Erika" type="person" role="int">Schneiter, Erika</name>
<name key="Binkley, Thomas" type="person" role="int">Binkley, Thomas</name><title>Concert</title>
<placeName key="Basel, Historisches Museum (Chor der Barfüsserkirche)"/>
<name key="Concert" type="series"/>
<page><![CDATA[﻿FREUNDE ALTER MUSIK IN BASEL]]></page>
<pb facs="CH_Bm_prg/pyr_CH_Bm_prg-1596.tif"/>
<page><![CDATA[﻿]]></page>
<pb facs="CH_Bm_prg/pyr_CH_Bm_prg-1597.tif"/>
<page><![CDATA[﻿2. EXTRAKONZERT
    Mittwoch, 25. Februar 1987, 20.15 Uhr Grösser Saal der Musik-Akademie
    Ausführende
I
    Jos van Immerseel (Fortepiano) Jaap Schröder (Violine)
    Hinweis
Die Beethoven-Sonaten op. 30, Nr. 2 und 3 und Op. 96 gelangen am Mittwoch, 6. Mai 1987, um 20.15 Uhr im Grossen Saal der Musik-Akademie zur Aufführung.	f
3.	Konzert der "Freunde alter Musik in Basel"
Dienstag, 31. März 1987, 20.15 Uhr in der Martinskirche
Claudio Monteverdi: Vespro della Beata Vergine 1610
Solistisches Vokalensemble und Instrumentalisten der Schola Cantorum Basiliensis; Chor des 'Centro di Musica Antica', Padova. Einstudierung des Chores: Livio Picotti; Leitung: Jordi Savall

Ludwig van Beethoven (1770 - 1827) Sämtliche Sonaten für Planoforte und Violine
2.	Abend
PROGRAMM
           Sonate A-dur, op. 12/Nr. 2 Allegro vivace
              Andante piü tosto Allegretto Allegro piacevole
Sonate Es-dur, op. 12/Nr. 3
              Allegro con spirito Adagio con molto espressione Rondo: Allegro molto
*****
           Sonate A-dur, op. 47 ("Kreutzer")
              Adagio sostenuto/Presto Andante con variazioni Presto
Fortepiano von Nannette Streicher-Stein, Wien 181]]></page>
<pb facs="CH_Bm_prg/pyr_CH_Bm_prg-1598.tif"/>
<page><![CDATA[﻿]]></page>
<pb facs="CH_Bm_prg/pyr_CH_Bm_prg-1599.tif"/>
<page><![CDATA[﻿Freunde Alter Musik Basel]]></page>
       
        </p>
    </body>
  </text>
</TEI>
