<?xml version="1.0" encoding="UTF-8"?>
<?xml-model href="http://www.tei-c.org/release/xml/tei/custom/schema/relaxng/tei_all.rng" schematypens="http://relaxng.org/ns/structure/1.0"?>
<TEI xmlns="http://www.tei-c.org/ns/1.0">
  <teiHeader>
    <fileDesc>
        <titleStmt>
            <title>BASEL</title>
        </titleStmt>
        <editionStmt>
            <edition>TEI P5.1 Edition</edition>
            <respStmt>
                <resp>
                    <persName>Claudio Bacciagaluppi</persName>
                    <persName>Laurent Pugin</persName>
                    <persName>Rodolfo Zitellini</persName>
                    <date when="2016-01">Janvier 2016</date>
                </resp>
                <name>Bureau Suisse du RISM</name>
            </respStmt>
        </editionStmt>
        <publicationStmt>
            <publisher><orgName xml:base="http://www.rism-ch.org">Bureau Suisse du RISM</orgName></publisher>
        </publicationStmt>
	    <seriesStmt>
	     <idno type="collection">ch_famb</idno>
	    </seriesStmt>
      <sourceDesc>
		<bibl>
        <title>Concert<date when="19430502">02/05/1943</date></title>
<series>Concert</series>
<placeName>Basel, Vortragssaal des Kunstmuseums</placeName>
<orgName role="holding">Archiv des Vereins Freunde alter Musik Basel; <link target="http://famb.ch/"/></orgName>

		</bibl>
      </sourceDesc>
    </fileDesc>
  </teiHeader>
  <text>
    <body>
        <p> <!-- all the content of the program in one paragraph -->
            <pb facs="CH_Bm_prg/pyr_CH_Bm_prg-0524.tif"/>
<date when="19430502"/>
<name key="Buxtehude, Dietrich" type="person" role="cmp">Buxtehude, Dieterich</name>
<name key="Corelli, Arcangelo" type="person" role="cmp">Corelli, Arcangelo</name>
<name key="Caix d'Hervelois, Louis de" type="person" role="cmp">Caix d'Hervelois, Louis de</name>
<name key="Rameau, Jean-Philippe" type="person" role="cmp">Rameau, Jean-Philippe</name><name key="Kägi, Walter" type="person" role="int">Kägi, Walter</name>
<name key="Wenzinger, August" type="person" role="int">Wenzinger, August</name><title>Concert</title>
<placeName key="Basel, Vortragssaal des Kunstmuseums"/>
<name key="Concert" type="series"/>
<page><![CDATA[﻿Freunde alter Musik in Basel
IHanskoDzert
Sonntag, 2. Mai 1943, 20 Uhr
Vorfragssaal des Kunstmuseums (Eingang Dufourstrasse)
SülioU CaotorDm ßasiliensis
                                     Walter Kägi (Violine), August Wenzinger (Viola da gamba), Valerie Kägi (Cembalo)
                       Programm
              Dietrich Buxtehude Sonate a-moll op. 1, Nr. 3 für Violine, Viola da gamba und 1637—1707	Cembalo
Adagio — Allegro — Lento — Vivace — Largo — Presto — Lento Sonate D-dur für Violine und Continuo
Grave — Allegro — Adagio — Grave — Allegro — Adagio — Allegro — Allegro — Adagio — Allegro
Suite D-dur für Viola da gamba und Continuo Leg petitg doigtg — Sarabande — Menuet — La Napolitaine — Gavotte — Gigue
              Jean Philippe Rameau Konzert Nr. 2, G-dur, für Violine, Viola da Gamba und 1683—1764	Cembalo
                                       La Laborde — La Boucon — L’Agagante — Menuet I und II
                                  Programm 20 Ctg.
                                        Eintritt für Mitglieder frei, für Nichtmitglieder Fr. 3.30
 Arcangelo Corelli 1653—1713
 Caix d’Herveloig 1750
Voranzeige: 3 öffentliche Konzerte im Rahmen der Basler Kunst- und Musikwochen Ausführende: Schola Cantorum ßasiliensis
                                       I.	Musik des Mittelalters (8. Juni, Barfüsserkirche)
                                     II.	Französische Chansons und Tänze (9. Juni, Bischofshof)
                                       III.	Musik aus der empfindsamen Zeit {II. Juni, Bischofshof)
]]></page>
       
        </p>
    </body>
  </text>
</TEI>
