<?xml version="1.0" encoding="UTF-8"?>
<?xml-model href="http://www.tei-c.org/release/xml/tei/custom/schema/relaxng/tei_all.rng" schematypens="http://relaxng.org/ns/structure/1.0"?>
<TEI xmlns="http://www.tei-c.org/ns/1.0">
  <teiHeader>
    <fileDesc>
        <titleStmt>
            <title>BASEL</title>
        </titleStmt>
        <editionStmt>
            <edition>TEI P5.1 Edition</edition>
            <respStmt>
                <resp>
                    <persName>Claudio Bacciagaluppi</persName>
                    <persName>Laurent Pugin</persName>
                    <persName>Rodolfo Zitellini</persName>
                    <date when="2016-01">Janvier 2016</date>
                </resp>
                <name>Bureau Suisse du RISM</name>
            </respStmt>
        </editionStmt>
        <publicationStmt>
            <publisher><orgName xml:base="http://www.rism-ch.org">Bureau Suisse du RISM</orgName></publisher>
        </publicationStmt>
	    <seriesStmt>
	     <idno type="collection">ch_famb</idno>
	    </seriesStmt>
      <sourceDesc>
		<bibl>
        <title>Concert<date when="19511013">13/10/1951</date></title>
<series>Concert</series>
<placeName>Basel, Musikzimmer im Blauen Haus (Rheinsprung 16)</placeName>
<orgName role="holding">Archiv des Vereins Freunde alter Musik Basel; <link target="http://famb.ch/"/></orgName>

		</bibl>
      </sourceDesc>
    </fileDesc>
  </teiHeader>
  <text>
    <body>
        <p> <!-- all the content of the program in one paragraph -->
            <pb facs="CH_Bm_prg/pyr_CH_Bm_prg-0679.tif"/>
<date when="19511013"/>
<name key="Bach, Carl Philipp Emmanuel" type="person" role="cmp">Bach, Carl Philipp Emanuel</name>
<name key="Haydn, Joseph" type="person" role="cmp">Haydn, Joseph</name>
<name key="Mozart, Wolfgang Amadeus" type="person" role="cmp">Mozart, Wolfgang Amadeus</name><name key="Neumeyer, Fritz" type="person" role="int">Neumeyer, Fritz</name><title>Concert</title>
<placeName key="Basel, Musikzimmer im Blauen Haus (Rheinsprung 16)"/>
<name key="Concert" type="series"/>
<page><![CDATA[﻿Freunde alter Musik in Basel
Samstag, 13.Oktober 1951> 17-30 & 20.30 Uhr Musikzimmer im Blauen Eaus (Rheinsprung 16)
III.	HAUSKCNZEET
Musik auf dem Clavichord C.Ph.Emanuel Bach, Haydn, Mozart
Fritz Neumeyer, Freiburg im Ereisgau
Clavichord
Prograaaa 30 cts. Eiatritt für Mitglieder frei, für Nichtüiitglieder Fr.h*hO im Vorverkauf hei Eug & Co. Freieetr.70a und an der Abendkasse. Studenten, Konservatoristen & Berufsschüler der S.C.B. er&assigte Eintrittskarten zu Fr.2.75* Anmeldung zur Mitgliedschaft an die Aktuarin Frau E.Sta?,_der--Suter, Missionsstrasse 33]]></page>
<pb facs="CH_Bm_prg/pyr_CH_Bm_prg-0680.tif"/>
<page><![CDATA[﻿
Programm
CARL PH.EM. BACH 171*1 - 1788
Aus "Claviersonaten nebst einigen Rondos fürs Fortepis.no für Kenner und Liebhaber"
Rondo Nr.
C-dur
Sonate Nr.1. G-dur Allegretto - Larghetto - Allegro
Rondo a-mo11
Sonate A-dur, "in einem Satz durch-komponiert" (Allegretto)
JOSEPH HAYDN 1732 - 1809
Sonate B-dur (vor 1765) Moderato - Largo - Menuetto
WOLF GANG AM. MOZART Senate C-dur (1788), K.V.5^5 1756 - 1791	Allegro - Andante - Rondo
Clavichord von Carl Schmahl, Regensburg (Ende 18.Jahrh.)]]></page>
<pb facs="CH_Bm_prg/pyr_CH_Bm_prg-0681.tif"/>
<page><![CDATA[﻿Rondo a-moll und Sonate A-dur von C.Phil.Emanuel Bach, sowie die B-dur Sonate von Joseph Haydn sind auf Schallplatten in der "Archiv-Produktion der deutschen Grammophongesellschaft” auf dem hier gespielten Instrument aufgenommen worden.
IV.	Eauskcnzert 1951 der
       Freunde alter Musik in BaselJ Saas tag, 10. Nav,, Kbns % wir *>'' "'S 20.15 Werke von Buxtehude, Beehre, SoL-xl;, Leclair, Rameau	>
        Schola Cant or um Basiliensi'i; Walter Zer; l " (Violine), August Wenzinger (73da da gan-ba) Eduard ilüller (Cembal.)}]]></page>
       
        </p>
    </body>
  </text>
</TEI>
