<?xml version="1.0" encoding="UTF-8"?>
<?xml-model href="http://www.tei-c.org/release/xml/tei/custom/schema/relaxng/tei_all.rng" schematypens="http://relaxng.org/ns/structure/1.0"?>
<TEI xmlns="http://www.tei-c.org/ns/1.0">
  <teiHeader>
    <fileDesc>
        <titleStmt>
            <title>BASEL</title>
        </titleStmt>
        <editionStmt>
            <edition>TEI P5.1 Edition</edition>
            <respStmt>
                <resp>
                    <persName>Claudio Bacciagaluppi</persName>
                    <persName>Laurent Pugin</persName>
                    <persName>Rodolfo Zitellini</persName>
                    <date when="2016-01">Janvier 2016</date>
                </resp>
                <name>Bureau Suisse du RISM</name>
            </respStmt>
        </editionStmt>
        <publicationStmt>
            <publisher><orgName xml:base="http://www.rism-ch.org">Bureau Suisse du RISM</orgName></publisher>
        </publicationStmt>
	    <seriesStmt>
	     <idno type="collection">ch_famb</idno>
	    </seriesStmt>
      <sourceDesc>
		<bibl>
        <title>Concert<date when="20060601">01/06/2006</date></title>
<series>Concert</series>
<placeName>Basel, Hans Huber-Saal des Stadtcasinos Basel</placeName>
<orgName role="holding">Archiv des Vereins Freunde alter Musik Basel; <link target="http://famb.ch/"/></orgName>

		</bibl>
      </sourceDesc>
    </fileDesc>
  </teiHeader>
  <text>
    <body>
        <p> <!-- all the content of the program in one paragraph -->
            <pb facs="CH_Bm_prg/pyr_CH_Bm_prg-1219.tif"/>
<date when="20060601"/>
<name key="Haydn, Joseph" type="person" role="cmp">Haydn, Joseph</name>
<name key="Pleyel, Ignace Joseph" type="person" role="cmp">Pleyel, Ignaz</name>
<name key="Albrechtsberger, Johann Georg" type="person" role="cmp">Albrechtsberger, Johann Georg</name>
<name key="Mozart, Leopold" type="person" role="cmp">Mozart, Leopold</name>
<name key="Weissman" type="person" role="cmp">Weissman</name><name key="Coin, Christophe" type="person" role="int">Coin, Christophe</name>
<name key="Loibner, Matthias" type="person" role="int">Loibner, Matthias</name>
<name key="Nouhat, Thierry" type="person" role="int">Nouhat, Thierry</name>
<name key="Paulus, Albin" type="person" role="int">Paulus, Albin</name>
<name key="Gabetta, Andres" type="person" role="int">Gabetta, Andres</name>
<name key="Bartha, Matyas" type="person" role="int">Bartha, Matyas</name>
<name key="Frank, Pierre" type="person" role="int">Frank, Pierre</name>
<name key="Pidoux, Pierre" type="person" role="int">Pidoux, Pierre</name>
<name key="Sinclair, David" type="person" role="int">Sinclair, David</name>
<name key="Padieu, Emmanuel" type="person" role="int">Padieu, Emmanuel</name>
<name key="Madeuf, Pierre-Yves" type="person" role="int">Madeuf, Pierre-Yves</name>
<name key="Meier, Wolfgang" type="person" role="int">Meier, Wolfgang</name>
<name key="Kronthaler, Otto" type="person" role="int">Kronthaler, Otto</name><title>Concert</title>
<placeName key="Basel, Hans Huber-Saal des Stadtcasinos Basel"/>
<name key="Concert" type="series"/>
<page><![CDATA[﻿Freunde alter Musik. 3
Donnerstaq, 1. Juni 2006
20.15	Uhr
Stadcasino Basel, Hans Huber-Saal
Extra konzert II
   ARKADIEN IN DER WIENER KLASSIK
Werke für Lira organizzata, Baryton, Dudelsack von Joseph Haydn u.a.
  Ensemble Baroque de Limoges
Christophe Coin
Kartenvorverkauf: Musik Wyler Schneidergasse 24, Basel Tel. 061-261 90 25
Basel
]]></page>
<pb facs="CH_Bm_prg/pyr_CH_Bm_prg-1220.tif"/>
<page><![CDATA[﻿Donnerstag, 1. Juni 2006 18.45 Uhr
Stadtcasino Basel, Hans Huber-Saal
Einführung und Demonstration der Instrumente mit Matthias Loibner und Michel Uhlmann
Eintritt frei / Gäste herzlich willkommen]]></page>
<pb facs="CH_Bm_prg/pyr_CH_Bm_prg-1221.tif"/>
<page><![CDATA[﻿In Vergessenheit geratene Instrumente
Arkadien als Ort des Goldenen Zeitalters, in dem die Menschen in idyllischer Natur glücklich und unbeschwert als Hirten lebten: Immer wieder wurde diese Thematik auch in der Musik aufgenommen und versucht, die mythische Szenerie musikalisch nachzuahmen. Dabei spielte nicht zuletzt die Wahl des Instrumentariums eine entscheidende Rolle.
Im 1 8. Jahrhundert erhielten in diesem Zusammenhang zum einen Volksinstrumente wie Drehleier und Dudelsack Einlass in die höfische Welt, zum anderen wurden eigens neuartige Instrumente zu diesem Zweck entwickelt, so auch die Lira organizzata, die organisierte Drehleier, eine Kombination aus Drehleier und Orgel.
Wie allerdings Arkadien als Berg- und Hochland in der Mitte des Peloponnes geographisch von der übrigen Halbinsel isoliert ist, so erscheinen heute auch viele musikalisch-historische Aufführungspraktiken zeitlich, durch eine abgebrochene Tradition, abgetrennt. So erlebte die Lira organizzata nach ihrem Aufkommen um die Mitte des 1 8. Jahrhunderts nur eine kurze Blütezeit bis in die 1780er Jahre hinein, bis sie schließlich ausstarb. Erhalten sind heute etwa 15 nicht mehr spielbare Originale, die über verschiedene Museen verstreut sind. Auf der anderen Seite stehen Originalkompositionen für dieses Instrument wie die 5 Concerti per la lira organizzata, Hob. VII: 1-5 und die 8 Notturni, Hob. II: 25-32 von Joseph Haydn (1732 - 1 809), des Weiteren zwei Werke von Ignaz Pleyel (1757 - 1831), darunter das Notturno für lire organizzate in C, sowie einige weitere Kompositionen. Alle sind Auftragskompositionen für den neapolitanischen König Ferdinand IV (1 751 - 1825), der ein begeisterter Spieler der Orgelleier war. Man darf allerdings annehmen, dass von der Lira organizzata auch die übliche Literatur für Drehleier adaptiert wurde.
Ausgiebige Forschungsarbeit war nötig, um im heutigen Konzert die Werke von Haydn und Pleyel auf dem dafür vorgesehenen Instrument und somit ein Stück Arkadien in zweierlei Hinsicht präsentieren zu können. Die mehrjährige, vom Ensemble Baroque de Limoges initiierte Zusammenarbeit von Forschern, Musikern, Instrumentenbauern und nicht zuletzt auch Museen gipfelte in einer Rekonstruktion zweier Lire organizzate durch den Drehleierbauer Wolfgang Weichselbaumer (Wien 2005) nach dem im Londoner

Victoria & Albert Museum befindlichen Original. Dieses Exemplar verfügt unter den überlieferten Instrumenten einzig über den von Haydn geforderten Ambitus.
Über die Kurbel der Drehleier wird nicht allein ein Rad angetrieben, das die Saiten anstreicht, sie dient darüber hinaus dazu, der Orgel über einen Balg Luft zuzuführen. Durch die Tastatur werden einerseits die Saiten der Drehleier verkürzt, wodurch das melodische Spiel möglich ist, andererseits steuert sie auch den Orgelmechanismus.
So wie die Lira organizzata eine Kombination aus Streich-und Windinstrument darstellt, ist das Baryton als eine Kombination von Streich- und Zupfinstrument zu sehen. Das von der Viola bastarda abstammende und zu Anfang des 17. Jahrhunderts erstmals bezeugte Instrument verfügt neben sechs Streichsaiten zusätzlich über mitschwingende Resonanzsaiten, die einerseits diagonal unter den Streichsaiten auf dem Griffbrett verlaufen, andererseits auf der Rückseite des leicht ausgehöhlten Halses angebracht sind. Von dem Daumen der linken Hand, der Greifhand, werden diese auf der Rückseite befindlichen Saiten zusätzlich auch gezupft. Das Baryton wurde ursprünglich als solistisches Instrument eingesetzt.
Wiederum ist es die besondere Vorliebe eines Fürsten, wiederum sind es Bestellungen an Haydn, die über die Existenz des Instruments im 1 8. Jahrhundert maßgebend entscheiden. Für seinen Dienstherrn Nikolaus I. Esterhazy (1714- 1 790), der das Baryton sehr schätzte und auch selbst spielte, schrieb Haydn über 170 Kompositionen in unterschiedlichen kammermusikalischen Besetzungen. In diesem Zusammenhang ist auch das auf dem Programm stehende Divertimento in G-Dur, Hob. X: 1 2 zu sehen.
Rühmt Leopold Mozart 1 756 in seinem Versuch einer gründlichen Violinschule das Baryton noch als „eines der anmuthigsten Instrumente", so scheint die Geschichte des Instruments nicht einmal 50 Jahre später schon zu Ende zu sein. Erst in den 1980er Jahren wurde es im Rahmen der Aufführung von barocker Musik wieder neu entdeckt. Das von Christophe Coin gespielte Instrument wurde von Pierre Jaquier nach einem Modell von Norbert Gedler, Würzburg 1 723, gebaut.]]></page>
<pb facs="CH_Bm_prg/pyr_CH_Bm_prg-1222.tif"/>
<page><![CDATA[﻿Volksinstrumente in klassischem Kontext
Die übrigen zu hörenden und für ein klassisches Konzert doch sehr unüblichen Instrumente Dudelsack, Drehleier und Maultrommel scheinen aus ihrem traditionellen Kontext herausgelöst und zu arkadischen Instrumenten verklärt in den klassischen Kontext gestellt. Es sind Instrumente, die keinen Traditionsbruch erlitten, sondern fortlaufend gespielt wurden und noch heute in der Volksmusik anzutreffen sind. Der Dudelsack und die Drehleier, beides Borduninstrumente, gerieten am französischen Hof des 1 8. Jahrhunderts sehr in Mode und wurden verstärkt in diesem Umfeld gespielt und in Kompositionen bedacht. Auch die entsprechenden Werke aus der Wiener Klassik lassen oft schon im Titel die Imitation der arkadischen Welt durchscheinen, so die Pastorella in F-Dur für Dudelsack und Streicher (um 1760) von Weissmann und Die Bauernhochzeit von Leopold Mozart (1719 - 1787).
Die vier überlieferten Konzerte für Maultrommel von Johann Georg Albrechtsberger (1 736 - 1 809), darunter das Konzert in E-Dur für Maultrommel und Mandora, stellen insofern ein Kuriosum dar, als es nur sehr wenige Kompositionen für das weltweit gespielte Instrument gibt. Die Mandora, ein lautenähnliches Instrument, das als Vorläufer der Mandoline gilt, wird im Konzert durch eine Viola da Gamba ersetzt.
Astrid Pörings
Das Projekt des Baus zweier organisierten Drehleier stammt gemeinsam von Christophe Coin und Matthias Loibner mit dem ausdrücklichen Ziel, die wunderbare Werke von Joseph Haydn erstmals mit dem Klang zu hören, für die sie komponiert wurden. Das Projekt wurde vom Ensemble Baroque de Limoges übernommen, insbesondere mit Matthias Loibner als Initiator, Wolfgang Weichselbaumer für den Bau, Michel Uhlmann für die Forschung und Nicolas Sarre für die Domentation und Koordination.
Programm
Ignaz Pleyel 1757-1831
Joseph Haydn 1732-1809
Johann Georg
Albrechtsberger
1736-1809
Leopold Mozart 1719-1787
Joseph Haydn
Weissman (um 1760)
Joseph Haydn
Schweizer Radio DRS
Marcia aus dem Notturno, in C Dur, Benton 202.5
Notturno Nr 2 in F Dur, für zwei Lire organizzate und Orchester, Hob. 11:26 Adagio-Allegro spiritoso - Adagio -Finale: Allegro con brio
Konzert in E-Dur, für Maultrommel und Viola da gamba Tempo moderato - Adagio -Finale: Tempo di Menuet
Sinfonie in D-Dur „Die Bauernhochzeit" (1755) Marcia villanesca - Menuet - Adagio -Menuet - Finale: Molto allegro
      PAUSE
Konzert in GDur, für zwei Lire organizzate, Hob. Vllh: 1
Allegro con spirito - Andante -Finale: Allegro con brio
Pastorella F-Dur für Dudelsack und Streicher
Divertimento in G Dur, für Baryton, Streicher und Hörner, Hob. X: 1 2 (1775)
Moderato - Adagio - Presto
Das Konzert wird von Schweizer Radio DRS2 aufgenommen und am Samstag, 26. August 2006, um 21.45 Uhr ausgestrahlt.]]></page>
<pb facs="CH_Bm_prg/pyr_CH_Bm_prg-1223.tif"/>
<page><![CDATA[﻿Ensemble Baroque de Limoges
Leitung: Christophe Coin
Solisten:                                     
Christophe Coin    Baryton und Viola da gamba 
Matthias Loibner   Lira organizzata           
Thierry Nouhat     Lira organizzata           
Albin Paulus       Maultrommel und Dudelsack  
Das Ensemble:                                 
Andres Gabetta     Violine                    
Matyas Bartha      Violine                    
Pierre Frank       Viola                      
Matyas Bartha      Viola                      
Christophe Coin    Violoncello                
Pierre Pidoux      Violoncello                
David Sinclair     Kontrabass                 
Emmanuel Padieu    Horn                       
Pierre-Yves Madeuf Horn                       
Wolfgang Meier     Klarinette                 
Otto Kronthaler    Klarinette                 
Christophe Coin
geb. 1958 in Caen, begann seine musikalische Ausbildung in seiner Heimatstadt bei Jacques Ripoche. Anschliessend studierte er bis 1976 am Conservatoire National Superieur in Paris bei Andre Navarra (Premier Prix de Violoncelle 1974). Mit 16 Jahren erhielt er ein Stipendium für einen Studienaufenthalt in Wien. Ebenfalls in Wien kam es zum ersten Kontakt mit Nikolaus Harnoncourt, dem er wichtige Impulse für die Auseinandersetzung mit seinem Instrument und mit der Alten Musik generell verdankt. ? 1978/79 kam Coin an die Schola Cantorum Basiliensis, um sich bei jordi Savall gründlich in die Welt der Viola da gamba zu vertiefen. Seit 1988 unterrichtet er Violoncello an der SCB und führt ausserdem eine Klasse am CNSM in Paris, wo er mit seiner Familie auch lebt.
Christophe Coin gehört heute zu den profiliertesten Cellisten seiner Generation, wie zahlreiche CD-Einspielungen belegen.
Nach der Arbeit im Concentus Musicus Wien und neben seiner Karriere als Solist leitet er seit einigen Jahren das „Ensemble Baroque de Limoges". Mit dem „Quatuor MosaVque" widmet er sich mit grossem Erfolg bekannter und unbekannter Streichquartettliteratur der Zeit um 1 800. Coins Interesse gilt überdies den alten Streichinstrumenten generell sowie instrumentenkundlichen Fragen, deren Ergebnisse er in seine praktische Tätigkeit einflies-sen lässt.

Matthias Loibner
geb. 1969 in Österreich, erste Instrumente: Klavier, Gitarre und Posaune, teilweise Studien der klassischen Komposition, Jazzkomposition, Orchester- und Chorleitung in Graz. Seit 1990 Beschäftigung mit der Drehleier, zunächst Autodidakt, später Unterricht bei Barbara Grimm, Valentin Clastrier, Riccardo Delfi-no und Gilles Chabenat, 1. Preis beim „Concours des vielles et cornemuses", St. Chartier [F] 1994.
Seit 1994 Tätigkeit als Lehrer für Drehleiertechnik und Improvisation, Autor eines Drehleierlehrbuchs zusammen mit Riccardo Delfino.
Reisen zur Auseinandersetzung mit verschiedenen musikalischen Traditionen u.a. in Österreich, Frankreich, Südosteuropa, Uganda, Mozambique und Australien.
Zusammenarbeit & Aufnahmen mit deishovida [A], Sandy Lopicic Orkestar [BIH/A/etc], Tunji Beier [AUS], Linsey Pollak [AUS], dididumdum [AUS], Wild Marmalade [AUS], Big Five [UG], Celco Paco [MOZ], Ross Daly, Riccardo Delfino, Alex Deutsch, DJ Shantel u.a.
Barockmusik: Christophe Coin & Ensemble Baroque de Limoges [F], Le Concert Spirituel [F], Les Eclairs de Musique [I], Riccardo Delfino [D].
Film- & Theatermusik: Hubert v. Goisern, Manuela Soeiro, Ernst M. Binder, Henning Mankell, Dimiter Gotscheff.
Thierry Nouhat beginnt im Alter von 9 Jahren Drehleier zu spielen. Er promoviert 1993 an der „Ecole nationae de Musique de Bourges". An der „Ecole nationale de musique" in Montlugon unterrichtet er Drehleier und führt ein reges Konzertleben sowohl im traditionellen Bereich (St. Chartier), als auch in musikalischen Transversalen, mit elektro-akustischer Drehleier z. B. und als Interpret zeitgenössischer Kompositionen sowie im Bereich der alten Musik.
Albin Paulus stammt aus einer in Norddeutschland gestrandeten österreichischen Familie. Sehr früh lernte er bei seiner Mutter Maultrommel und Jodeln kennen. Nach einer klassischen Klarinettenausbildung studierte er Musikwissenschaft in Wien, spezialisierte sich auf mitteleuropäische Dudelsäcke und gewann damit internationale Preise. Albin Paulus ist mit seiner Gruppe „Hotel Palindrone" im Bereich europäischer Weltmusik in Europa und Asien tätig, aber auch klassischer Maultrommelvirtuose und begehrter Spezialist für Alte Musik, sowie Lektor für Musik der keltischen Antike an der Universität Wien. Als vielseitiger]]></page>
<pb facs="CH_Bm_prg/pyr_CH_Bm_prg-1224.tif"/>
<page><![CDATA[﻿und gefragter Künstler konzertierte er mit Ensemble Baroque de Limoges, L'Orfeo Barockorchester, Piccolo Concerto und dem Eisenzeit-Ensemble Imbraxton.
Ensemble Baroque de Limoges (EBL)
1984 - Gründung des EBL im Limousin mit dem Dirigenten Jean-Michel Hasler. Das Ensemble beginnt, ein für das Instrumentalrepertoire des 17. und 18. Jahrhunderts profiliertes Orchester zu werden.
1991	- Christophe Coin übernimmt die Leitung des EBL.
1992	- Beginn der Forschungsarbeit, der Herausgabe, Aufführung und Einspielung unveröffentlichter Manuskripte. Erstes wiederentdecktes Manuskript : «Viento es la dicha de amor», eine barocke Zarzuela von Jose de Nebra, gefolgt von den Konzerten für Viola da Gamba von Graun, dem Grabmal «La Vita nella Morte» von Draghi etc.
Seit 1992 - das EBL ist regelmäßiger Gast bei den großen inter-natio-nalen Treffpunkten, wie der Salzburger Mozartwoche, der Leipziger Bachtage, der Innsbrucker Festwoche der Alten Musik; es tritt in der Wigmore Hall in London auf, bei der Gesamtaufführung von Bachs Werk in Mailand, in Paris in der Cite de la Musique und im Theätre du Chätelet sowie auf zahlreichen französischen Bühnen.
Ebenfalls seit 1992 - ein Schwerpunkt des EBL ist die Technik des Spiels auf historischen Instrumenten; es organisiert im Limousin internationale Kolloquien - das erste über Instrumente mit Aliquotsaiten, gefolgt von drei Veranstaltungen über die französische, deutsche und englische Viola da gamba - und Forschungstage - Naturtrompeten und Jagdhörner, «Chabrettes» und Sackpfeifen.
1995	- Christophe Coin erhält mit dem EBL für die Einspielung der gesamten Kantaten mit Violoncello piccolo von Bach den Victoire de la musique classique als «bestes Instrumentalensemble».
1996	Kauf des Anwesens La Borie-en-Limousin in der Nähe von Limoges, 2003 erhält es das Label Kulturelles Begegnungszentrum. Das Ensemble hat dort seinen Sitz .
Seit 2000/2001 - das EBL erhält vom Kultusministerium das

Label Einrichtung für angewandte Forschung . Es arbeitet aufgrund dieses Titels mit zahlreichen internationalen Partnern und mit dem Musee de la Musique/Cite de la Musique (Paris) und dem Centre de Musique Baroque de Versailles zusammen.
Seit 2001- die Musiker des Ensembles bilden Lehrer für die Musikschulen und die nationalen Konservatorien im Bereich Barockmusik aus. Die Zusammenarbeit mit dem Ministerium für Erziehung im Bereich der Mittelschulen des Limousin verstärkt sich (seit 2001 7500 unterrichtete Schüler).
Und nach 20 Jahren mehr als 1000 Konzerte in Frankreich und im Limousin und mehr als 200 im Ausland, 20 Spielzeiten in Limoges mit mehr als 500 Abonnenten, eine ausgedehnte Diskographie, zahlreiche Editionen und für die nächsten 20 Jahre sich entwickelnde Partnerschaften auf allen Tätigkeitsgebieten des EBL : Aufführung, Einspielung, Musikerziehung, Lehre, Forschung und Spielzeit im Limousin.
Mit grossem Dank an die Maja Sacher-Stiftung für die Unterstützung
 KU LTUR«
                  Basel-Stadt]]></page>
<pb facs="CH_Bm_prg/pyr_CH_Bm_prg-1225.tif"/>
<page><![CDATA[﻿]]></page>
<pb facs="CH_Bm_prg/pyr_CH_Bm_prg-1226.tif"/>
<page><![CDATA[﻿Kleine Änderungen im Programm und bei den Mitwirkenden
Programm
Ignaz Pleyel 1757-1831
Joseph Haydn 1732-1809
Johann Georg Albrechtsberger
1736-1809
Leopold Mozart 1719-1787
PAUSE Joseph Haydn
Weissman (um 1760)
Joseph Haydn
Marcia aus dem Notturno, in C Dur, Benton 202.5
Notturno Nr. 2 in F Dur, für zwei Lire organizzate, zwei Klarinetten, zwei Hörner, zwei Bratschen, Violoncello und Kontrabass Hob. 11:26
Adagio-Allegro spiritoso - Adagio -Finale: Allegro con brio
Konzert in E-Dur, für Maultrommel und Viola da gamba Tempo moderato - Adagio -Finale: Tempo di Menuet
Sinfonie in D-Dur „Die Bauernhochzeit' (1755) Marcia villonesca - Menuet - Adagio -Menuet - Finale: Molto allegro
Konzert in C-Dur, für zwei Lire organizzate, Hob. Vllh: 1
Allegro con spirito - Andante -Finale: Allegro con brio
Pastorella F-Dur für Dudelsack, zwei Oboen und Streicher
                       Divertimento in G Dur, für Baryton, Streicher und Hörner, Hob. X: 12 (1775)
Moderato - Adagio - Presto
 Ensemble Baroque de Limoges
 Leitung: Christophe Coin
  Solisten:
 Christophe Coin
 Matthias Loibner Thierry Nouat
 Albin Paulus
Das Ensemble: Andres Gabetta Matyas Bartha Pierre Frank Matyas Bartha Christophe Coin Raphael Pidoux David Sinclair Emmanuel Padieu Pierre-Yves Madeuf Wolfgang Meier Florian Schüle
Baryton und Viola da gamba
Lira organizzata Lira organizzata
Maultrommel und Dudelsack
Violine
Violine
Viola
Viola
Violoncello
Violoncello
Kontrabass
Horn
Horn
Klarinette
Klarinette
Das Konzert wird von Schweizer Radio DRS2 aufgenommen und am Samstag, 26. August 2006, um 21.45 Uhr ausgestrahlt.
Christophe Coin
geb. 1958 in Caen, begann seine musikalische Ausbildung in seiner Heimatstadt bei Jacques Ripoche. Anschliessend studierte er bis 1976 am Conservatoire National Superieur in Paris bei Andre Navarra (Premier Prix de Violoncelle 1974). Mit 16 Jahren erhielt er ein Stipendium für einen Studienaufenthalt in Wien. Ebenfalls in Wien kam es zum ersten Kontakt mit Nikolaus Harnoncourt, dem er wichtige Impulse für die Auseinandersetzung mit seinem Instrument und mit der Alten Musik generell verdankt. 1978/79 kam Coin an die Schola Cantorum Basiliensis, um sich bei jordi Savall gründlich in die Welt der Viola da gamba zu vertiefen. Seit 1988 unterrichtet er Violoncello an der SCB und führt ausserdem eine Klasse am CNSM in Paris, wo er mit seiner Familie auch lebt.
Christophe Coin gehört heute zu den profiliertesten Cellisten seiner Generation, wie zahlreiche CD-Einspielungen belegen. Nach der Arbeit im Concentus Musicus Wien und neben seiner Karriere als Solist leitet er seit einigen Jahren das „Ensemble Baroque de Limoges". Mit dem „Quatuor Mosäique" widmet er sich mit grossem Erfolg bekannter und unbekannter Streichquartettliteratur der Zeit um 1 800. Coins Interesse gilt überdies den alten Streichinstrumenten generell sowie instrumentenkundlichen Fragen, deren Ergebnisse er in seine praktische Tätigkeit einfliessen lässt.]]></page>
       
        </p>
    </body>
  </text>
</TEI>
