<?xml version="1.0" encoding="UTF-8"?>
<?xml-model href="http://www.tei-c.org/release/xml/tei/custom/schema/relaxng/tei_all.rng" schematypens="http://relaxng.org/ns/structure/1.0"?>
<TEI xmlns="http://www.tei-c.org/ns/1.0">
  <teiHeader>
    <fileDesc>
        <titleStmt>
            <title>BASEL</title>
        </titleStmt>
        <editionStmt>
            <edition>TEI P5.1 Edition</edition>
            <respStmt>
                <resp>
                    <persName>Claudio Bacciagaluppi</persName>
                    <persName>Laurent Pugin</persName>
                    <persName>Rodolfo Zitellini</persName>
                    <date when="2016-01">Janvier 2016</date>
                </resp>
                <name>Bureau Suisse du RISM</name>
            </respStmt>
        </editionStmt>
        <publicationStmt>
            <publisher><orgName xml:base="http://www.rism-ch.org">Bureau Suisse du RISM</orgName></publisher>
        </publicationStmt>
	    <seriesStmt>
	     <idno type="collection">ch_famb</idno>
	    </seriesStmt>
      <sourceDesc>
		<bibl>
        <title>Concert<date when="19930618">18/06/1993</date></title>
<series>Concert</series>
<placeName>Basel, Martinskirche</placeName>
<orgName role="holding">Archiv des Vereins Freunde alter Musik Basel; <link target="http://famb.ch/"/></orgName>

		</bibl>
      </sourceDesc>
    </fileDesc>
  </teiHeader>
  <text>
    <body>
        <p> <!-- all the content of the program in one paragraph -->
            <pb facs="CH_Bm_prg/pyr_CH_Bm_prg-0857.tif"/>
<date when="19930618"/>
<name key="Monteverdi, Claudio" type="person" role="cmp">Monteverdi, Claudio</name><name key="Kirkby, Emma" type="person" role="int">Kirkby, Emma</name>
<name key="Tubb, Evelyn" type="person" role="int">Tubb, Evelyn</name>
<name key="Nichols, Mary" type="person" role="int">Nichols, Mary</name>
<name key="King, Andrew" type="person" role="int">King, Andrew</name>
<name key="Agnew, Paul" type="person" role="int">Agnew, Paul</name>
<name key="Grant, Simon" type="person" role="int">Grant, Simon</name>
<name key="Rooley, Anthony" type="person" role="int">Rooley, Anthony</name><title>Concert</title>
<placeName key="Basel, Martinskirche"/>
<name key="Concert" type="series"/>
<page><![CDATA[﻿Konzert V
Zum 350. Todestag von Monteverdi
Freitag, 18. Juni 1993, 20.15 Uhr Martinskirche Basel]]></page>
<pb facs="CH_Bm_prg/pyr_CH_Bm_prg-0858.tif"/>
<page><![CDATA[﻿Der italienische Komponist Claudio Monteverdi (1567 -1643) stand im Brennpunkt einer lebhaften Diskussion über Komposition und Bedeutung der Musik in der Zeit um 1600. Er wurde angegriffen von dem Gelehrten Giovanni Maria Artusi, weil er die allgemein anerkannten Regeln verletzte, auf denen der polyphone Stil der „prima prattica" beruhte. Unbeirrt entwickelte Monteverdi jedoch weiter eine neue musikalische Sprache, die „seconda prattica". Dabei gelang es ihm, einerseits etwas Neues zu schaffen und andererseits mit der Tradition der Polyphonie verbunden zu bleiben.
        Das heutige Programm stellt die beiden Musikwelten der prima und seconda prattica einander gegenüber. Eine Auswahl polyphoner fünfstimmiger Madrigale aus den Büchern I bis VI, welche eine Steigerung in der Dramatik erkennen lassen, wird durchsetzt von Duetten aus den Büchern VII bis IX, die sich durch eine schon fast "unverschämt" zu nennende Virtuosität auszeichnen.
        Die ausserordentlich vielseitigen Kompositionen der ersten sechs Bücher von Monteverdi entstanden alle für den Hof von Mantua. Sie waren speziell auf den etwas bizarren Geschmack des alten Herzog Vincenzo Gonzaga ausgerichtet, der sich 1608 in die junge Sängerin Caterina Martinelli verliebte. Die Martinelli sollte auch die Titelrolle in Monteverdis Oper „L'Arianna" singen, die der Herzog für die Hochzeit seines ältesten Sohnes in Auftrag gegeben hatte. Während der Proben starb die junge Sängerin jedoch an Pocken. Der Herzog hatte nun gleichzeitig den Tod seiner schönen Geliebten zu beklagen und die Vermählung seines Sohnes zu feiern.
       Monteverdis VI. Madrigalbuch, das im Jahr 1614 erschienen ist, bezieht sich auf diese zugleich tragischen und freudigen Ereignisse am Hof von Mantua. Dies gilt besonders für einen Teil, die sogenannte "Sestina"; die mit "Lagrime d'amante al sepolcro dell'amata1' (“Die Tränen des Liebhabers am Grab der Geliebten“) überschrieben ist.
Anthony Rooley

Prima e seconda prattica: Madrigale von Claudio Monteverdi
Erster Teil
Baci soavi, e cari            Libro 1   
Ecco mormorar l'onde          Libro II  
Vattene pur crudel            Libro III 
Augellin                      Libro VII 
O sia tranquillo il mare      Libro IX  
Eccomi pronta ai baci         Libro VII 
Ah dolente partita            Libro IV  
A un giro sol de1 begli occhi Libro IV  
Ohime, se tanto amate         Libro IV  
Io mi son giovinetta          Libro IV  
Zweiter Teil
            Sesfina: Lagrime d'amante al	Libro VI sepolcro dell'amata
Come dolce hoggi l'auretta	Libro IX
Lamento della ninfa	Libro VIII
Parlo, misero, o taccio?	Libro VII
Ch'io t'ami	Libro V
E cosi a poco a poco	Libro V
THE CONSORT OF MUSICKE:
Emma Kirkby, Evelyn Tubb	Sopran
Mary Nichols	Alt
Andrew King, Paul Agnew	Tenor
Simon Grant	Bass
Leitung: Anthony Rooley	Laute
Das Konzerl wird vom Schweizer Radio DRS-2 aufgenommen und am Sonntag, 1 1. Juli 1993, um 19.30 Uhr ausgestrahlt.]]></page>
<pb facs="CH_Bm_prg/pyr_CH_Bm_prg-0859.tif"/>
<page><![CDATA[﻿]]></page>
       
        </p>
    </body>
  </text>
</TEI>
