<?xml version="1.0" encoding="UTF-8"?>
<?xml-model href="http://www.tei-c.org/release/xml/tei/custom/schema/relaxng/tei_all.rng" schematypens="http://relaxng.org/ns/structure/1.0"?>
<TEI xmlns="http://www.tei-c.org/ns/1.0">
  <teiHeader>
    <fileDesc>
        <titleStmt>
            <title>BASEL</title>
        </titleStmt>
        <editionStmt>
            <edition>TEI P5.1 Edition</edition>
            <respStmt>
                <resp>
                    <persName>Claudio Bacciagaluppi</persName>
                    <persName>Laurent Pugin</persName>
                    <persName>Rodolfo Zitellini</persName>
                    <date when="2016-01">Janvier 2016</date>
                </resp>
                <name>Bureau Suisse du RISM</name>
            </respStmt>
        </editionStmt>
        <publicationStmt>
            <publisher><orgName xml:base="http://www.rism-ch.org">Bureau Suisse du RISM</orgName></publisher>
        </publicationStmt>
	    <seriesStmt>
	     <idno type="collection">ch_famb</idno>
	    </seriesStmt>
      <sourceDesc>
		<bibl>
        <title>Concert<date when="19421130">30/11/1942</date></title>
<series>Concert</series>
<placeName>Basel, Vortragssaal des Kunstmuseums</placeName>
<orgName role="holding">Archiv des Vereins Freunde alter Musik Basel; <link target="http://famb.ch/"/></orgName>

		</bibl>
      </sourceDesc>
    </fileDesc>
  </teiHeader>
  <text>
    <body>
        <p> <!-- all the content of the program in one paragraph -->
            <pb facs="CH_Bm_prg/pyr_CH_Bm_prg-0518.tif"/>
<date when="19421130"/>
<name key="Andrieu" type="person" role="cmp">Andrieu</name>
<name key="Senaillé, Jean-Baptiste" type="person" role="cmp">Senaillé, Jean-Baptiste</name>
<name key="Charpentier, Marc-Antoine" type="person" role="cmp">Charpentier, Marc-Antoine</name>
<name key="Anonymus" type="person" role="cmp">Anonymus</name>
<name key="Lully, Jean-Baptiste" type="person" role="cmp">Lully, Jean-Baptiste</name>
<name key="Rameau, Jean-Philippe" type="person" role="cmp">Rameau, Jean-Philippe</name>
<name key="Leclair, Jean-Marie" type="person" role="cmp">Leclair, Jean-Marie</name><name key="Blot, Dominique" type="person" role="int">Blot, Dominique</name>
<name key="Ortmans-Bach, Edmée" type="person" role="int">Ortmans-Bach, Edmée</name>
<name key="Heuclin, Jacqueline" type="person" role="int">Heuclin, Jacqueline</name>
<name key="Bastard, Jacques" type="person" role="int">Bastard, Jacques</name>
<name key="Crussard, Claude" type="person" role="int">Crussard, Claude</name><title>Concert</title>
<placeName key="Basel, Vortragssaal des Kunstmuseums"/>
<name key="Concert" type="series"/>
<page><![CDATA[﻿Itrktkuitrk
Freunde alter Musik in Basel
                 Montag, 30. November 1942, 19 45 Uhr
                  Vortragssaal des Kunstmuseums (Eingang Dufourstraße)
ARS REDIVIVA
PARIS
                 Claude Crussard (Leitung und Cembalo), Dominique Blot, Edm6e Ortmans-Bach (Violinen), Jacqueline Heuclin (Violoncello), Jacques Bastard (Bariton)
PROGRAMM	Französische Musik des 17. und. 18. Jahrhunderts
                  Die Stücke sind gesammelt und eingerichtet von Claude Crussard.
Jean Francis d’Andrieu 1684—1740
Jean Baptiste Senaille
1687—1730
Sonate D-dur für zwei Violinen, Violoncello und Cembalo (unveröffentlicht)
Largo — Fugue — Presto — Grave — Finale
Sonate für Violine und Cembalo (unveröffentlicht)
Grave — Allegro — Sarabande — Gavotte — Allegro Dominique Blot und Claude Crussard
Marc Antoine Charpentier 1624—1704
Anonymer französischer Meister des 17. Jahrhunderts
Jean Baptiste Lully 1632—1687
Jean Philippe Rameau 1683—1764
Motet (unveröffentlicht)
Zwei „Airs de cour“ (unveröffentlicht)
Arie des Charon aus der Oper „Alceste“
Piece en trio, B-dur, für Violine, Violoncello und Cembalo La Pantomime — L’Indiscrete — La Rameau
Jean Marie Leclair 1697—1764
Sonate F-dur für zwei Violinen, Violoncello und Cembalo (unveröffentlicht)
Largo — Fugue — Aria — Presto
Cembalo Pleyel des Basler Kammerorchesters (Alleinvertretung Hug & Co.)
Programm 30 Cts.]]></page>
       
        </p>
    </body>
  </text>
</TEI>
