<?xml version="1.0" encoding="UTF-8"?>
<?xml-model href="http://www.tei-c.org/release/xml/tei/custom/schema/relaxng/tei_all.rng" schematypens="http://relaxng.org/ns/structure/1.0"?>
<TEI xmlns="http://www.tei-c.org/ns/1.0">
  <teiHeader>
    <fileDesc>
        <titleStmt>
            <title>BASEL</title>
        </titleStmt>
        <editionStmt>
            <edition>TEI P5.1 Edition</edition>
            <respStmt>
                <resp>
                    <persName>Claudio Bacciagaluppi</persName>
                    <persName>Laurent Pugin</persName>
                    <persName>Rodolfo Zitellini</persName>
                    <date when="2016-01">Janvier 2016</date>
                </resp>
                <name>Bureau Suisse du RISM</name>
            </respStmt>
        </editionStmt>
        <publicationStmt>
            <publisher><orgName xml:base="http://www.rism-ch.org">Bureau Suisse du RISM</orgName></publisher>
        </publicationStmt>
	    <seriesStmt>
	     <idno type="collection">ch_famb</idno>
	    </seriesStmt>
      <sourceDesc>
		<bibl>
        <title>Concert<date when="19911211">11/12/1991</date></title>
<series>Concert</series>
<placeName>Basel, Grosser Saal der Musik-Akademie</placeName>
<orgName role="holding">Archiv des Vereins Freunde alter Musik Basel; <link target="http://famb.ch/"/></orgName>

		</bibl>
      </sourceDesc>
    </fileDesc>
  </teiHeader>
  <text>
    <body>
        <p> <!-- all the content of the program in one paragraph -->
            <pb facs="CH_Bm_prg/pyr_CH_Bm_prg-0819.tif"/>
<date when="19911211"/>
<name key="Albert, Heinrich" type="person" role="cmp">Albert, Heinrich</name>
<name key="Schein, Johann Hermann" type="person" role="cmp">Schein, Johann Hermann</name>
<name key="Krieger, Johann Philipp" type="person" role="cmp">Krieger, Johann Philipp</name>
<name key="Bach, Johann Sebastian" type="person" role="cmp">Bach, Johann Sebastian</name>
<name key="Purcell, Henry" type="person" role="cmp">Purcell, Henry</name>
<name key="Haydn, Joseph" type="person" role="cmp">Haydn, Joseph</name>
<name key="Mozart, Wolfgang Amadeus" type="person" role="cmp">Mozart, Wolfgang Amadeus</name>
<name key="Görner, Johann Valentin" type="person" role="cmp">Görner, Johann Valentin</name><name key="Jacobs, René" type="person" role="int">Jacobs, René</name>
<name key="Staier, Andreas" type="person" role="int">Staier, Andreas</name><title>Concert</title>
<placeName key="Basel, Grosser Saal der Musik-Akademie"/>
<name key="Concert" type="series"/>
<page><![CDATA[﻿MUSIK-AKADEMIE DER STADT BASEL
SONDERKONZERT im Rahmen der FREUNDE ALTER MUSIK IN BASEL zu Gunsten des Stipendienfonds der Musik-Akademie Mittwoch, 11. Dezember 1991, 20.15 Uhr im Grossen Saal der Musik-Akademie
Lieder und Claviermusik
 Rene Jacobs, Gesang Andreas Staier, Cembalo und Fortepiano
Heinrich Albert (1604- 1651)
Johann Hermann Schein (1586- 1630)
Johann Philipp Krieger (1649 - 1725)
Johann Sebastian Bach (1685 - 1750)
Mein schönes lieb verliess mit mir
Amor, das blinde Göttelein
Einsamkeit, du Qual der Hertzen, aus: Procris
Aus dem Notenbüchlein für Anna Magdalena: Bist Du bei mir, BWV 508
Willst Du dein Herz mir schenken, BWV 518
Henry Purcell (1659 - 1695)
12 Lessons from Musick Handmaid
The fatal hour, aus: Orpheus Britannicus, Z 421 Since from my Dear, aus: Dioclesian, Z 627 Musick for a While, aus: Oedlpus, Z 583 Sweeter than Roses, aus: Pausanias, Z 585
Joseph Haydn (1732 - 1809)
English Canzonets:
Sympathy (nach Metastasio)
She never told her love (Shakespeare) Piercing Eyes (anonym)
Sonate G-dur, Hob. XVI, 39
Allegro con brio - Adagio - Prestissimo
Wolfgang Amadeus Mozart (1756- 1791)
Das Traumbild (L.H.C. Hölty). KV 530 An Chlog (J.G. Jacobi), KV 524 Abendempfindung (J.H. Campe), KV 523 Das Veilchen (J.W. Goethe). KV 476
Johann Valentin Gömer (1702 - 1762)
Ode an den Schlaf
Cambalo nach J. Rückers von Bruce Kennedy, Fortepiano nach J.A Stein von Monika May
Blaue Programme als Eintrittkarten zu Fr. 40.-/20.- bei Musik Hug AG, Freie Strasse 70. Tel. 061-271 23 23 und an der Abendkasse Reinerlös zu Gunsten des Stipendienfonds]]></page>
       
        </p>
    </body>
  </text>
</TEI>
