<?xml version="1.0" encoding="UTF-8"?>
<?xml-model href="http://www.tei-c.org/release/xml/tei/custom/schema/relaxng/tei_all.rng" schematypens="http://relaxng.org/ns/structure/1.0"?>
<TEI xmlns="http://www.tei-c.org/ns/1.0">
  <teiHeader>
    <fileDesc>
        <titleStmt>
            <title>BASEL</title>
        </titleStmt>
        <editionStmt>
            <edition>TEI P5.1 Edition</edition>
            <respStmt>
                <resp>
                    <persName>Claudio Bacciagaluppi</persName>
                    <persName>Laurent Pugin</persName>
                    <persName>Rodolfo Zitellini</persName>
                    <date when="2016-01">Janvier 2016</date>
                </resp>
                <name>Bureau Suisse du RISM</name>
            </respStmt>
        </editionStmt>
        <publicationStmt>
            <publisher><orgName xml:base="http://www.rism-ch.org">Bureau Suisse du RISM</orgName></publisher>
        </publicationStmt>
	    <seriesStmt>
	     <idno type="collection">ch_famb</idno>
	    </seriesStmt>
      <sourceDesc>
		<bibl>
        <title>Season<date when="19580217">17/02/1958</date></title>
<series>Season</series>
<placeName>Basel, Hans Huber-Saal des Stadtcasinos Basel</placeName>
<orgName role="holding">Archiv des Vereins Freunde alter Musik Basel; <link target="http://famb.ch/"/></orgName>

		</bibl>
      </sourceDesc>
    </fileDesc>
  </teiHeader>
  <text>
    <body>
        <p> <!-- all the content of the program in one paragraph -->
            <pb facs="CH_Bm_prg/pyr_CH_Bm_prg-0045.tif"/>
<date when="19580217"/>
<name key="Boismortier, Joseph Bodin de" type="person" role="cmp">Boismortier, Joseph Bodin de</name>
<name key="Geminiani, Francesco" type="person" role="cmp">Geminiani, Francesco</name>
<name key="Kuhnau, Johann" type="person" role="cmp">Kuhnau, Johann</name>
<name key="Bach, Johann Sebastian" type="person" role="cmp">Bach, Johann Sebastian</name>
<name key="Filtz, Anton" type="person" role="cmp">Filtz, Anton</name>
<name key="Macque, Giovanni de" type="person" role="cmp">Macque, Giovanni de</name>
<name key="Philips, Peter" type="person" role="cmp">Philips, Peter</name>
<name key="Byrd, William" type="person" role="cmp">Byrd, William</name>
<name key="Frescobaldi, Girolamo Alessandro" type="person" role="cmp">Frescobaldi, Girolamo</name>
<name key="Tomkins, Thomas" type="person" role="cmp">Tomkins, Thomas</name>
<name key="Froberger, Johann Jacob" type="person" role="cmp">Froberger, Johann Jacob</name>
<name key="Noordt, Anthon van" type="person" role="cmp">Noordt, Anthon van</name>
<name key="Kerll, Johann Kaspar" type="person" role="cmp">Kerll, Johann Kaspar</name>
<name key="Anglebert, Jean-Henry d'" type="person" role="cmp">Anglebert, Jean-Henry d'</name>
<name key="Purcell, Henry" type="person" role="cmp">Purcell, Henry</name>
<name key="Schütz, Heinrich" type="person" role="cmp">Schütz, Heinrich</name>
<name key="Telemann, Georg Philipp" type="person" role="cmp">Telemann, Georg Philipp</name>
<name key="Graun, Johann Gottlieb" type="person" role="cmp">Graun, Johann Gottlieb</name>
<name key="Quantz, Johann Joachim" type="person" role="cmp">Quantz, Johann Joachim</name>
<name key="Guillemain, Louis-Gabriel" type="person" role="cmp">Guillemain, Louis-Gabriel</name>
<name key="Telemann, Georg Philipp" type="person" role="cmp">Telemann, Georg Philipp</name>
<name key="Handel, George Frideric" type="person" role="cmp">Händel, Georg Friedrich</name>
<name key="Bach, Johann Sebastian" type="person" role="cmp">Bach, Johann Sebastian</name><name key="Wenzinger, August" type="person" role="int">Wenzinger, August</name>
<name key="Müller, Hannelore" type="person" role="int">Müller, Hannelore</name>
<name key="Neumeyer, Fritz" type="person" role="int">Neumeyer, Fritz</name>
<name key="Leonhardt, Gustav" type="person" role="int">Leonhardt, Gustav</name>
<name key="Graf, Hedy" type="person" role="int">Graf, Hedy</name>
<name key="Cugini, Irma" type="person" role="int">Cugini, Irma</name>
<name key="Huber, Lydia" type="person" role="int">Huber, Lydia</name>
<name key="Naef, Nelly" type="person" role="int">Naef, Nelly</name>
<name key="Hitzig, Verena" type="person" role="int">Hitzig, Verena</name>
<name key="Schweri, Magda" type="person" role="int">Schweri, Magda</name>
<name key="Dietiker, Hans" type="person" role="int">Dietiker, Hans</name>
<name key="Gnehm, Hans" type="person" role="int">Gnehm, Hans</name>
<name key="Meili, Max" type="person" role="int">Meili, Max</name>
<name key="Lichtensteiger, Willy" type="person" role="int">Lichtensteiger, Willy</name>
<name key="Bisegger, Ronald" type="person" role="int">Bisegger, Ronald</name>
<name key="Ritter, Antonio" type="person" role="int">Ritter, Antonio</name>
<name key="Corti, Ottavio" type="person" role="int">Corti, Ottavio</name>
<name key="Schoop, Hans" type="person" role="int">Schoop, Hans</name>
<name key="Langbein, Brenton" type="person" role="int">Langbein, Brenton</name>
<name key="Guignard, Eric" type="person" role="int">Guignard, Eric</name>
<name key="Voerkel, Hermann" type="person" role="int">Voerkel, Hermann</name>
<name key="Bächtold, Emil" type="person" role="int">Bächtold, Emil</name>
<name key="Linde, Hans-Martin" type="person" role="int">Linde, Hans-Martin</name>
<name key="Bopp, Joseph" type="person" role="int">Bopp, Joseph</name>
<name key="Felicani, Rodolfo" type="person" role="int">Felicani, Rodolfo</name>
<name key="Wenzinger, August" type="person" role="int">Wenzinger, August</name>
<name key="Müller, Hannelore" type="person" role="int">Müller, Hannelore</name>
<name key="Kägi, Valerie" type="person" role="int">Kägi, Valerie</name>
<name key="Winschermann, Helmut" type="person" role="int">Winschermann, Helmut</name>
<name key="Linde, Hans-Martin" type="person" role="int">Linde, Hans-Martin</name>
<name key="Bopp, Joseph" type="person" role="int">Bopp, Joseph</name>
<name key="Felicani, Rodolfo" type="person" role="int">Felicani, Rodolfo</name>
<name key="Kägi, Walter" type="person" role="int">Kägi, Walter</name>
<name key="Neininger, Wolfgang" type="person" role="int">Neininger, Wolfgang</name>
<name key="Heman, Christine" type="person" role="int">Heman, Christine</name>
<name key="Leisinger, Heidi" type="person" role="int">Leisinger, Heidi</name>
<name key="Majer, Marianne" type="person" role="int">Majer, Marianne</name>
<name key="Wenzinger, August" type="person" role="int">Wenzinger, August</name>
<name key="Viale, Angelo" type="person" role="int">Viale, Angelo</name>
<name key="Müller, Eduard" type="person" role="int">Müller, Eduard</name><title>Season</title>
<placeName key="Basel, Hans Huber-Saal des Stadtcasinos Basel"/>
<name key="Season" type="series"/>
<page><![CDATA[﻿$teuni>e alteciTtuftf in Bafel
               GENERALPROGRAMM
                      1958
]]></page>
<pb facs="CH_Bm_prg/pyr_CH_Bm_prg-0046.tif"/>
<page><![CDATA[﻿Sehr geehrte Damen und Herren!
DAS Generalprogramm 1958 verspricht Musik aus dem 17. und 18. Jahrhundert oder genauer aus der Epoche, die etwa mit Schützens Geburtstag (1585) beginnt und mit Bachs Todesjahr (1750) zu Ende geht. Diese Epoche, die als die Zeit des Barocks, oder, mit einem musiktechnischen Ausdruck, als das Generalbaßzeitalter bezeichnet werden kann, scheint uns in ihren musikalischen Äußerungen bekannt zu sein. Und doch gibt es auch hier noch viel Unbekanntes zu entdecken. Verborgene Schätze auszugraben, unbeachtete Schönheit ans Licht zu ziehen und den Menschen unserer Zeit nahezubringen, betrachten die Freunde alter Musik auch im neuen Jahre als das wichtigste Ziel ihrer Tätigkeit.
  Im 17. und 18. Jahrhundert wetteiferten verschiedene Nationen miteinander um die Führung des Musiklebens. In unseren Programmen sind Komponisten aus fünf Ländern vertreten: der Niederländer van Noordt, die Engländer Byrd und Philips, die Italiener Frescobaldi und Geminiani, die Franzosen d’Anglebert, Boismortier und Guillemain und die Deutschen Schütz, Froberger, Kerll, Kuh-nau, Telemann, Bach, Händel, Quantz, Graun und Filtz. Berühmte, jedem Musikfreund vertraute Namen stehen in dieser Reihe neben unbekannten, aber nicht unbedeutenden. Der Hörer wird zum Vergleichen aufgefordert und erhält Gelegenheit, immer wieder Entdeckungen zu machen.
  Die Noten, die uns von den Komponisten hinterlassen sind, werden erst durch den Klang zu lebendigen Kunstwerken. Die Freunde alter Musik suchen in ihren Konzerten dem ursprünglichen Klang
nahezukommen. Sie sind überzeugt, daß er einen wesentlichen Bestandteil der alten Musik darstellt. Singstimmen beherrschen das Schützkonzert in der Martinskirche. Bei den Streichinstrumenten in alter Mensur tritt neben der Viola da gamba das Violoncello, das sich in der Bachzeit selbständig macht, in den Vordergrund. Die Blockflöte steht der Traversflöte, der Flöte aus der Zeit Friedrichs des Großen, gegenüber, einmal sogar im gleichen Stück, und einen neuen Klang bei den Blasinstrumenten bringt erstmals eine Barock-Oboe. Bei den Klavierinstrumenten vertritt ein Cembalo den Typus des 17. und ein zweites den des 18. Jahrhunderts.
  Die Freunde alter Musik hoffen, ihren Mitgliedern und Konzertbesuchern wieder gehaltvolle Abende zu verschaffen. Wer in den Genuß der Konzerte kommen will, wird am vorteilhaftesten Mitglied unseres Vereins oder bestellt sich frühzeitig Karten im Musikhaus Hug.
DER VORSTAND DER «FREUNDE ALTER MUSIK IN BASEL»
Dr. Jean Druey (Präsident)
Prof. Dr. Werner Kaegi (Vizepräsident)
Dr. Karl Hoffmann (Kassier)
Frau Trudi Hoffmann-Boiler (Aktuarin)
Fräulein Edith Büchi (Sekretärin)
Paul Baumgartner Dr. med. Ernst Buchmann Dr. Paul Gessler Dr. David Linder Dr. Walter Nef Dr. h. c. Paul Sacher Frau Elisabeth Stalder-Suter Frau Antoinette Vischer Alfred Von der Mühll Frau Hildegard Zai
Mitglied
können Sie mit einem Jahresbeitrag von 15 Franken werden (Personen unter 20 Jahren, Studenten und Berufsschüler der Musik-Akademie der Stadt Basel zahlen 10 Franken). Als Mitglied haben Sie freien Eintritt zu den vier Konzerten des Vereins und das Vorbezugsrecht auf eine ermäßigte Einzelkarte zum Extrakonzert.
Freimitglied
werden Sie durch einen Jahresbeitrag von mindestens 40 Franken. Dieser höhere Beitrag hilft dem Verein, die dringend notwendigen Mittel zur Durchführung größerer Konzerte bereitzustellen, und gibt Ihnen freien Eintritt zu sämtlichen Konzerten.
iJMitgliederbeiträgefür 1958
bitten wir möglichst bald auf unser Postcheckkonto Basel V 16145 einzahlen zu wollen, damit wir Ihnen die Mitgliederkarte, die als Ausweis zum freien Eintritt in die Konzerte gilt, noch vor dem I. Konzert zustellen können. Wir nehmen an, daß es Mitgliedern, die bis 10. Februar 1958 ihren Beitrag nicht bezahlt haben, angenehmer ist, wenn er per Postnachnahme erhoben wird.
c_Anmeldungen zur Mitgliedschaft^
sind zu richten an Frau Trudi Hoffmann-Boller, Allschwilerweg 53, Binningen, Telephon 38 61 35.]]></page>
<pb facs="CH_Bm_prg/pyr_CH_Bm_prg-0047.tif"/>
<page><![CDATA[﻿ Montag, den 17. Februar, 20.15 Uhr, im Hans-Huber-Saal des Stadtcasinos
Musik für Violoncello und Cembalo
 Boismortier, Geminiani, Kuhnau, Bach, Filtz
 August Wenzinger, Hannelore Müller (Violoncello),
 Fritz Neumeyer, Freiburg im Breisgau (Cembalo)
  II
 Sonntag, den 16. März, 20.15 Uhr, im Großen Saal der Musik-Akademie
Cembalomusik des 17. Jahrhunderts
 Philips, Byrd, Frescobaldi, van Noordt, Froberger, Kerll, d'Anglebert Gustav Leonhardt, Amsterdam (Cembalo)
  III
 Sonntag, den 20. April, 20.15 Uhr, in der Martinskirche
Heinrich Schütz: Auferstehungshistorie
 Collegium Cantorum Turicense Leitung: Max Meili
 IV
 Im September, im Hans-Huber-Saal des Stadtcasinos
Kammermusik mit Blockflöte und Traversflöte f*
 Telemann, Graun, Quantz, Guillemain
 Schola Cantorum Basiliensis:
 Hans-Martin Linde (Blockflöte), Joseph Bopp (Traversflöte), Rodolfo Felicani (Violine),
 August Wenzinger, Hannelore Müller (Viola da gamba),
 Valerie Kägi (Cembalo)
EXTRAKONZERT
 Im November, im Hans-Huber-Saal des Stadtcasinos
Konzerte der Bachzeit ^
 Telemann: Konzert für Blockflöte und Viola da gamba; Händel: Oboenkonzert;
 Bach: Konzert für Traversflöte, Violine und Cembalo
 Helmut Winschermann, Detmold (Oboe) und die verstärkte Konzertgruppe der Schola Cantorum Basiliensis:
 Hans-Martin Linde (Blockflöte),
 Joseph Bopp (Traversflöte),
 Rodolfo Felicani, Walter Kägi, Wolfgang Neininger, Christine Heman (Violine),
 Marianne Majer (Bratsche),
 August Wenzinger (Viola da gamba),
 Eduard Müller (Cembalo)
 Verantwortlich für die Aufführung:
 August Wenzinger
 Der auf der Titelseite abgebildete alte Holzschnitt gehört Jan Tschichold, dem wir auch die Angaben fiir die Drucldegung dieses Programms verdanken]]></page>
       
        </p>
    </body>
  </text>
</TEI>
