<?xml version="1.0" encoding="UTF-8"?>
<?xml-model href="http://www.tei-c.org/release/xml/tei/custom/schema/relaxng/tei_all.rng" schematypens="http://relaxng.org/ns/structure/1.0"?>
<TEI xmlns="http://www.tei-c.org/ns/1.0">
  <teiHeader>
    <fileDesc>
        <titleStmt>
            <title>BASEL</title>
        </titleStmt>
        <editionStmt>
            <edition>TEI P5.1 Edition</edition>
            <respStmt>
                <resp>
                    <persName>Claudio Bacciagaluppi</persName>
                    <persName>Laurent Pugin</persName>
                    <persName>Rodolfo Zitellini</persName>
                    <date when="2016-01">Janvier 2016</date>
                </resp>
                <name>Bureau Suisse du RISM</name>
            </respStmt>
        </editionStmt>
        <publicationStmt>
            <publisher><orgName xml:base="http://www.rism-ch.org">Bureau Suisse du RISM</orgName></publisher>
        </publicationStmt>
	    <seriesStmt>
	     <idno type="collection">ch_famb</idno>
	    </seriesStmt>
      <sourceDesc>
		<bibl>
        <title>Concert<date when="19711021">21/10/1971</date></title>
<series>Concert</series>
<placeName>Basel, Hans Huber-Saal des Stadtcasinos Basel</placeName>
<orgName role="holding">Archiv des Vereins Freunde alter Musik Basel; <link target="http://famb.ch/"/></orgName>

		</bibl>
      </sourceDesc>
    </fileDesc>
  </teiHeader>
  <text>
    <body>
        <p> <!-- all the content of the program in one paragraph -->
            <pb facs="CH_Bm_prg/pyr_CH_Bm_prg-1656.tif"/>
<date when="19711021"/>
<name key="Couperin, Louis" type="person" role="cmp">Couperin, Louis</name>
<name key="Boësset, Antoine de" type="person" role="cmp">Boësset, Antoine de</name>
<name key="Moulinié, Étienne" type="person" role="cmp">Moulinié, Étienne</name>
<name key="Metru, Nicolas" type="person" role="cmp">Metru, Nicolas</name>
<name key="Heudelinne, Louis" type="person" role="cmp">Heudelinne, Louis</name>
<name key="Boismortier, Joseph Bodin de" type="person" role="cmp">Boismortier, Joseph Bodin de</name>
<name key="Montéclair, Michel Pignolet de" type="person" role="cmp">Montéclair, Michel Pignolet de</name><name key="Huber, Kurt" type="person" role="int">Huber, Kurt</name>
<name key="Wenzinger, August" type="person" role="int">Wenzinger, August</name>
<name key="Müller, Hannelore" type="person" role="int">Müller, Hannelore</name>
<name key="Scheidegger, Rudolf" type="person" role="int">Scheidegger, Rudolf</name><title>Concert</title>
<placeName key="Basel, Hans Huber-Saal des Stadtcasinos Basel"/>
<name key="Concert" type="series"/>
<page><![CDATA[﻿FREUNDE ALTER MUSIK IN BASEL
1.	KONZERT
Freitag, 2>. Oktober 1971, 20.15 Unr Hans Huber-Saal
AIRS de COUR
Ausfuhrende:
Kurt Huber (Tenor)
Das Viola da Gamba Trio der Schola Cantoruin Basiliensis:
August Wenzinger (Diskantviole)
Hannelore Müller (Bassviole)
Rudolf Scheidegger (Cembalo)
Programm gratis Text 80 Rar>pen]]></page>
<pb facs="CH_Bm_prg/pyr_CH_Bm_prg-1657.tif"/>
<page><![CDATA[﻿PROGRAMM
Louis Couperin um 162^-1661.
Drei Airs de cour: Antoine de Boesset
1586-1643
Etienne Moulinio um l600-nacn I669
Nicolas Metru 17. Jh.
Drei Airs ä boire: Etienne Moulinie
Louis Reudelinne um 1700
Fantasie in d für Diskantviole Bassviole und Generalbass
Sinfonie in d
Pr »lude in g für Cembalo
Sinfonie in F für Diskantviole Bassviole und Generalbass
"N'esp^rez plus, mes yeuy" (1642)
"Celle qui tient ma douce liberte" (1633)
"H^las, je n'en puis plus"
Fantasie Nr.18 in F für Diskantviole und Bassviole
"Amy, quittons cett’humeur noire"
(1655)
"Vous que le Dieu Baccus"
"Peut-on trouver un medecin"
Suite Nr.2 in A-d.ur für Diskantviole und Generalbass (Cembalo und Rassviole) (V/Ol):
   Pr^lude / Allemande / Courante / Sa rab a n d e / Gi g 1 e
Pause
Josepn Bodin de Boismortier uro 1691-1755
Michel Pignolet de Monteclair 1667-1737
Suite Nr.2 in G-dur für Cembalo (1736):
   La Serenissime/La Gauloise-La Rustique/La Choquante
"Pan et Syrinx"
Kantate für Tenor, Diekant-viole, Bassviole und Generalbass
Die verwendeten Instrumente:
       Diskantviole von Eugen Sprenger, Frankfurt 193^ Rassviole von Jakobus Stainer, Absam 1673 Cembalo von Rainer Schütze, Heidelberg 1970]]></page>
<pb facs="CH_Bm_prg/pyr_CH_Bm_prg-1658.tif"/>
<page><![CDATA[﻿]]></page>
       
        </p>
    </body>
  </text>
</TEI>
