<?xml version="1.0" encoding="UTF-8"?>
<?xml-model href="http://www.tei-c.org/release/xml/tei/custom/schema/relaxng/tei_all.rng" schematypens="http://relaxng.org/ns/structure/1.0"?>
<TEI xmlns="http://www.tei-c.org/ns/1.0">
  <teiHeader>
    <fileDesc>
        <titleStmt>
            <title>BASEL</title>
        </titleStmt>
        <editionStmt>
            <edition>TEI P5.1 Edition</edition>
            <respStmt>
                <resp>
                    <persName>Claudio Bacciagaluppi</persName>
                    <persName>Laurent Pugin</persName>
                    <persName>Rodolfo Zitellini</persName>
                    <date when="2016-01">Janvier 2016</date>
                </resp>
                <name>Bureau Suisse du RISM</name>
            </respStmt>
        </editionStmt>
        <publicationStmt>
            <publisher><orgName xml:base="http://www.rism-ch.org">Bureau Suisse du RISM</orgName></publisher>
        </publicationStmt>
	    <seriesStmt>
	     <idno type="collection">ch_famb</idno>
	    </seriesStmt>
      <sourceDesc>
		<bibl>
        <title>Concert<date when="19480322">22/03/1948</date></title>
<series>Concert</series>
<placeName>Basel, Vortragssaal des Kunstmuseums</placeName>
<orgName role="holding">Archiv des Vereins Freunde alter Musik Basel; <link target="http://famb.ch/"/></orgName>

		</bibl>
      </sourceDesc>
    </fileDesc>
  </teiHeader>
  <text>
    <body>
        <p> <!-- all the content of the program in one paragraph -->
            <pb facs="CH_Bm_prg/pyr_CH_Bm_prg-0619.tif"/>
<date when="19480322"/>
<name key="Veracini, Antonio" type="person" role="cmp">Veracini, Antonio</name>
<name key="Gabrielli, Domenico" type="person" role="cmp">Gabrielli, Domenico</name>
<name key="Lonati, Carlo Ambrogio" type="person" role="cmp">Lonati, Carlo Ambrogio</name>
<name key="Pergolesi, Giovanni Battista" type="person" role="cmp">Pergolesi, Giovanni Battista</name>
<name key="Locatelli, Pietro Antonio" type="person" role="cmp">Locatelli, Pietro Antonio</name><name key="Felicani, Rodolfo" type="person" role="int">Felicani, Rodolfo</name>
<name key="Wenzinger, August" type="person" role="int">Wenzinger, August</name>
<name key="Kägi, Valerie" type="person" role="int">Kägi, Valerie</name><title>Concert</title>
<placeName key="Basel, Vortragssaal des Kunstmuseums"/>
<name key="Concert" type="series"/>
<page><![CDATA[﻿Freunde alter Musik in Basel
Mjmhnurt
illililitiiüht Stnaltn
                                          Montag, 22. Mürz 1948, 20.15 Uhr Vortragssaal des Kunstmuseums (Eingang Dufourstrafje)
                                    Schola Cantorum Basiliensis
                                             Rodolfo Felicani (Violine) August Wenzinger (Violoncello) Valerie Kägi (Cembalo)
Programm 30 Cts.
Eintritt für Mitglieder frei, für Nichtmitglieder Fr. 3.30 im Vorverkauf bei Hug & Co., Freiestraße 70 a, und an ci )r Abendkasse.
Jahresbeitrag für Mitglieder Fr. 10.-, für Freimitglieder Fr. 25.-, für Personen unter 20 Jahren, Studenten, interne Konservatoristen und Berufsschüler der Schola Cantorum Basiliensis Fr. 5.-. Anmeldung zur Mitgliedschaft an die Aktuarin, Frau E. Stalder-Suter, Missionsstraße 31, Basel.]]></page>
       
        </p>
    </body>
  </text>
</TEI>
