<?xml version="1.0" encoding="UTF-8"?>
<?xml-model href="http://www.tei-c.org/release/xml/tei/custom/schema/relaxng/tei_all.rng" schematypens="http://relaxng.org/ns/structure/1.0"?>
<TEI xmlns="http://www.tei-c.org/ns/1.0">
  <teiHeader>
    <fileDesc>
        <titleStmt>
            <title>BASEL</title>
        </titleStmt>
        <editionStmt>
            <edition>TEI P5.1 Edition</edition>
            <respStmt>
                <resp>
                    <persName>Claudio Bacciagaluppi</persName>
                    <persName>Laurent Pugin</persName>
                    <persName>Rodolfo Zitellini</persName>
                    <date when="2016-01">Janvier 2016</date>
                </resp>
                <name>Bureau Suisse du RISM</name>
            </respStmt>
        </editionStmt>
        <publicationStmt>
            <publisher><orgName xml:base="http://www.rism-ch.org">Bureau Suisse du RISM</orgName></publisher>
        </publicationStmt>
	    <seriesStmt>
	     <idno type="collection">ch_famb</idno>
	    </seriesStmt>
      <sourceDesc>
		<bibl>
        <title>Concert<date when="19610509">09/05/1961</date></title>
<series>Concert</series>
<placeName>Basel, Münstersaal des Bischofshofs</placeName>
<orgName role="holding">Archiv des Vereins Freunde alter Musik Basel; <link target="http://famb.ch/"/></orgName>

		</bibl>
      </sourceDesc>
    </fileDesc>
  </teiHeader>
  <text>
    <body>
        <p> <!-- all the content of the program in one paragraph -->
            <pb facs="CH_Bm_prg/pyr_CH_Bm_prg-1266.tif"/>
<date when="19610509"/>
<name key="Beethoven, Ludwig van" type="person" role="cmp">Beethoven, Ludwig van</name><name key="Felicani, Rodolfo" type="person" role="int">Felicani, Rodolfo</name>
<name key="Wenzinger, August" type="person" role="int">Wenzinger, August</name>
<name key="Baumgartner, Paul" type="person" role="int">Baumgartner, Paul</name><title>Concert</title>
<placeName key="Basel, Münstersaal des Bischofshofs"/>
<name key="Concert" type="series"/>
<page><![CDATA[﻿Smmfce alter flltifft in Safel
 Extrakonzert
 Dienstag, dien 9. Mai 1961, 20.15 Uhr, im Münstersaal des Bischofshofs
Musik von Beethoven mit Hammerflügel
                                          Schola Cantorum Basiliensis:
 Rodolfo Felicani (Violine), August Wenzinger (Violoncello), Paul Baumgartner (Hammerflügel)
Sonate A-dur, op. 69, für Violoncello und Klavier (1807/08) Allegro, ma non tanto / Scherzo (Allegro molto) / Adagio cantabile -Allegro vivace
                                             Dem Freiherm Ignaz v. Gleichenstein gewidmet
                                       Sonate D-dur, op. 10, Nr. 3, für Klavier (1798)
                                         Presto / Largo e mesto / Menuetto (Allegro) / Rondo (Allegro)
                                            Der Gräfin Anna Margarete v. Browne gewidmet
                           PAUSE
                                       Trio Es-dw, op. 1, Nr. 1, für Violine, Violoncello und Klavier (1794/95)
                                           Allegro / Adagio cantabile / Scherzo (Allegro assai) / Finale (Presto) Dem Fürsten Carl v. Lichnowsky gewidmet
                                       Die verwendeten Instrumente:
Violine Andreas Guarnerius, Cremona 1685 / Violoncello Joseph Guamerius filius Andreae, Cremona 1713 /
 Hammerflügel Conrad Graf, Wien um 1820
Ludwig van Beethoven
1770-1827
Programm 30 Rappen]]></page>
       
        </p>
    </body>
  </text>
</TEI>
