<?xml version="1.0" encoding="UTF-8"?>
<?xml-model href="http://www.tei-c.org/release/xml/tei/custom/schema/relaxng/tei_all.rng" schematypens="http://relaxng.org/ns/structure/1.0"?>
<TEI xmlns="http://www.tei-c.org/ns/1.0">
  <teiHeader>
    <fileDesc>
        <titleStmt>
            <title>BASEL</title>
        </titleStmt>
        <editionStmt>
            <edition>TEI P5.1 Edition</edition>
            <respStmt>
                <resp>
                    <persName>Claudio Bacciagaluppi</persName>
                    <persName>Laurent Pugin</persName>
                    <persName>Rodolfo Zitellini</persName>
                    <date when="2016-01">Janvier 2016</date>
                </resp>
                <name>Bureau Suisse du RISM</name>
            </respStmt>
        </editionStmt>
        <publicationStmt>
            <publisher><orgName xml:base="http://www.rism-ch.org">Bureau Suisse du RISM</orgName></publisher>
        </publicationStmt>
	    <seriesStmt>
	     <idno type="collection">ch_famb</idno>
	    </seriesStmt>
      <sourceDesc>
		<bibl>
        <title>Concert<date when="19691202">02/12/1969</date></title>
<series>Concert</series>
<placeName>Basel, Hans Huber-Saal des Stadtcasinos Basel</placeName>
<orgName role="holding">Archiv des Vereins Freunde alter Musik Basel; <link target="http://famb.ch/"/></orgName>

		</bibl>
      </sourceDesc>
    </fileDesc>
  </teiHeader>
  <text>
    <body>
        <p> <!-- all the content of the program in one paragraph -->
            <pb facs="CH_Bm_prg/pyr_CH_Bm_prg-1616.tif"/>
<date when="19691202"/>
<name key="Bach, Johann Christian" type="person" role="cmp">Bach, Johann Christian</name>
<name key="Mozart, Wolfgang Amadeus" type="person" role="cmp">Mozart, Wolfgang Amadeus</name>
<name key="Weber, Carl Maria von" type="person" role="cmp">Weber, Carl Maria von</name><name key="Neumeyer, Fritz" type="person" role="int">Neumeyer, Fritz</name>
<name key="Junghanns, Rolf" type="person" role="int">Junghanns, Rolf</name><title>Concert</title>
<placeName key="Basel, Hans Huber-Saal des Stadtcasinos Basel"/>
<name key="Concert" type="series"/>
<page><![CDATA[﻿           FREUNDE ALTER MUSIK IN BASEL
                    2. KONZERT Dienstag, 2. Dezember 1969 > 20.15 Uhr im Hans Huber-Saal
KLAVIERMUSIK ZU VIER HAENDEN
                FRITZ NEUMEYER ROLF JUNGHANNS
               Freiburg im Breisgau
P r o g r a m 50 Rappen Eintritt für Mitglieder frei*
Karten für Nichtmitglieder zu Fr. 6,90 (Jugendliche, Studenten und Berufsschüler der Musik-Akademie Fr. 4.— bei Hug & Co., Freie Strasse 70a, und an der Abendkasse Umtausch der Nitoba-Lose bis 29. November nur bei Hug & Co.]]></page>
<pb facs="CH_Bm_prg/pyr_CH_Bm_prg-1617.tif"/>
<page><![CDATA[﻿         Programm
Johann Christian Bach	Sonate A-d.ur, op.18, Nr.5 (um 1780)
1735-1782	Allegretto / Tempo di Menuetto
Wolfgang Amadeus Mozart Sonate C-dur. KV 521 (1787) 1756-1791	Allegro / Andante / Allegretto
           Pause
Carl Maria von Weber	"Huit Pieces", op.60 (1818/19)
1786-1826	Moderato
                              Allegro
                              Adagio
                              Allegro, tutto ben marcato Alla Siciliana. Allegro Tema variato. Andante Marcia. Meastoso Rondo. Vivace scherzanao
Die verwendeten Instrumente
Hammerflügel Jean—Andre Stein, Augsburg 1791/92, und Nannette Streicher, nee Stein, Wien 1816,]]></page>
<pb facs="CH_Bm_prg/pyr_CH_Bm_prg-1618.tif"/>
<page><![CDATA[﻿]]></page>
       
        </p>
    </body>
  </text>
</TEI>
