<?xml version="1.0" encoding="UTF-8"?>
<?xml-model href="http://www.tei-c.org/release/xml/tei/custom/schema/relaxng/tei_all.rng" schematypens="http://relaxng.org/ns/structure/1.0"?>
<TEI xmlns="http://www.tei-c.org/ns/1.0">
  <teiHeader>
    <fileDesc>
        <titleStmt>
            <title>BASEL</title>
        </titleStmt>
        <editionStmt>
            <edition>TEI P5.1 Edition</edition>
            <respStmt>
                <resp>
                    <persName>Claudio Bacciagaluppi</persName>
                    <persName>Laurent Pugin</persName>
                    <persName>Rodolfo Zitellini</persName>
                    <date when="2016-01">Janvier 2016</date>
                </resp>
                <name>Bureau Suisse du RISM</name>
            </respStmt>
        </editionStmt>
        <publicationStmt>
            <publisher><orgName xml:base="http://www.rism-ch.org">Bureau Suisse du RISM</orgName></publisher>
        </publicationStmt>
	    <seriesStmt>
	     <idno type="collection">ch_famb</idno>
	    </seriesStmt>
      <sourceDesc>
		<bibl>
        <title>Concert<date when="19610120">20/01/1961</date></title>
<series>Concert</series>
<placeName>Basel, Grosser Saal der Musik-Akademie</placeName>
<orgName role="holding">Archiv des Vereins Freunde alter Musik Basel; <link target="http://famb.ch/"/></orgName>

		</bibl>
      </sourceDesc>
    </fileDesc>
  </teiHeader>
  <text>
    <body>
        <p> <!-- all the content of the program in one paragraph -->
            <pb facs="CH_Bm_prg/pyr_CH_Bm_prg-1255.tif"/>
<date when="19610120"/>
<name key="Encina, Juan del" type="person" role="cmp">Encina, Juan del</name>
<name key="Vasquez, Juan" type="person" role="cmp">Vasquez, Juan</name>
<name key="Cabezón, Antonio de" type="person" role="cmp">Cabezón, Antonio de</name>
<name key="Torre, Francisco de la" type="person" role="cmp">Torre, Francisco de la</name>
<name key="Ortiz, Diego" type="person" role="cmp">Ortiz, Diego</name>
<name key="Victoria, Tomás Luis de" type="person" role="cmp">Victoria, Tomás Luis de</name>
<name key="Coelho, Manuel Rodrigues" type="person" role="cmp">Coelho, Manuel Rodrigues</name>
<name key="Soler, Antonio" type="person" role="cmp">Soler, Antonio</name><name key="Felicani, Rodolfo" type="person" role="int">Felicani, Rodolfo</name>
<name key="Neininger, Wolfgang" type="person" role="int">Neininger, Wolfgang</name>
<name key="Wenzinger, August" type="person" role="int">Wenzinger, August</name>
<name key="Müller, Hannelore" type="person" role="int">Müller, Hannelore</name>
<name key="Majer, Marianne" type="person" role="int">Majer, Marianne</name>
<name key="Koch, Johannes" type="person" role="int">Koch, Johannes</name>
<name key="Müller, Eduard" type="person" role="int">Müller, Eduard</name><title>Concert</title>
<placeName key="Basel, Grosser Saal der Musik-Akademie"/>
<name key="Concert" type="series"/>
<page><![CDATA[﻿              FREUNDE ALTER MUSIK IN BASEL
                          2.	Konzert
Freitag, den 20.Januar 1961, 20.15 Uhr, im Grossen Saal der Mus ik-Akademie
       SPANISCHE MUSIK
                       *********
Die Konzertgruppe der SCHOLA CANTORUM BASILIENSIS:
Rodolfo Felicani, Wolfgang Neininger (Violine),
August Wenzinger (Viola da gamba, Violoncello), Hannelore Müller (Viola da gamba), Marianne Majer (Viola da gamba, Bratsche), Johannes Koch (Viola da gamba),
                 Eduard Müller (Orgel)
Programm 30 Cts.
Eintritt für Mitglieder frei. Karten für Nichtmitglieder zu Fr.5.75 (Jugendliche, Studenten und Berufsschüler der Musik-Akademie bezahlen Fr.2.70) bei Hug & Co., Freiestrasse 70a, und an der Abendkasse.
]]></page>
<pb facs="CH_Bm_prg/pyr_CH_Bm_prg-1256.tif"/>
<page><![CDATA[﻿Juan del Encina
U68-1529
Instrumentalsätze (Violen da gamba)
Pues que jamas olvidaros
Gasajemonos de usia
Juan Vasquez 16.Jahrhundurt
               I	Ay, ay, que rabio y muero ! 0 dulce contemplaciön
                              Covarde caballero
Antonio de Cabezon	Zvei Orgelstucke
1510-1566
                             Diferencias sobre el canto llano del Caballero
                             Tiento del Quinto Tono
                             Instrumentalsätze Francisco de la Torre	Alta
um 1500	(dreistimmiger Tanzsatz)
Diego Ortiz	^ Doulce memoire
geb. um 1525	(verzierte Fassung der Chanson
                              von P.Sandrin) Recercada Nr. 2
Tomäs Luis de Victoria 15^8-1611
Vadam et circuibo (Oberstimme verziert von G.B .Bovicelli, 159*0
.Manuel Eodrigues Coelho geb. vor 1583 gest. nach 1623
Terceiro Tento do Sexto tom für Orgel
                Pause
Antonio ßoler 1729-1783
Quintett Mr. 5 in D-dur
für zwei Violinen,, Bratsche, Violoncello und Orgel
                              Cantabile / Allegro Presto / Menuetto / Rondo: Allegretto
 Die verwendeten Instrumente: jpiolinen in Originalmensur Joannes Varotti, Bologna 1788, ^nd Egidius Klotz, Mittenwald 1789 / Bratsche in Originalmensur Joseph Fichtel, Augsburg 1737 / Violoncello in Originalmensur Jakob Stainer, Absam I657 / 1 Diskant- und
 2	Tenorgamben Eugen Sprenger, Frankfurt a.M. / Bassgamben Jakob Stainer, Absam 1673, und Joachim Tielke, Hamburg I677]]></page>
<pb facs="CH_Bm_prg/pyr_CH_Bm_prg-1257.tif"/>
<page><![CDATA[﻿]]></page>
       
        </p>
    </body>
  </text>
</TEI>
