<?xml version="1.0" encoding="UTF-8"?>
<?xml-model href="http://www.tei-c.org/release/xml/tei/custom/schema/relaxng/tei_all.rng" schematypens="http://relaxng.org/ns/structure/1.0"?>
<TEI xmlns="http://www.tei-c.org/ns/1.0">
  <teiHeader>
    <fileDesc>
        <titleStmt>
            <title>BASEL</title>
        </titleStmt>
        <editionStmt>
            <edition>TEI P5.1 Edition</edition>
            <respStmt>
                <resp>
                    <persName>Claudio Bacciagaluppi</persName>
                    <persName>Laurent Pugin</persName>
                    <persName>Rodolfo Zitellini</persName>
                    <date when="2016-01">Janvier 2016</date>
                </resp>
                <name>Bureau Suisse du RISM</name>
            </respStmt>
        </editionStmt>
        <publicationStmt>
            <publisher><orgName xml:base="http://www.rism-ch.org">Bureau Suisse du RISM</orgName></publisher>
        </publicationStmt>
	    <seriesStmt>
	     <idno type="collection">ch_famb</idno>
	    </seriesStmt>
      <sourceDesc>
		<bibl>
        <title>Concert<date when="19821021">21/10/1982</date></title>
<series>Concert</series>
<placeName>Riehen, Reithalle des Wenkenhofs</placeName>
<orgName role="holding">Archiv des Vereins Freunde alter Musik Basel; <link target="http://famb.ch/"/></orgName>

		</bibl>
      </sourceDesc>
    </fileDesc>
  </teiHeader>
  <text>
    <body>
        <p> <!-- all the content of the program in one paragraph -->
            <pb facs="CH_Bm_prg/pyr_CH_Bm_prg-0483.tif"/>
<date when="19821021"/>
<name key="Arbeau, Thoinot" type="person" role="cmp">Arbeau, Thoinot</name>
<name key="Caroso, Fabritio" type="person" role="cmp">Caroso, Fabritio</name>
<name key="Negri, Cesare" type="person" role="cmp">Negri, Cesare</name>
<name key="Vecchi, Orazio Tiberio" type="person" role="cmp">Vecchi, Orazio Tiberio</name>
<name key="Ruffo, Vincenzo" type="person" role="cmp">Ruffo, Vincenzo</name>
<name key="Rore, Cipriano de" type="person" role="cmp">Rore, Cipriano de</name>
<name key="Gabrieli, Andrea" type="person" role="cmp">Gabrieli, Andrea</name>
<name key="Anonymus" type="person" role="cmp">Anonymus</name>
<name key="Riccio, Giovanni Battista" type="person" role="cmp">Riccio, Giovanni Battista</name>
<name key="Marini, Biagio" type="person" role="cmp">Marini, Biagio</name>
<name key="Orologio, Alessandro" type="person" role="cmp">Orologio, Alessandro</name><name key="Donelly, Laura" type="person" role="int">Donelly, Laura</name>
<name key="Pierce, Ken" type="person" role="int">Pierce, Ken</name>
<name key="Mancinelli, Steven" type="person" role="int">Mancinelli, Steven</name>
<name key="Perrin, Rebecca" type="person" role="int">Perrin, Rebecca</name>
<name key="Jacoby, Anne" type="person" role="int">Jacoby, Anne</name>
<name key="Garth, Charles" type="person" role="int">Garth, Charles</name>
<name key="Aldrich, Elisabeth" type="person" role="int">Aldrich, Elisabeth</name>
<name key="Proto, John" type="person" role="int">Proto, John</name>
<name key="Collver, Michael" type="person" role="int">Collver, Michael</name>
<name key="Huntgeburt, Christoph" type="person" role="int">Huntgeburt, Christoph</name>
<name key="Huntgeburt, Irmgard" type="person" role="int">Huntgeburt, Irmgard</name>
<name key="Jones, Sterling" type="person" role="int">Jones, Sterling</name>
<name key="Young, Crawford" type="person" role="int">Young, Crawford</name>
<name key="Ziltener, Alfred" type="person" role="int">Ziltener, Alfred</name><title>Concert</title>
<placeName key="Riehen, Reithalle des Wenkenhofs"/>
<name key="Concert" type="series"/>
<page><![CDATA[﻿Freunde Alter Musik in Basel
 "LE GRAUE D'AMORE" HOFTAENZE DER RENAISSANCE]]></page>
<pb facs="CH_Bm_prg/pyr_CH_Bm_prg-0484.tif"/>
<page><![CDATA[﻿MITWIRKENDE
The Court Dance Company of New York
Elizabeth Aldrlch	Steven Manclnelll
Laura Donnelly	Rebecca Perrln
Charles Garth	Ken Plerce
Ann Jacoby	John Proto
Choreographie und Leitung : Charles Garth
Instrumentallsten der Schola Cantorum Basiliensis
Michael Collver (Zink, Schlagzeug)
Christoph Huntgeburth (Flöte, Regal)
Irmgard Huntgeburth (Violine)
Sterling Jones (Viola da gamba, Drehleier) Crawford Young (Zupfinstrumente)
Leitung : Sterling Jones Ein Sprecher : Alfred Zlltener
Dienstag, den 7. Dezember 1982 Grösser Saal der Muslk-Akademle Basel
Musik für Violoncello und Fortepiano Beethoven, Schobert, Chopin (Anner Blj1sma, Jean Goverts)
Interessenten für eine Mitgliedschaft können sich an das Sekretariat der Freunde Alter Musik ln Basel, Leonhardsstr. 4, 4051 Basel, Tel. 061/25.57.22 Int. 21 wenden.

PROGRAMM
LE GRATIE D'AMORE
     "Belle qui tiens ma vie" Pavane/Galliarde
DIE LAENDLICHE LIEBE
     Suite de Branles
     Branle de la Guerre Branle des Pois Branle appele Aridan Branle des Lavandieres Branle de l’Official
     II Canario
      LIEBE UND JAGD
           La Caccia d'Amore
      INSTRUMENTALMUSIK
           Canzonetta La Gamba
           Anchor che col partire Canzona
+ HOEFISCHE LIEBE
           Adda Felice
           Suite aus der Intavolatura
           Bel Fiore/Pavane A la o/Galliarde Fusi pavana piana Pass 'e mezzo antico
            Pass 'e mezzo
      SIEGREICHE LIEBE
           Schwerttanz
Thoinot Arbeau (1519-c.1595)
Thoinot Arbeau
Fabritio Caroso (c.1526-c.1605) Cesare Negri (c.1536-c.1604)
       Giovanni Gastoldi (1550-1622) Cesare Negri
       Oratio Vecchi (1550-1605) Vincenzo Ruffo (c.1510-1587) Cipriano de Rore (1516-1585) Andrea Gabrieli (c.1510-1586)
       Cesare Negri nova Anonymus (1551)
       Fabritio Caroso
       Thoinot Arbeau
PAUSE]]></page>
<pb facs="CH_Bm_prg/pyr_CH_Bm_prg-0485.tif"/>
<page><![CDATA[﻿INSTRUMENTALMUSIK
     La Rubina
     Sinfonia
     Intvada
DIE TREUE IN DER LIEBE
     Gaillarde de la Garde Fedeltä d’amore Nido d’amore
DIE GRAUSAMKEIT DER LIEBE
     La battaglia
     So ben mi ch 'a bon tempo
DER TRIUMPH DER LIEBE
     A lieta vita Quasten-Galliarde
Antonio Riooio (o. 1540-1603) Biagio Marini (o.1597-1685) Alexander Orologio (c.1555-1633)
Anonymus Cesare Negri Fabritio Caroso
Cesare Negri
Orazio Veochi Cesare Negri
Thoinot Arbeau Cesare Negri
                   ***************
"So ben mi oh’a bon tempon und nIl Canario" wurden von Dr. Julia Sutton rekonstruiert; alle anderen Tänze von Charles Garth nach
Thoinot Arbeau Cesare Negri Fabritio Caroso
Texte von
Sir John Davies Thoinot Arbeau William Shakespeare Philip Stubbes
Orohesographie (1589)
Le gratie d’amore (1602)
II ballarino (1581) Nobiltä di dame (1600)
Orchestra or a Poem of Dancing (1594) Orchäsographie (1589)
Sonette CXXIX und CXXX
The Anatomie of Abuses (1593)

AUFFUEHRUNGEN
17.10.82	20.15 Uhr Frauenfeld
                      Katholisches Pfarreizentrum St. N1 kl aus Veranstalter : unter dem Patronat der Stadt Frauenfeld ln der Reihe "Frauenfelder Abendmus iken"
19.10.82	20.15 Uhr Ermatlngen
                     Ausbildungszentrum Wolfsberg der Schweizerischen Bankgesellschaft
21.10.82	20.15 Uhr Rlehen/Basel
                     Reithalle des Wenkenhofs
                     Veranstalter : Verein Freunde Alter Musik ln
                      Basel
22.10.82	20.15 Uhr Wetzlkon
                     Aula der Kantonsschule
                     Veranstalter : Musikcolleglum Zürcher Oberland
24.10.82	17.00 Uhr Luzern
                     Lichthof des Rltterschen Palastes Veranstalter : Freunde Alter Musik ln Luzern]]></page>
<pb facs="CH_Bm_prg/pyr_CH_Bm_prg-0486.tif"/>
<page><![CDATA[﻿Freunde Alter Musik Basel
SCHOIA
OMMTORUM
BASIUENS1S
DOCUMENTA
 fei
Jfc SCHOLA CANTORIM BASILIENSIS DOClMENTA
SCHOLA
CANTORUM
BASILIENSIS
DOCUMENTA
* SCHOLA CANTORIM BASILIENSIS DOCUMENTA
Virtuose Verzierungskunst um 1600
Italienische Diminutionen zwischen Renaissance und Barock.
Montserrat Figueras, Rene Jacobs, Kurt Widmer, Michel Piguet, Bruce Dickey, Jordi Savall, Aline Parker. Schallplattenkassette mit 2 LP
1C 165-99 895/96
Benedetto Marcello:
Der 50. Psalm
Aus der berühmten Sammlung „Estro Poetico-Armo-nico”, 1724-1726.
Rene Jacobs, Guy de Mey, Kurt Widmer, Jaap Schröder, Sterling Jones, Rolf Junghanns, Yasunori Ima-mura, Michael Jappe.
1C 065-99 899
Cantigas de Santa Maria
Marienlieder des spanischen Mittelalters. Montserrat Figueras, Josep Benet, Joaqium Proubasta, Guill6n Francesc.
Das Mittelalter-Ensemble der Schola Cantorum Basiliensis.
Leitung: Thomas Binkley 1C 065-99 898
t
ENE NEUE SCHALLRATTENR HARMONIA MUND
SC II OL \
CVNTORlM B V S11.1 K N SIS
DOCUMtN TA
 L> i K
SI I.BKRM \\ V 10RGEI. IM DOM ZI \RIKSHKIM
                                               ,;l
                                     SCHOLA CANTORIM B XSILIF.NS1S DOClMKNTA
 n.-PH. RAMEAl NOl \ Eli.ES SIITES DK PIECES DK CI. UECIN
SCIIOl. \ CWTORIM
B XSI1.IENSIS
Affetti Musicali
Weitgehend unveröffentlichte Instrumentalmusik venezianischer Meister der Monteverdi-Zeit (B. Marini D. Castello, B. de Selma).
Bruce Dickey (Zink), Charles Toet (Posaune), Dana Maiben (Violine), Alice Robbins (Violoncello), Frances Fitch (Cembalo, Orgel).
1C 065-99 917
Die Silbermann-Orgel im Dom zu Arlesheim
Die Arlesheimer Orgel gehört zu den besterhaltenen der großen Instrumente Johann Andreas Silbermanns. Das Programm enthält Werke des französischen Barocks und der deutschen Vorklassik (D’Anglebert, Grig-ny, Krebs).
Jean-Claude Zehnder (Orgel), Richard Erig (Barockoboe)
   065-99 916
J.-Ph. Rameau: Nouvelles Suites de Pieces de Clavecin (1728)
Eine vollständige Wiedergabe von Rameaus letzter großer Sammlung von Cembalo-Stücken gespielt auf einem Instrument des norddeutschen Meisters Martin Skowro-neck.
Alan Curtis (Cembalo)
1C 065-99 918]]></page>
<pb facs="CH_Bm_prg/pyr_CH_Bm_prg-0487.tif"/>
<page><![CDATA[﻿ERLAEUTERUNGEN ZU DEN TANZFORMEN
Pavane
Galliarde
#
Pass'e mezzo
Branles
Schwerttanz
Die Pavane ist ein höfischer Schreittanz von feierlichgravitätischem Charakter in geradem Takt. Die Entstehung dürfte ins erste Viertel des 16. Jahrhunderts fallen; seit der zweiten Hälfte des 16. Jahrhunderts wurde sie oft mit der Galliarde verbunden, einem etwas schnellerem Tanz im Dreiertakt, der in der Kombination mit der Pavane häufig deren melodisches Material, anders rhythmisiert ,' verwandte. Die Galliarde erscheint jedoch auch ohne Verbindung zur Pavane, wie die "Quasten-Gal-liarde", die sich durch eine besondere Vielfalt der Schrittfolgen auszeichnet; eine Eigenart dieses Tanzes ist die Quaste, die an einem Schwert hängt und von den Tänzern berührt werden muss.
Der Pass 'e mezzo ist der Pavane nahe verwandt, und gleichfalls ein langsamer, geradtaktiger Schreittanz. Man kannte zwei Haut>tformeü, den "Pass'e mezzo antico" und den "Pass'e mezzo moderno", die beide jeweils eine festgelegte harmonische Abfolge hatten. Ueber diese beiden Harmonimodelle wurden im 16./17. Jahrhundert zahlreiche Variationen für Laute und Tasteninstrumente geschrieben.
Branles sind eine Gruppe von volkstümlichen Tänzen, von denen vier Grundformen bekannt waren ; "Branle double" und "Branle simple" in geradem Takt und mässigem Tempo, "Branle gay" im Dreiertakt und rascherem Tempo und "Branle de Bourgogne" in gemischtem Takt (wechselnd gerader und Dreiertakt) und sehr schnellem Tempo. Die Schrittfolge ist einfach, die Tänzer haben die Gelegenheit, sich zu unterhalten und Szenen aus dem dörflichen Leben mimisch darzustellen (worauf auch die Titel der Tänze hindeuten).
Arbeaus Sehwerttanz schliesslich wird nur von Männern getanzt; dabei wied in stilisierter Weise ein Kampf mit Schwertern dargestellt - ein Spiel, das in ählicher Weise auch in zeitgenössischen Moresken und Fastnachtsspielen vorkam.
]]></page>
       
        </p>
    </body>
  </text>
</TEI>
