<?xml version="1.0" encoding="UTF-8"?>
<?xml-model href="http://www.tei-c.org/release/xml/tei/custom/schema/relaxng/tei_all.rng" schematypens="http://relaxng.org/ns/structure/1.0"?>
<TEI xmlns="http://www.tei-c.org/ns/1.0">
  <teiHeader>
    <fileDesc>
        <titleStmt>
            <title>BASEL</title>
        </titleStmt>
        <editionStmt>
            <edition>TEI P5.1 Edition</edition>
            <respStmt>
                <resp>
                    <persName>Claudio Bacciagaluppi</persName>
                    <persName>Laurent Pugin</persName>
                    <persName>Rodolfo Zitellini</persName>
                    <date when="2016-01">Janvier 2016</date>
                </resp>
                <name>Bureau Suisse du RISM</name>
            </respStmt>
        </editionStmt>
        <publicationStmt>
            <publisher><orgName xml:base="http://www.rism-ch.org">Bureau Suisse du RISM</orgName></publisher>
        </publicationStmt>
	    <seriesStmt>
	     <idno type="collection">ch_famb</idno>
	    </seriesStmt>
      <sourceDesc>
		<bibl>
        <title>Season<date when="19550131">31/01/1955</date></title>
<series>Season</series>
<placeName>Basel, Vortragssaal des Kunstmuseums</placeName>
<orgName role="holding">Archiv des Vereins Freunde alter Musik Basel; <link target="http://famb.ch/"/></orgName>

		</bibl>
      </sourceDesc>
    </fileDesc>
  </teiHeader>
  <text>
    <body>
        <p> <!-- all the content of the program in one paragraph -->
            <pb facs="CH_Bm_prg/pyr_CH_Bm_prg-0038.tif"/>
<date when="19550131"/>
<name key="Bach, Carl Philipp Emmanuel" type="person" role="cmp">Bach, Carl Philipp Emanuel</name>
<name key="Bach, Johann Christoph Friedrich" type="person" role="cmp">Bach, Johann Christoph Friedrich</name>
<name key="Bach, Wilhelm Friedemann" type="person" role="cmp">Bach, Wilhelm Friedemann</name>
<name key="Bach, Johann Christian" type="person" role="cmp">Bach, Johann Christian</name>
<name key="Marais, Marin" type="person" role="cmp">Marais, Marin</name>
<name key="Couperin, François" type="person" role="cmp">Couperin, François</name>
<name key="Forqueray, Jean-Baptiste" type="person" role="cmp">Forqueray, Jean-Baptiste</name>
<name key="Schenck, Johannes" type="person" role="cmp">Schenck, Johannes</name>
<name key="Graun, Johann Gottlieb" type="person" role="cmp">Graun, Johann Gottlieb</name>
<name key="Scheidt, Samuel" type="person" role="cmp">Scheidt, Samuel</name>
<name key="Franck, Melchior" type="person" role="cmp">Franck, Melchior</name>
<name key="Pfleger, Augustin" type="person" role="cmp">Pfleger, Augustin</name>
<name key="Schütz, Heinrich" type="person" role="cmp">Schütz, Heinrich</name>
<name key="Beethoven, Ludwig van" type="person" role="cmp">Beethoven, Ludwig van</name>
<name key="Telemann, Georg Philipp" type="person" role="cmp">Telemann, Georg Philipp</name>
<name key="Anonymus" type="person" role="cmp">Anonymus</name><name key="Bopp, Joseph" type="person" role="int">Bopp, Joseph</name>
<name key="Felicani, Rodolfo" type="person" role="int">Felicani, Rodolfo</name>
<name key="Majer, Marianne" type="person" role="int">Majer, Marianne</name>
<name key="Müller, Hannelore" type="person" role="int">Müller, Hannelore</name>
<name key="Kägi, Valerie" type="person" role="int">Kägi, Valerie</name>
<name key="Wenzinger, August" type="person" role="int">Wenzinger, August</name>
<name key="Müller, Hannelore" type="person" role="int">Müller, Hannelore</name>
<name key="Müller, Eduard" type="person" role="int">Müller, Eduard</name>
<name key="Crafoord, Jan" type="person" role="int">Crafoord, Jan</name>
<name key="Flügel, Gertrud" type="person" role="int">Flügel, Gertrud</name>
<name key="Viale, Angelo" type="person" role="int">Viale, Angelo</name>
<name key="Kägi, Valerie" type="person" role="int">Kägi, Valerie</name>
<name key="Nordenfelt, Eva" type="person" role="int">Nordenfelt, Eva</name>
<name key="Lohr, Ina" type="person" role="int">Lohr, Ina</name>
<name key="Neumeyer, Fritz" type="person" role="int">Neumeyer, Fritz</name>
<name key="Grehling, Ulrich" type="person" role="int">Grehling, Ulrich</name>
<name key="Wenzinger, August" type="person" role="int">Wenzinger, August</name>
<name key="Bopp, Joseph" type="person" role="int">Bopp, Joseph</name>
<name key="Haldemann, Hugo" type="person" role="int">Haldemann, Hugo</name>
<name key="Gold, Alexander" type="person" role="int">Gold, Alexander</name>
<name key="Felicani, Rodolfo" type="person" role="int">Felicani, Rodolfo</name>
<name key="Neininger, Wolfgang" type="person" role="int">Neininger, Wolfgang</name>
<name key="Heman, Christine" type="person" role="int">Heman, Christine</name>
<name key="Leisinger, Heidi" type="person" role="int">Leisinger, Heidi</name>
<name key="Majer, Marianne" type="person" role="int">Majer, Marianne</name>
<name key="Wenzinger, August" type="person" role="int">Wenzinger, August</name>
<name key="Viale, Angelo" type="person" role="int">Viale, Angelo</name>
<name key="Müller, Eduard" type="person" role="int">Müller, Eduard</name>
<name key="Meili, Max" type="person" role="int">Meili, Max</name>
<name key="Kägi, Valerie" type="person" role="int">Kägi, Valerie</name>
<name key="Wörsching, Fritz" type="person" role="int">Wörsching, Fritz</name>
<name key="Wenzinger, August" type="person" role="int">Wenzinger, August</name>
<name key="Rüegg, August" type="person" role="int">Rüegg, August</name><title>Season</title>
<placeName key="Basel, Vortragssaal des Kunstmuseums"/>
<name key="Season" type="series"/>
<page><![CDATA[﻿Freunde alter Musik in Basel
GENERALPROGRAMM 1955
Sehr geehrte Dame, sehr geehrter Herr,
  Wir beehren uns, Ihnen das Generalprogramm 1955 zu überreichen und Sie zum Besuche unserer Konzerte und, soweit Sie nicht schon Mitglied sind, zum Beitritt zu unserem Verein höflich einzuladen.
  Im ersten öffentlichen Konzert ihres 13. Konzertjahres wenden sich die «Freunde alter Musik in Basel» einem Gebiet zu, das bisher am Rande ihrer Tätigkeit lag. Auf einem Graf-Flügel aus dem frühen 19. Jahrhundert sollen Werke von Beethoven im originalen Klanggewand aufgeführt werden. Besonders sei auf die vollständige Aufführung des ersten Teils von Telemanns Tafelmusik, eines der spielfreudigsten Werke des 18. Jahrhunderts, im zweiten öffentlichen Konzert hingewiesen.
  Von den Hauskonzerten halten sich zwei im Rahmen der Instrumentalmusik des frühen und späteren 18. Jahrhunderts; hier werden neben anderen die im Konzertleben zu Unrecht vernachlässigten Söhne Bachs zu Worte kommen. Das Ensemble für Kirchenmusik der Schola Cantorum wird in einem Kirchenkonzert in der Barfüsserkirche (Historisches Museum) Werke des 17. Jahrhunderts singen. Im vierten Hauskonzert haben die Freunde mittelalterlicher Musik in diesem Jahre Gelegenheit, in einer literarischmusikalischen Stunde mit einem der Hauptwerke der altfranzösischen Literatur, dem «Roman de la Rose» und der zu ihm gehörenden Musik Bekanntschaft zu machen.
Mit vorzüglicher. Hochachtung
Der Vorstand der «Freunde alter Musik in Basel»
Dr. Jean Druey (Präsident)
Prof. Dr. Werner Kaegi (Vizepräsident) Max Leu (Kassier)
Frau Elisabeth Stalder-Suter (Aktuarin) Fräulein Edith Büchi (Sekretärin)
Paul Baumgartner
Dr. med. Ernst Buchmann
Dr. Paul Gessler Dr. Walter Nef Dr. h. c. Paul Sacher Frau Philis von Salis Frau Antoinette Vischer Alfred Von der Mühll Frau Hildegard Zai]]></page>
<pb facs="CH_Bm_prg/pyr_CH_Bm_prg-0039.tif"/>
<page><![CDATA[﻿GENERALPROGRAMM 1955
SMer £ausfonjerte
                            I.	HAUSKONZERT
Montag, 31. Januar, 20.15 Uhr, Vortragssaal des Kunstmuseums
Schola Cantorum Basiliensis: Joseph Bopp (Querflöte), Rodolfo Felicani (Violine), Marianne Majer (Viola), Hannelore Müller (Violoncello), Valerie Kägi (Cembalo)
Kammermusik der Söhne J. S. Bachs
Friedemann, Carl Philipp Emmanuel, Johann Christian Christoph Friedrich
                             II.	HAUSKONZERT
Montag, 14. März, 20.15 Uhr, Münstersaal des Bischofshofs Schola Cantorum Basiliensis: August Wenzinger, Hannelore Müller (Viola da gamba), Eduard Müller (Cembalo)
Solomusik für Viola da gamba und Cembalo Forqueray, Marais, Schenck, Graun
                              III.	HAUSKONZERT
Freitag, 2 7. Mai, 20.15 Uhr, Historisches Museum (Barfüsserkirche) Schola Cantorum Basiliensis: Das Ensemble für Kirchenmusik (Leitung Ina Lohr), Valerie Kägi (Cembalo)
Passions- und Ostermusik aus dem 17. Jahrhundert
Franck, Pfleger, Schütz
                            IV.	HAUSKONZERT November, Münstersaal des Bischofshofs
Schola Cantorum Basiliensis: Max Meili (Tenor), Valerie Kägi (Blockflöte); August Wenzinger (Viola da gamba);
Fritz Wörsching (Laute)
Unter freundlicher Mitwirkung von Herrn Prof. Dr. Aug. Rüegg Der «Roman de la Rose» eine literarisch-musikalische Stunde

3n>ci öffcntlidje Äonjerte
I. KONZERT
Freitag, 21. Oktober, 20.15 Uhr,
Hans Hubersaal (Stadtcasino)
Beethoven
Kammermusik auf Instrumenten seiner Zeit Trio Es-Dur, Sonate für Klavier, Geistertrio
II.	KONZERT
Montag, 24. Oktober, 20.15 Uhr,
Hans Hubersaal (Stadtcasino)
leie mann Tafelmusik, Premiere Production
Ausführende:
   Ulrich Grehling (Violine), Fritz Neumeyer (Graf-Flügel) und die verstärkte Konzertgruppe der Schola Cantorum Basiliensis: Joseph Bopp, Rodolfo Felicani, Hugo Haldemann, Christine Heman, Walter Kägi, Marianne Majer, Eduard Müller, Wolfgang Neininger, Angelo Viale, August Wenzinger (Querflöte, Violine, Viola, Violoncello, Kontrabass, Cembalo)
Verantwortlich für die Aufführungen: August Wenzinger]]></page>
<pb facs="CH_Bm_prg/pyr_CH_Bm_prg-0040.tif"/>
<page><![CDATA[﻿93ergünftiguitgeit
FÜR MITGLIEDER
mit einem Jahresbeitrag von Fr. 15 —
(Personen unter 20 Jahren, Studenten, interne Konservatoristen und Berufsschüler der Schola Cantorum Basiliensis Fr. 10.-
Freier Eintritt zu den Hauskonzerten
Vorbezugsrecht auf je eine ermässigte Einzelkarte zu den öffentlichen Konzerten
FÜR FREIMITGLIEDER
mit einem Jahresbeitrag von mindestens Fr. 40.-
Freier Eintritt zu den Hauskonzerten und zu den öffentlichen Konzerten auf Platzkategorie I mit Vorbezugsrecht gegenüber allen ändern Mitgliedern
PREISE DER EINZELKARTEN
Hauskonzerte Fr. 4.60 (Mitglieder frei)
Oeffentliche Konzerte Fr. 4.60 (Mitglieder 2.70). Fr. 5.75 (Mitglieder 3.80) Fr. 6.90 (Mitglieder 4.95)
Wir bitten Sie um baldige Einzahlung des Mitgliederbeitrages 1955 auf Postcheckkonto V 16145 resp. Einsendung der Beitrittserklärung, damit wir Ihnen die Mitgliederkarte, welche als Ausweis zum freien Eintritt in die Hauskonzerte gilt, rechtzeitig vor dem ersten Hauskonzert zustellen können. Wir nehmen an, dass es Mitgliedern, welche bis zum 25. Januar 1955 ihren Beitrag nicht bezahlt haben, angenehmer ist, wenn er per Postnachnahme erhoben wird.
Anmeldung zur Mitgliedschaft an die neue Aktuarin, Frau Dr. K.
Hoffmann-Boller, Allschwilerweg 53, Binningen.]]></page>
       
        </p>
    </body>
  </text>
</TEI>
