<?xml version="1.0" encoding="UTF-8"?>
<?xml-model href="http://www.tei-c.org/release/xml/tei/custom/schema/relaxng/tei_all.rng" schematypens="http://relaxng.org/ns/structure/1.0"?>
<TEI xmlns="http://www.tei-c.org/ns/1.0">
  <teiHeader>
    <fileDesc>
        <titleStmt>
            <title>BASEL</title>
        </titleStmt>
        <editionStmt>
            <edition>TEI P5.1 Edition</edition>
            <respStmt>
                <resp>
                    <persName>Claudio Bacciagaluppi</persName>
                    <persName>Laurent Pugin</persName>
                    <persName>Rodolfo Zitellini</persName>
                    <date when="2016-01">Janvier 2016</date>
                </resp>
                <name>Bureau Suisse du RISM</name>
            </respStmt>
        </editionStmt>
        <publicationStmt>
            <publisher><orgName xml:base="http://www.rism-ch.org">Bureau Suisse du RISM</orgName></publisher>
        </publicationStmt>
	    <seriesStmt>
	     <idno type="collection">ch_famb</idno>
	    </seriesStmt>
      <sourceDesc>
		<bibl>
        <title>Concert<date when="19621028">28/10/1962</date></title>
<series>Concert</series>
<placeName>Basel, Grosser Saal der Musik-Akademie</placeName>
<orgName role="holding">Archiv des Vereins Freunde alter Musik Basel; <link target="http://famb.ch/"/></orgName>

		</bibl>
      </sourceDesc>
    </fileDesc>
  </teiHeader>
  <text>
    <body>
        <p> <!-- all the content of the program in one paragraph -->
            <pb facs="CH_Bm_prg/pyr_CH_Bm_prg-1282.tif"/>
<date when="19621028"/>
<name key="Allegri, Lorenzo" type="person" role="cmp">Allegri, Lorenzo</name>
<name key="Maschera, Fiorenzo" type="person" role="cmp">Maschera, Fiorenzo</name>
<name key="Lasso, Orlando di" type="person" role="cmp">Lasso, Orlando di</name>
<name key="Gabrieli, Giovanni" type="person" role="cmp">Gabrieli, Giovanni</name>
<name key="Frescobaldi, Girolamo Alessandro" type="person" role="cmp">Frescobaldi, Girolamo</name>
<name key="Schmelzer, Johann Heinrich" type="person" role="cmp">Schmelzer, Johann Heinrich</name>
<name key="Cavalli, Francesco" type="person" role="cmp">Cavalli, Francesco</name><name key="Tarr, Edward H." type="person" role="int">Tarr, Edward H.</name>
<name key="Schmitt, Helmut" type="person" role="int">Schmitt, Helmut</name>
<name key="Wendlandt, Wilhelm" type="person" role="int">Wendlandt, Wilhelm</name>
<name key="Stöneberg, Alfred" type="person" role="int">Stöneberg, Alfred</name>
<name key="Federowitz, Kurt" type="person" role="int">Federowitz, Kurt</name>
<name key="Scheidegger, Rudolf" type="person" role="int">Scheidegger, Rudolf</name>
<name key="Wenzinger, August" type="person" role="int">Wenzinger, August</name><title>Concert</title>
<placeName key="Basel, Grosser Saal der Musik-Akademie"/>
<name key="Concert" type="series"/>
<page><![CDATA[﻿Srcunbe alter VHuftf in £afcl
Extrakonzert
Sonntag, 28. Oktober 1962, 20.15 Uhr, im Großen Saal der Musik-Akademie
Musik für Bläser und Streicher
Die verstärkte Konzertgruppe der Schola Cantorum Basiliensis:
Edward Tarr (Zink), Helmut Schmitt, Wilhelm Wendlandt, Alfred Stöneberg, Kurt Federowitz (Posaune), Rodolfo Felicani, Gertrud Flügel, Heidi Leisinger, Christine Heman, Christine Rüfenacht (Violine), Marianne Majer (Bratsche), Christoph Day (Tenorgeige), Hannelore Müller (Violoncello), Angelo Viale (Contrabaß), Rudolf
Scheidegger (Orgel, Cembalo)
Leitung: August Wenzinger
Die verwendeten Instrumente:
Zink Otto Steinkopf, Berlin / Altposaune, Kopie nach Hieronymus Starck, Nürnberg 1677 / Zwei Tenorposaunen, Kopien nach Erasmus Schnitzer, Nürnberg 1551 / Baßposaune, Kopie nach Isaac Ehe, Nürnberg 1612, alle vier gebaut von Wilhelm Monke, Köln / Violinen in Originalmensur Antonius Gragnani, Livorno 1791, Joseph Gaglianus, Neapel, 18. Jahrhundert, Antonio Testore, Mailand 1793, Egidius Klotz, Mittenwald 1750 und 1789 / Bratsche in Originalmensur Johann Anton Gedler, Füßen um 1770 / Tenorgeige in Originalmensur Georg Klotz, Mittenwald 1730 / Violoncello in Originalmensur Giovanni Grancino, Mailand 1676 / Contrabaß in Originalmensur Giovanni Testore, Mailand 1764 / Cembalo, Kopie nach Andreas Rückers, Antwerpen 1623, gebaut von Martin Scholz, Pianohaus Wilhelm Rück, Nürnberg
Programm 50 Rappen]]></page>
<pb facs="CH_Bm_prg/pyr_CH_Bm_prg-1283.tif"/>
<page><![CDATA[﻿ Programm
Lorenzo Allegri
ca. 1573-1648
Florentio Maschera
 ca. 1540-ca. 1584
 ✓	Sinfonie in g, fünf stimmig, 1618 (Streicher und Continuo) v Primo Ballo detto «Notte d’Amore», sechsstimmig, 1618 (Streicher und Continuo)
     Ballo / Gagliarda / Corrente
 v Canzone Nr. 11, «L’Averolda», 1584 (vier Posaunen)
a' 3-0'
Orlando di Lasso
 ca. 1532-1594
 r Chanson «La nuit froide et sombre» (vier Posaunen)
Giovanni Gabrieli
1557-1613
v Canzone Nr. 10 in G für zwei fünfstimmige Chöre, 1597
      1.Chor:	Zink, Streicher
    2.	Chor: vier Posaunen	Continuo
v Canzone Nr. 2 in d, sechsstimmig, 1615 (Streicher und Continuo) v Canzone Nr. 7 in G, siebenstimmig, 1615 (Zink, frwed Posaunen, Streicher und Continuo) v Sonate in G für drei Violinen und Continuo, 1615 *	Canzone Nr. 8 in a für zwei vierstimmige Chöre, 1615
      1.Chor:	Streicher
     2.	Chor: Posaunen und Continuo
3’
i
 ii
 U-
i '3t*
Pause
Girolamo Frescobaldi
1583-1643
*	Toccata Nr. 6 in F für Orgel, 1637 v Canzone Nr. 4 in F für Orgel, 1626
Johann Heinrich Schmelzer v Sonate Nr. 2 in d für zwei vierstimmige Chöre, 1662 ca. 1623-1680	l.Chor: Violine solo, Bratsche, Tenorgeige, Violoncello
                                          2.	Chor: Zink, drei Posaunen und Continuo
                                    V	Suite e-moll für Streicher und Continuo
                                          Sonatina / Allemande / Corrente / Gavotte / Sarabande / Gigue / Sonatina
Francesco Cavalli
 1602-1676
 v Sonate in g, sechsstimmig, für Streicher, Posaune und Continuo, 1656
 V Sonate in G für zwei vierstimmige Chöre, 1656
      1.Chor:	Streicher
     2.	Chor: vier Posaunen und Continuo
 3 3c , i
S-'io
 ^ I
 I»]]></page>
       
        </p>
    </body>
  </text>
</TEI>
