<?xml version="1.0" encoding="UTF-8"?>
<?xml-model href="http://www.tei-c.org/release/xml/tei/custom/schema/relaxng/tei_all.rng" schematypens="http://relaxng.org/ns/structure/1.0"?>
<TEI xmlns="http://www.tei-c.org/ns/1.0">
  <teiHeader>
    <fileDesc>
        <titleStmt>
            <title>BASEL</title>
        </titleStmt>
        <editionStmt>
            <edition>TEI P5.1 Edition</edition>
            <respStmt>
                <resp>
                    <persName>Claudio Bacciagaluppi</persName>
                    <persName>Laurent Pugin</persName>
                    <persName>Rodolfo Zitellini</persName>
                    <date when="2016-01">Janvier 2016</date>
                </resp>
                <name>Bureau Suisse du RISM</name>
            </respStmt>
        </editionStmt>
        <publicationStmt>
            <publisher><orgName xml:base="http://www.rism-ch.org">Bureau Suisse du RISM</orgName></publisher>
        </publicationStmt>
	    <seriesStmt>
	     <idno type="collection">ch_famb</idno>
	    </seriesStmt>
      <sourceDesc>
		<bibl>
        <title>Concert<date when="19720314">14/03/1972</date></title>
<series>Concert</series>
<placeName>Basel, Hans Huber-Saal des Stadtcasinos Basel</placeName>
<orgName role="holding">Archiv des Vereins Freunde alter Musik Basel; <link target="http://famb.ch/"/></orgName>

		</bibl>
      </sourceDesc>
    </fileDesc>
  </teiHeader>
  <text>
    <body>
        <p> <!-- all the content of the program in one paragraph -->
            <pb facs="CH_Bm_prg/pyr_CH_Bm_prg-1673.tif"/>
<date when="19720314"/>
<name key="Frescobaldi, Girolamo Alessandro" type="person" role="cmp">Frescobaldi, Girolamo</name>
<name key="Castello, Dario" type="person" role="cmp">Castello, Dario</name>
<name key="Butler, Henry" type="person" role="cmp">Butler, Henry</name>
<name key="Parcham, Andrew" type="person" role="cmp">Parcham, Andrew</name>
<name key="Bach, Carl Philipp Emmanuel" type="person" role="cmp">Bach, Carl Philipp Emanuel</name>
<name key="Bach, Johann Christoph Friedrich" type="person" role="cmp">Bach, Johann Christoph Friedrich</name><name key="Linde, Hans-Martin" type="person" role="int">Linde, Hans-Martin</name>
<name key="Wenzinger, August" type="person" role="int">Wenzinger, August</name>
<name key="Junghanns, Rolf" type="person" role="int">Junghanns, Rolf</name><title>Concert</title>
<placeName key="Basel, Hans Huber-Saal des Stadtcasinos Basel"/>
<name key="Concert" type="series"/>
<page><![CDATA[﻿FREUNDE ALTER MUSIK IN BASEL
                3.	Konzert
Dienstag, den 14. März, 20.15 Uhr Hans Huber Saal
MUSIK für FLÖTE, VIOLA DA GAMBA und CEMBALO
Ausführende:
Hans-Martin Linde, Blockflöte und Traversflöte August UJenzinger, Viola da gamba und Cello Rolf Junghanns, Cembalo und Hammerklavier
Programm gratis
Eintritt für Mitglieder frei
Karten für Nichtmitglieder zu Fr. 8.05 (Jugendliche, Studenten und Berufsschüler der Musik-Akademie Fr. 4. — ) bei Hug & Co., Freiestr. 70a, und an der Abendkasse.]]></page>
<pb facs="CH_Bm_prg/pyr_CH_Bm_prg-1674.tif"/>
<page><![CDATA[﻿Programm
Girolamo Frescobaldi Toccata in C für Cembalo, Blockflöte 1583-1644	und Viola da gamba
                        Canzona III "La Bernardinia" für Blockflöte und Continuo
                        Canzona IV "La Donatina” für Viola da gamba und Continuo
aus "II primo libro delle Canzoni ... " (Rom 1628)
Dario Castello	Sonata prima für Blockflöte und Con-
17. Jahrhundert	tinuo (1621)
                            Allegro-Presto-Allegro-Adagio-Allegro-Adagio
Henry Butler	Sonatina in D—dur für Viola da gamba
17. Jahrhundert	und Continuo
                            Adagio-Presto / Almand / Corant / Saraband
                        Divisions in C für Viola da gamba und Continuo
Andrew Parcham	Sonate in G-dur für Blockflöte und
17./18. Jahrhundert	Continuo (1701)
                            Poco Allegro / Allegro / Adagio / Allegro-Adagio-Spiccato-Largo-Allegro / Aria
Pause
Carl Philipp Emanuel Sonate q-moll für Viola da gamba und Bach (1714-1788)	obligates Cembalo
                            Allegro moderato / Larghetto / Allegro assai
Johann Christoph Friedrich Sonate D-dur "per il Cembalo Bach (1732-1795)	concertato, accompagnato da
                             Flauto Traverso o Violino e Violoncello"
                                Allegro con spirito / Andante / Rondo Scherzo
die verwendeten Instrumentes
Sopranblockflöte von Hans Conrad Fehr, Zürich Altblockflöte von Hans Coolsma, Utrecht (Kopie nach einer Blockflöte von Bressan, London um 1720)
Traversflöte von Johannes Adler, (Ylarkneukirchen (nach einem unsignierten Instrument von ca. 1770)
Viola da gamba von Jacobus Stainer, Absam 1673 Violoncello von Jacobus Stainer, Absam 1656
Die folgenden Tasteninstrumente wurden freundlicherweise aus der Sammlung von Professor Fritz Neumeyer (lüasenuieiler) kostenlos zur Verfügung gestellt:
Virginal nach einem italienischen Vorbild um 1600 von (Ylartin Skowronneck 1964 (für Frescobaldi und Castello)
Cembalo nach Johannes Rückers um 1640 von lYlartin Sassmann 1969 (für Butler und Parcham und Philipp Emanuel Bach)
Hammerflügel von Johann Gottlieb Fichtl, UJien, Ende
18.	Jahrhundert (für Johann Christoph Friedrich Bach)]]></page>
<pb facs="CH_Bm_prg/pyr_CH_Bm_prg-1675.tif"/>
<page><![CDATA[﻿]]></page>
       
        </p>
    </body>
  </text>
</TEI>
