<?xml version="1.0" encoding="UTF-8"?>
<?xml-model href="http://www.tei-c.org/release/xml/tei/custom/schema/relaxng/tei_all.rng" schematypens="http://relaxng.org/ns/structure/1.0"?>
<TEI xmlns="http://www.tei-c.org/ns/1.0">
  <teiHeader>
    <fileDesc>
        <titleStmt>
            <title>BASEL</title>
        </titleStmt>
        <editionStmt>
            <edition>TEI P5.1 Edition</edition>
            <respStmt>
                <resp>
                    <persName>Claudio Bacciagaluppi</persName>
                    <persName>Laurent Pugin</persName>
                    <persName>Rodolfo Zitellini</persName>
                    <date when="2016-01">Janvier 2016</date>
                </resp>
                <name>Bureau Suisse du RISM</name>
            </respStmt>
        </editionStmt>
        <publicationStmt>
            <publisher><orgName xml:base="http://www.rism-ch.org">Bureau Suisse du RISM</orgName></publisher>
        </publicationStmt>
	    <seriesStmt>
	     <idno type="collection">ch_famb</idno>
	    </seriesStmt>
      <sourceDesc>
		<bibl>
        <title>Season<date when="19871202">02/12/1987</date></title>
<series>Season</series>
<placeName>Basel, Martinskirche</placeName>
<orgName role="holding">Archiv des Vereins Freunde alter Musik Basel; <link target="http://famb.ch/"/></orgName>

		</bibl>
      </sourceDesc>
    </fileDesc>
  </teiHeader>
  <text>
    <body>
        <p> <!-- all the content of the program in one paragraph -->
            <pb facs="CH_Bm_prg/pyr_CH_Bm_prg-0167.tif"/>
<date when="19871202"/>
<name key="Schütz, Heinrich" type="person" role="cmp">Schütz, Heinrich</name>
<name key="Monteverdi, Claudio" type="person" role="cmp">Monteverdi, Claudio</name>
<name key="Ward, John" type="person" role="cmp">Ward, John</name>
<name key="Lawes, Henry" type="person" role="cmp">Lawes, Henry</name>
<name key="Lawes, William" type="person" role="cmp">Lawes, William</name>
<name key="Bach, Carl Philipp Emmanuel" type="person" role="cmp">Bach, Carl Philipp Emanuel</name>
<name key="Bach, Wilhelm Friedemann" type="person" role="cmp">Bach, Wilhelm Friedemann</name>
<name key="Monteverdi, Claudio" type="person" role="cmp">Monteverdi, Claudio</name>
<name key="Vecchi, Orazio Tiberio" type="person" role="cmp">Vecchi, Orazio Tiberio</name>
<name key="Anonymus" type="person" role="cmp">Anonymus</name>
<name key="Gabrieli, Giovanni" type="person" role="cmp">Gabrieli, Giovanni</name>
<name key="Marenzio, Luca" type="person" role="cmp">Marenzio, Luca</name>
<name key="Gabrieli, Andrea" type="person" role="cmp">Gabrieli, Andrea</name>
<name key="Lasso, Orlando di" type="person" role="cmp">Lasso, Orlando di</name>
<name key="Anonymus" type="person" role="cmp">Anonymus</name>
<name key="Rebel, Jean Fery" type="person" role="cmp">Rebel, Jean Fery</name>
<name key="Affilard, Michel l'" type="person" role="cmp">Affilard, Michel l'</name>
<name key="Pécour, Louis Guillaume" type="person" role="cmp">Pécour, Louis Guillaume</name>
<name key="Feuillet, Raoul Auger" type="person" role="cmp">Feuillet, Raoul Auger</name><name key="Le Blanc, Suzie" type="person" role="int">Le Blanc, Suzie</name>
<name key="Tubb, Evelyn" type="person" role="int">Tubb, Evelyn</name>
<name key="Nichols, Mary" type="person" role="int">Nichols, Mary</name>
<name key="King, Andrew" type="person" role="int">King, Andrew</name>
<name key="Müller, Rufus" type="person" role="int">Müller, Rufus</name>
<name key="Ewing, Alan" type="person" role="int">Ewing, Alan</name>
<name key="Rooley, Anthony" type="person" role="int">Rooley, Anthony</name>
<name key="Hazelzet, Wilbert" type="person" role="int">Hazelzet, Wilbert</name>
<name key="Bäss, Hajo" type="person" role="int">Bäss, Hajo</name>
<name key="Staier, Andreas" type="person" role="int">Staier, Andreas</name>
<name key="Levitt, Richard" type="person" role="int">Levitt, Richard</name>
<name key="Rooley, Anthony" type="person" role="int">Rooley, Anthony</name>
<name key="Carrara, Titino" type="person" role="int">Carrara, Titino</name>
<name key="Vellard, Dominique" type="person" role="int">Vellard, Dominique</name>
<name key="Bonnardot, Emmanuel" type="person" role="int">Bonnardot, Emmanuel</name>
<name key="Pfeifer, Ulrich" type="person" role="int">Pfeifer, Ulrich</name>
<name key="Senn, Georg" type="person" role="int">Senn, Georg</name>
<name key="Türk, Gerd" type="person" role="int">Türk, Gerd</name>
<name key="Waal, Willem de" type="person" role="int">Waal, Willem de</name>
<name key="Schweighauser, Vroni" type="person" role="int">Schweighauser, Vroni</name>
<name key="Frey, Marianne" type="person" role="int">Frey, Marianne</name>
<name key="Schneiter, Erika" type="person" role="int">Schneiter, Erika</name>
<name key="Bäss, Hajo" type="person" role="int">Bäss, Hajo</name><title>Season</title>
<placeName key="Basel, Martinskirche"/>
<name key="Season" type="series"/>
<page><![CDATA[﻿FREUNDE ALTER MUSIK IN BASEL]]></page>
<pb facs="CH_Bm_prg/pyr_CH_Bm_prg-0168.tif"/>
<page><![CDATA[﻿Sehr geehrte Damen und Herren,
D er Vorstand der Freunde alter Musik in Basel möchte Sie mit dem vorliegenden Generalprogramm zur neuen Konzertsaison begrüssen und zum Besuch der Konzerte einladen.
Es erwarten Sie wiederum vier Abonnementskonzerte und ein Extrakonzert, die allesamt aus sehr verschiedenen musikalischen Bereichen stammen und — so hoffen wir — jedem Geschmack etwas bieten werden. Zwei auswärtige Ensembles konnten in diesem Jahr nach Basel verpflichtet werden: das Consort of Musicke London, weltweit bekannt für seine aus-sergewöhnliche Vokalkunst, und die Carrara-Familie aus Vicenza, die sich von Generation zu Generation seit über 350 Jahren der Tradition der commedia dell’arte annimmt. Im zweiten Konzert stellen sich Ihnen neu verpflichtete Lehrer der Schola Cantorum Basiliensis vor; im dritten hören wir Musik aus dem sogenannten Engelberger Codex 314, im 14. Jahrhundert im dortigen Kloster aufgeschrieben und soeben wissenschaftlich publiziert. Eine Tanzproduktion im Foyer des hiesigen Theaters mit Musik aus dem 18. Jahrhundert rundet den diesjährigen Zyklus ab.
Wir hoffen, dass Sie an diesem Jahresprogramm Gefallen finden und dass es Ihnen einige gute musikalische Erlebnisse bereiten wird.
Interessenten für eine Mitgliedschaft finden die nötigen Angaben auf der letzten Seite dieses Programmes.
Mit freundlichen Grüssen Der Vorstand der Freunde Alter Musik in Basel
 Prof. Dr. Robert Kopp, Präsident Rolf Grolimund, Vizepräsident Marc Ducommun, Kassier Meinrad Schweizer, Geschäftsführung Frau Dr. Barbara Begelsbacher
Frau Dr. Veronika Gutmann Rudolf Kelterborn Hans-Martin Linde Frau Vera Oeri-Hoffmann Prof. Dr. Hans Oesch Dr. Peter Reidemeister
Sekretariat: Therese Kummli, Leonhardsstrasse 4, 4051 Basel Telefon 25 57 22 (intern 21)]]></page>
<pb facs="CH_Bm_prg/pyr_CH_Bm_prg-0169.tif"/>
<page><![CDATA[﻿Alte Musik am Radio
Wenn Alte Musik im Konzertleben, auf Schallplatten und beim privaten Musizieren immer grössere Verbreitung findet, ist es fast selbstverständlich, dass dieser Trend auch in den Musikprogrammen von Rundfunkanstalten zu beobachten ist. Musikprogramme des Radios sind eine Art Spiegelbild unseres Musiklebens. So ist in den letzten Jahren das Angebot an Alter Musik recht gross und vielfältig geworden, wenn auch oft nicht leicht überschaubar. Die täglichen Musikprogramme der Klassik-Sender lassen im Bereich Alte Musik ähnliche Tendenzen beobachten wie bei der Musik des 20. Jahrhunderts: Während Werke aus Renaissance und Frühbarock sowie Kompositionen, die der sogenannten Klassischen Moderne zugeordnet werden, immer häufiger auch in Programmen zu hören sind, die für ein möglichst breites Publikum bestimmt sind, erklingen mittelalterliche und zeitgenössische Musik, früheste und neueste Musik, fast ausnahmslos in eigens dafür vorgesehenen Sendungen.
Gute Radio-Musikprogramme zeichnen sich durch sinnvolle und abwechslungsreiche Gestaltung aus. Mit einer sorgfältigen Musikauswahl und interessanten Interpretationen, mit überraschenden Verbindungen, ungewöhnlichen Gegenüberstellungen oder konsequenten Weiterführungen sollen Hörerinnen und Hörer angeregt werden, genauer zuzuhören, sich in Bezug zu setzen, zu reagieren. Den Programmgestaltern steht dabei in den Archiven ein Repertoire zur Verfügung, das unter verschiedensten Gesichtspunkten ausgeschöpft werden kann. So lassen sich beispielsweise Kompositionen aneinanderreihen, die inhaltlich einander sinnvoll ergänzen, von der Besetzung her aber ganz verschieden sind. In Konzerten ist dies kaum möglich, weil die Veranstalter jeweils vom Repertoire des engagierten Solisten oder Ensembles abhängig sind. Phantasievolle Radio-Mitarbeiter machen von solchen Möglichkeiten gerne Gebrauch, doch dies allein gewährleistet noch kein vorbildliches Musikprogramm. Voraussetzung dafür sind vielmehr auch stilistische Sachkenntnis und Einfühlungsvermögen in den Geist der betreffenden Musik. Besonders wichtig ist schliesslich eine sachkundige und allgemein verständliche Präsentation am Mikrophon.
Auch im Bereich der Alten Musik bedient sich jedoch das Radio nicht nur des Repertoires, das auf Schallplatten und Tonbändern im Archiv greifbar ist, sondern es fördert aktiv die

Wiederbelebung Alter Musik, indem es Solisten und Ensembles zu Studioaufnahmen engagiert, sich an Schallplattenproduk-tionen beteiligt sowie Forschern und Musikwissenschaftern ein Forum bietet. Das Radio berichtet auch über Konzerte und Interpreten, über neue Schallplatten und Publikationen, über neue Entwicklungen und Strömungen. Alte Musik kann für das Radio auch Herausforderung zu Experimenten sein: Mittelalterliche Spiele und Madrigalkomödien beispielsweise eignen sich gut für radiospezifisch gestaltete Hör-Spiele. Solche Versuche sind meist sehr aufwendig, tragen aber, falls sie gelingen, ebenfalls zum besseren Verständnis der Alten Musik bei.
Seit vielen Jahren gibt es zwischen Radio DRS und der Schola Cantorum Basiliensis eine erfreulich enge Zusammenarbeit. Das Radio hat in mehreren Sendungen das Basler Institut für Alte Musik näher vorgestellt, Konzerte übertragen und mit Lehrern und Studenten Musikaufnahmen produziert. Nicht selten bildeten in den vergangenen Jahren Radioaufnahmen Ziel und Abschluss von grösseren Unterrichts- und Forschungsprojekten. Als Beispiele seien erwähnt die Opern «Le Cinesi» von Gluck und «Die drey Töchter Cecrops’» von Johann Wolfgang Franck, die «Missa Santi Jacobi» von Guillaume Dufay und «Le Jeu de Robin et Marion» von Adam de la Halle. Weitere Aufnahmen stehen bevor: Französische Chansons und italienische Madrigale in deutscher Uebertragung von Felix Platter: Hausmusik im Basel des 16. Jahrhunderts. Dieses originelle Projekt beruht auf den Forschungen des Musikwissenschaftlers John Kmentz und wird im November 1987 mit einem Vokal-und Instrumentalensemble der Schola Cantorum Basiliensis unter der Leitung von Willem de Waal realisiert.
Ab Neujahr 1988 erweitert übrigens Radio DRS das Angebot an Alter Musik: Neben der halben Stunde jeweils am Mittwochnachmittag um 13.30 Uhr wird auch an jedem Montagabend von 23.00 bis 24.00 Uhr Alte Musik auf DRS-2 ausgestrahlt.
Rolf Grolimund]]></page>
<pb facs="CH_Bm_prg/pyr_CH_Bm_prg-0170.tif"/>
<page><![CDATA[﻿I.
Mittwoch, 2. Dezember 1987, 20.15 Uhr
in der Martinskirche
Das virtuose Madrigal
Das Consort of Musicke London
Emma Kirkby, Evelyn Tubb (Sopran)
Mary Nichols (Alt)
Andrew King, Rufus Müller (Tenor)
Alan Ewing (Bass)
Leitung: Anthony Rooley (Laute)
Das Madrigal als bedeutendste Form weltlicher Musik im 16. Jahrhundert hat seinen Ursprung in der italienischen Frottola, dem französischen Chanson und dem niederländischen Imitationskontrapunkt. Höhepunkt dieser Stilentwicklung bilden die Madrigale von Marenzio. — Unser Konzert dient der Gegenüberstellung italienischer und englischer Madrigale: Im ersten Teil verbinden sich Duette von Monteverdi mit fünfstimmigen italienischen Madrigalen des Gabrieli-Schülers Heinrich Schütz, während die zweite Programmhälfte den Engländern John Ward und Henry Lawes gehört.

II.
Donnerstag, 14. Januar 1988, 20.15 Uhr im Festsaal des Stadtcasinos Basel
           Die späte Kammermusik ^ Carl Philipp Emanuel Bachs
Wilbert Hazelzet (Flöte)
Hajo Bäss (Viola)
Andreas Staier (Fortepiano) in Zusammenarbeit mit dem Fortepiano-Symposium an der Schola Cantorum Basiliensis
«Weil ich die meisten Arbeiten für gewisse Personen und fürs Publikum habe machen müssen, so bin ich dadurch allezeit mehr gebunden gewesen, als bey den wenigen Stücken, welche ich für mich verfertigt habe ... Unter allen meinen Arbeiten, besonders fürs Clavier, sind bloss einige Trios, Solos und Konzerte, welche ich mit aller Freyheit und zu meinem eigenen Gebrauch gemacht habe.»
Dieser Stossseufzer aus C. Ph. E. Bachs Autobiographie verdeutlich ein Dilemma vieler Komponisten des 18. Jahrhunderts. Wollte man neben Ruhm und Ehre auch etwas Geld verdienen, waren Rücksichten zu nehmen — auf das Publikum wie auch auf «gewisse Personen»: Friedrich den Grossen zum Beispiel, dessen konservativem Geschmacksdiktat sich Bach 30 Jahre lang während seiner Anstellung als «Kammercembalist» am Berliner Hof zu beugen hatte. Erst später — als Hamburger Kirchenmusikdirektor nicht mehr zur Kammermusikkomposition verpflichtet — konnte er in diesem Genre «in aller Freyheit und zu eigenem Gebrauch» schreiben. Wie sehr ihn diese Freiheit inspirierte, bezeugen eindrucksvoll seine Quartette für Klavier, Flöte und Bratsche, der musikalische Abschluss seines Lebens.]]></page>
<pb facs="CH_Bm_prg/pyr_CH_Bm_prg-0171.tif"/>
<page><![CDATA[﻿III.
Mittwoch, 9. März 1988, 20.15 Uhr
in der Leonhardskirche
           Musik des späten Mittelalters ^ ^ aus dem Kloster Engelberg
Gesangssolisten und Choral-Ensemble der Schola Cantorum Basiliensis
Leitung: Dominique Vellard
Der Engelberger Codex 314 ist eine der bedeutendsten spätmittelalterlichen Handschriften des deutschen Sprachbereichs. Die Quelle enthält frühe Aufzeichnungen deutscher geistlicher Lieder sowie ein- und mehrstimmige Musik zur festlichen Erweiterung des Gottesdienstes: ein Osterspiel, Tropen, Sequenzen, Motetten usf. — Verschiedene Schreiber waren über einen langen Zeitraum hinweg an seiner Entstehung beteiligt. Von der individuellen Schriftentwicklung und Praktiken der Aufzeichnung über die Geschichte eines Klosters und seines «Scrip-toriums» bis ins Zusammenwirken von Liturgie, Dichtung und Musik wird ein Stück «Herbst des Mittelalters» lebendig.

IV.
Freitag, 27. Mai 1988, 20.15 Uhr und Sonntag, 29. Mai 1988, 11.00 Uhr im Foyer des Stadttheaters
            Les Caracteres de la Danse ^ ^ Bergeres et Bachants
Musik von Jean-Ferry Rebel, Louis-Guillaume Pecour und Michel L’Affilard
Tänzer und Instrumentalisten der Schola Cantorum Basiliensis Choreographie und Leitung: Erika Schneiter
Dieses Konzert steht ganz im Zeichen des Tanzes mit den beiden tragenden Werken «Les Caracteres de la Danse» und «Bergeres et Bachants». Ersteres ist ein Portrait von kurzen Tanzfolgen, die mosaikhaft ein schillerndes Bild der beliebtesten Tänze im Ballsaal wie auf der Bühne ergeben. Jean-Ferry Rebel, der zu den 24 Violinistes du Roy zählte, war gleichzeitig Cembalist, Komponist und Leiter des Orchestre de l’Opera, um nur einige seiner Titel zu nennen. Obwohl dieses Werk rein instrumental aufgeführt wird, verkörpert es doch die Auseinandersetzung konzertanten Musizierens mit der bildhaften Vorstellung des Tanzes und des affektiven Ausdrucks.
«Bergeres et Bachants» dagegen ist eine gesungene und getanzte Bildfolge. Die Musik dazu ist den Airs de mouvement aus Michel L’Affilards Lehrbuch für Sänger «Principes tres fa-ciles pour bien apprendre la musique» entnommen.. Die Airs darin mit weltlichem Text sind Schäfer-, Liebes- und Trinklieder. Das zentrale Thema ist das Spiel von Liebe, Hoffnung, Enttäuschung, Eifersucht und Trost im Wein . ..
Der Duchesse de Bourgogne ist die Tanzsuite en miniature «La Bourgogne» gewidmet. Die junge, tanzbegabte Prinzessin wurde 1696 im Alter von zehn Jahren an den französischen Hof geholt, um ein Jahr später den Enkel Ludwig XIV. zu heiraten. Die lebenslustige Prinzessin war sofort der Liebling Ludwigs XIV. bis zu ihrem frühen Tod 1712. Der berühmte Hof-Tanz-meister, Tänzer und Choreograph, Louis Pecour, schuf mit «La Bourgogne», dem Hochzeitstanz der Duchesse, ein Kleinod unter den zahlreichen Tanzpublikationen jener Zeit.]]></page>
<pb facs="CH_Bm_prg/pyr_CH_Bm_prg-0172.tif"/>
<page><![CDATA[﻿Extrakonzert
Donnerstag, 28. und Freitag, 29. Januar 1988, jeweils 20.15 Uhr im Historischen Museum Basel (Barfüsserkirche)
^ Die Heirat des Pantalone ^
(commedia dell’arte)
Solisten, Sänger und ein Instrumental-Ensemble der Schola Cantorum Basiliensis
Die Schauspiel-Familie Carrara (Vicenza)
Leitung: Anthony Rooley
Die tiefsten Wurzeln der commedia dell’arte sind in der Antike zu suchen — erinnern wir uns an die Komödien des Aristo-phanes ... Improvisation war stets die Drehscheibe der Handlung, auch nach einer facettenreichen Entwicklung im 16. Jahrhundert, als gegen dessen Ende die commedia einen beispiellosen Höhepunkt erlebte: farbig, vital, derb, vulgär und: mit viel Musik. Verfolgt man ihre Geschichte weiter, so stossep wir auf Begriffe wie die Opera buffa und den venezianischen Karneval.
Die Blüte der musikalischen Komödie in der Spät-Renaissance ist durch das Werk des Komponisten und Priesters Orazio Vecchi auf uns gekommen, dessen witzig-würzige Madrigale voller zeitkritischer Bissigkeit und eindeutig zweideutigem Humor, sekundiert von den maskierten Akteuren, an diesen Abenden zu hören sein werden. Die «Heirat des Pantalone» beinhaltet aber auch Stücke von Monteverdi, Gabrieli, Ravens-croft und Orlando di Lasso. — Unsere Produktion geht auf die Londoner Inszenierung von 1985 zurück, einer rekonstruk-tiven Zusammenarbeit zwischen dem Consort of Musicke und der traditionsreichen Familie Carrara aus Vicenza, die sich von Generation zu Generation seit 350 Jahren mit der commedia dell’arte auseinandersetzt.]]></page>
<pb facs="CH_Bm_prg/pyr_CH_Bm_prg-0173.tif"/>
<page><![CDATA[﻿bezahlen einen Jahresbeitrag von Fr. 70.— (Personen unter 20 Jahren, Studenten und Berufsschüler der Musik-Akademie Fr. 30.—). Sie haben freien Eintritt zu den vier regulären Konzerten des Vereins und das Vorbezugsrecht auf ermässigte Einzelkarten für das Extrakonzert.
Freimitglieder
entrichten einen Jahresbeitrag von mindestens Fr. 100.—. Dieser erhöhte Beitrag hilft dem Verein, die notwendigen Mittel zur Durchführung grösserer Konzerte bereitzustellen. Er verschafft freien Eintritt zu den vier regulären Konzerten sowie zum Extrakonzert.
'Die Mitgliederbeiträge für 1987/88
bitten wir, rechtzeitig vor dem ersten Konzert am 2. Dezember 1987, spätestens bis 1. November 1987, auf unser Postcheck-konto 40 -16145 - 7 einzahlen zu wollen. Sie erhalten in der Folge jeweils mit dem Mitgliederbrief Eintrittsbillette zu den Konzerten. Es werden keine besonderen Mitgliederausweise verschickt.
<_Anmeldungen zur Mitgliedschaft^
können an das Sekretariat der «Freunde Alter Musik in Basel», Leonhardsstrasse 4, 4051 Basel (Tel. 25 57 22, int. 21) gerichtet werden.
Nichtmitglieder
sind in unseren Konzerten willkommen, jedoch kommen sie nicht in den Genuss der für Mitglieder geltenden Ermässi-gungen. Vorverkauf jeweils beim Musikhaus au concert, Aeschenvorstadt 24, 4051 Basel, Telefon 23 11 76, und an der Abendkasse.]]></page>
       
        </p>
    </body>
  </text>
</TEI>
