<?xml version="1.0" encoding="UTF-8"?>
<?xml-model href="http://www.tei-c.org/release/xml/tei/custom/schema/relaxng/tei_all.rng" schematypens="http://relaxng.org/ns/structure/1.0"?>
<TEI xmlns="http://www.tei-c.org/ns/1.0">
  <teiHeader>
    <fileDesc>
        <titleStmt>
            <title>BASEL</title>
        </titleStmt>
        <editionStmt>
            <edition>TEI P5.1 Edition</edition>
            <respStmt>
                <resp>
                    <persName>Claudio Bacciagaluppi</persName>
                    <persName>Laurent Pugin</persName>
                    <persName>Rodolfo Zitellini</persName>
                    <date when="2016-01">Janvier 2016</date>
                </resp>
                <name>Bureau Suisse du RISM</name>
            </respStmt>
        </editionStmt>
        <publicationStmt>
            <publisher><orgName xml:base="http://www.rism-ch.org">Bureau Suisse du RISM</orgName></publisher>
        </publicationStmt>
	    <seriesStmt>
	     <idno type="collection">ch_famb</idno>
	    </seriesStmt>
      <sourceDesc>
		<bibl>
        <title>Concert<date when="19631101">01/11/1963</date></title>
<series>Concert</series>
<placeName>Basel, Grosser Saal der Musik-Akademie</placeName>
<orgName role="holding">Archiv des Vereins Freunde alter Musik Basel; <link target="http://famb.ch/"/></orgName>

		</bibl>
      </sourceDesc>
    </fileDesc>
  </teiHeader>
  <text>
    <body>
        <p> <!-- all the content of the program in one paragraph -->
            <pb facs="CH_Bm_prg/pyr_CH_Bm_prg-1300.tif"/>
<date when="19631101"/>
<name key="Mozart, Wolfgang Amadeus" type="person" role="cmp">Mozart, Wolfgang Amadeus</name><name key="Kägi, Walter" type="person" role="int">Kägi, Walter</name>
<name key="Kägi, Valerie" type="person" role="int">Kägi, Valerie</name><title>Concert</title>
<placeName key="Basel, Grosser Saal der Musik-Akademie"/>
<name key="Concert" type="series"/>
<page><![CDATA[﻿        FREUNDE ALTER MUSIK IN BASEL
                  2.Konzert
     Freitag, I.November 1963> 20.15 Uhr im Grossen Saal der Musik-Akademie
WOLFGANG AMADEUS MOZART
       V/oI.'h
     Klavftoysonaten und Klaviervariationen
        Schola Cantorum Basiliensis:
        Walter K ä g i (Violine) Valerie K ä g i (Hammerklavier)
Programm 30 Rappen
Eintritt für Mitglieder frei. Karten für Nichtmitglieder zu Fr.6.90 (Jugendliche unter 20 Jahren, Studenten und Berufsschüler der Musik-Akademie Fr.^.-) bei Hug & Co., Freiestrasse 70a, und an der Abendkasse.
  PROGRAMM
W.A.Mozart	/ Sonnte D-dur, KV 306 (300 1),	23'3o'
1756-1791	für Klavier und Violine (1778)
                   Allegro con spirito / Andante cantabile / Allegretto (Allegro)
                   ✓	Zehn Variationen G-dur über "Unser dummer Pöbel meint" für Klavier, KV 455 (1784)
       Pause
✓	Sonate e-moll, KV 304 (300 c),	\V'ib"
                   für Klavier und Violine (1778)
                  Allegro / Tempo di Minuetto
             ^ Sonate A-dur, KV 526,	<251f
                   für Klavier und Violine (1787)
                  Molto Allegro / Andante / Presto
Die verwendeten Instrumente:
Violine Johann Baptist Havelka, Linz 1785 Hammerflügel Johann Andreas Stein, Augsburg 1792]]></page>
       
        </p>
    </body>
  </text>
</TEI>
