<?xml version="1.0" encoding="UTF-8"?>
<?xml-model href="http://www.tei-c.org/release/xml/tei/custom/schema/relaxng/tei_all.rng" schematypens="http://relaxng.org/ns/structure/1.0"?>
<TEI xmlns="http://www.tei-c.org/ns/1.0">
  <teiHeader>
    <fileDesc>
        <titleStmt>
            <title>BASEL</title>
        </titleStmt>
        <editionStmt>
            <edition>TEI P5.1 Edition</edition>
            <respStmt>
                <resp>
                    <persName>Claudio Bacciagaluppi</persName>
                    <persName>Laurent Pugin</persName>
                    <persName>Rodolfo Zitellini</persName>
                    <date when="2016-01">Janvier 2016</date>
                </resp>
                <name>Bureau Suisse du RISM</name>
            </respStmt>
        </editionStmt>
        <publicationStmt>
            <publisher><orgName xml:base="http://www.rism-ch.org">Bureau Suisse du RISM</orgName></publisher>
        </publicationStmt>
	    <seriesStmt>
	     <idno type="collection">ch_famb</idno>
	    </seriesStmt>
      <sourceDesc>
		<bibl>
        <title>Concert<date when="19920119">19/01/1992</date></title>
<series>Concert</series>
<placeName>Basel, Grosser Saal der Musik-Akademie</placeName>
<orgName role="holding">Archiv des Vereins Freunde alter Musik Basel; <link target="http://famb.ch/"/></orgName>

		</bibl>
      </sourceDesc>
    </fileDesc>
  </teiHeader>
  <text>
    <body>
        <p> <!-- all the content of the program in one paragraph -->
            <pb facs="CH_Bm_prg/pyr_CH_Bm_prg-0801.tif"/>
<date when="19920119"/>
<name key="Marais, Marin" type="person" role="cmp">Marais, Marin</name>
<name key="Forqueray, Antoine" type="person" role="cmp">Forqueray, Antoine</name>
<name key="Bach, Johann Sebastian" type="person" role="cmp">Bach, Johann Sebastian</name>
<name key="Bach, Carl Philipp Emmanuel" type="person" role="cmp">Bach, Carl Philipp Emanuel</name><name key="Pandolfo, Paolo" type="person" role="int">Pandolfo, Paolo</name>
<name key="Alessandrini, Rinaldo" type="person" role="int">Alessandrini, Rinaldo</name><title>Concert</title>
<placeName key="Basel, Grosser Saal der Musik-Akademie"/>
<name key="Concert" type="series"/>
<page><![CDATA[﻿Freunde alter Musik
50. Saison
2. Extrakonzert
Sonntag, 19. Januar 1992, 20.15 Uhr Grösser Saal der Musik-Akademie Basel
]]></page>
<pb facs="CH_Bm_prg/pyr_CH_Bm_prg-0802.tif"/>
<page><![CDATA[﻿Die Viola da gamba als Instrument der adeligen, begüterten und kultivierten Gesellschaft erfuhr besonders intensive Zuwendung an absolutistischen Höfen, die viel Aufwand für die Verfeinerung ihres kulturellen Lebens trieben.
          Ludwig XIV., der ein besonderer Liebhaber des Instruments gewesen sein soll, hatte mit Marin Marais den bedeutendsten Virtuosen auf der Viola da gamba in seinen Diensten. Dessen fünf Bücher mit Kompositionen für ein oder mehrere Gamben mit Basso continuo - insgesamt über 550 Stücke - bilden auch heute noch die Basis für das Gambenspiel in .klassischer' französischer Art. Daß Marais aber auch Bedeutung als Opernkomponist in der Nachfolge Lullys besaß, findet erst in jüngster Zeit wieder Beachtung. In diesem Sinn ist das Tombeau auf Lully nicht nur als Reminiszenz an den 1687 verstorbenen Kapellmeister zu verstehen, sondern sicher auch als Hommage an ein verehrtes Vorbild.
          Mit Antoine Forqueray erwuchs Marais allerdings ein starker Konkurrent auf der Gambe, der ihn in der Gunst des Hofes sogar noch auszustechen vermochte (ein wahrhaft konfliktreiches Sujet, das vor kurzem sogar den Weg ins Kino fand). Forqueray diente den höchsten Potentaten als Gambenlehrer und erlangte allein dadurch größten Ruhm. Außer einzelnen verstreut überlieferten Stücken ist allerdings nur eine einzige gedruckte Sammlung mit Gambenmusik von 1747 bekannt, die sein Sohn Jean-Bapfiste (der als ausgezeichneter Gambist von der Eifersucht des Vaters verfolgt war) postum herausgab. Forqueray trat mit seinem Gambenspiel in Konkurrenz zu den gerade in Mode stehenden italienischen Violinsonaten, deren Virtuosität er auf seinem Instrument noch zu übertreffen suchte. Tatsächlich vermitteln die Stücke des späten Druckes einen Eindruck von Forquerays vielbewunderten technischen Fähigkeiten und zeigen Anklänge an den temperamentvollen italienischen Sonatenstil.
Ein gutes Beispiel hierfür ist „La Leclair', eine Gigue im typischen
1	2/8tel-Zeitmaß, benannt nach dem Geiger Jean Marie Leclair, der die französische Violinmusik mit starken italienischen Elementen anreicherte.
          Von der Pariser Gambenkultur führt eine historische Brücke an den Berliner Hof zur Zeit Friedrichs des Großen. Mit Ludwig Christian Hesse war dort ab 1741 einer der besten

Gambenspieler dieser für das Instrument späten Epoche beschäftigt. Er wiederum war Schüler seines Vaters Ernst Christian, der in den Jahren 1698-1701 bei Marais und Forqueray in Paris studiert hatte. Carl Philipp Emanuel Bach schrieb seine schwierigen Gambensonaten in den 1740erjahren vermutlich für seinen Berliner Kollegen, den Sohn Hesse. Noch aus den Jahren 1768/69 ist ein Briefwechsel zwischen dem erwähnten Jean-Baptiste Forqueray und dem Prinzen Friedrich Wilhelm von Preußen bekannt, der das fortdauernde Interesse an der Viola da gamba in Berlin bis weit in die zweite Hälfte des 1 8. Jahrhunderts hinein dokumentiert. Die nahezu manirierte Raffinesse, die das Gambenspiel in Paris unter Marais und Forqueray erreic^^ hatte, fand durch diese direkten Lehrer-Schüler Verhältnisse ihren Weg in die Zeit der beginnenden deutschen „Empfindsamkeit".
         Johann Sebastian Bachs Gambensonate g-moll nimmt insofern eine Sonderstellung im Programm ein, als sie, laut Hans Eppstein, von Bach selbst wohl aus bereits vorhandenen Kompositionen (eventuell einer Triosonate) umgearbeitet wurde. Gerade die g-moll-Sonate weckt Erinnerungen an den Stil der Brandenburgischen Konzerte, weswegen sie in die Köthener Zeit datiert wird (ca. 1720). Bach war jedoch mit dem Instrument so gut vertraut - man denke nur an die berühmten Solo-Arien aus den Passionen -, daß auch diese mutmaßliche Bearbeitung als vollgültige Gambenkompositionen bestehen kann.
Thomas Drescher
Paolo Pandolfo war zunächst als Kontrabassist mit reicher Orchestererfahrung tätig, wechselte dann aber zur alten Musik und studierte Viola da gamba bei Jordi Savall in Basel. Seit 1990 führt er dessen Klasse an der SCB weiter. Er zählt zu den profilierten Gambisten der jüngeren Generation und konnte sich durch seine Konzerttätigkeit und erste CD-Einspielungen bereits einen Namen machen.
Rinaldo Alessandrini studierte Orgel in Rom und kam als Autodidakt zum Cembalo, auf dem er sich durch Kurse bei Ton Koopman weiterbildete. Er musizierte mit namhaften Ensembles und leitet mit Concerto llaliano' eine eigene Gruppe, die bereits mehrere CD mit barocker Intrumental- und Vokalmusik einspielen konnte. Seine Aufnahme der „Fiori Musicali" von Frescobaldi erhielt den „Gran Prix du Disque". Mit Paolo Pandolfo arbeitet Alessandrini seit 1978 zusammen.]]></page>
<pb facs="CH_Bm_prg/pyr_CH_Bm_prg-0803.tif"/>
<page><![CDATA[﻿PROGRAMM
Marin Marais (1656-1728)
Antoine Forqueray (ca. 1671-1745)
mg <
Suite h-moll für Viola da gamba und Basso continuo
Prelude - Petitte fantaisie - Allemande -Courante - Sarabande - Gigue - Menuet -Tombeau pour Monsr. de Luliy aus: Pieces de Viole, 2e livre,
Paris 1701
Suite für Viola da gamba und Basso continuo Allemande. La la Borde (Noblemt. et avec Sentiment) - La Marella (Vivem*. et Marque) - Chaconne, la Buisson (Gratieusemt.) - La Couperin (Noblem1, et Marque) - La Leclair [tres Vivement et d’etache)
aus: Pieces de Viole avec la Basse Continue, Paris 1747 (postum)
Johann Sebastian Bach (1685-1750)
Aria variata alla maniera italiana (Aria mit 10 Variationen), a-moll, für Cembalo, BWV 989 (vor 1714)
Johann Sebastian Bach
Carl Philipp Emanuel Bach
(1714-17881
  ahe
Sonate g-moll für Viola da gamba und obligates Cembalo, BWV 1029 Vivace - Adagio - Allegro
Sonate C-Dur für Viola da gamba und Basso continuo, Wq 1 36 (1745)
Andante - Allegretto - Arioso
Paolo Pandolfo, Viola da gamba Rinaldo Alessandrini, Cembalo]]></page>
       
        </p>
    </body>
  </text>
</TEI>
