<?xml version="1.0" encoding="UTF-8"?>
<?xml-model href="http://www.tei-c.org/release/xml/tei/custom/schema/relaxng/tei_all.rng" schematypens="http://relaxng.org/ns/structure/1.0"?>
<TEI xmlns="http://www.tei-c.org/ns/1.0">
  <teiHeader>
    <fileDesc>
        <titleStmt>
            <title>BASEL</title>
        </titleStmt>
        <editionStmt>
            <edition>TEI P5.1 Edition</edition>
            <respStmt>
                <resp>
                    <persName>Claudio Bacciagaluppi</persName>
                    <persName>Laurent Pugin</persName>
                    <persName>Rodolfo Zitellini</persName>
                    <date when="2016-01">Janvier 2016</date>
                </resp>
                <name>Bureau Suisse du RISM</name>
            </respStmt>
        </editionStmt>
        <publicationStmt>
            <publisher><orgName xml:base="http://www.rism-ch.org">Bureau Suisse du RISM</orgName></publisher>
        </publicationStmt>
	    <seriesStmt>
	     <idno type="collection">ch_famb</idno>
	    </seriesStmt>
      <sourceDesc>
		<bibl>
        <title>Concert<date when="19650601">01/06/1965</date></title>
<series>Concert</series>
<placeName>Basel, Hans Huber-Saal des Stadtcasinos Basel</placeName>
<orgName role="holding">Archiv des Vereins Freunde alter Musik Basel; <link target="http://famb.ch/"/></orgName>

		</bibl>
      </sourceDesc>
    </fileDesc>
  </teiHeader>
  <text>
    <body>
        <p> <!-- all the content of the program in one paragraph -->
            <pb facs="CH_Bm_prg/pyr_CH_Bm_prg-1324.tif"/>
<date when="19650601"/>
<name key="Haydn, Joseph" type="person" role="cmp">Haydn, Joseph</name>
<name key="Hofmann, Leopold" type="person" role="cmp">Hofmann, Leopold</name>
<name key="Mozart, Wolfgang Amadeus" type="person" role="cmp">Mozart, Wolfgang Amadeus</name><name key="Piguet, Michel" type="person" role="int">Piguet, Michel</name>
<name key="Fauquex, Hubert" type="person" role="int">Fauquex, Hubert</name>
<name key="Baumgartner, Paul" type="person" role="int">Baumgartner, Paul</name>
<name key="Linde, Hans-Martin" type="person" role="int">Linde, Hans-Martin</name>
<name key="Brejza, Josef" type="person" role="int">Brejza, Josef</name>
<name key="Baccelli, Umberto" type="person" role="int">Baccelli, Umberto</name>
<name key="Wenzinger, August" type="person" role="int">Wenzinger, August</name><title>Concert</title>
<placeName key="Basel, Hans Huber-Saal des Stadtcasinos Basel"/>
<name key="Concert" type="series"/>
<page><![CDATA[﻿usrJTt
iJI,ÄWÄWA
Ss 1
 '&tt.9lö SSffi8 Sr3t^
ö.»)(»Miw.«)(»^^p(»^^«)^^)(»^^p<»^^p^S!
®^®fo <mms
 xj/'zZZJ'n,
ß~zf\/*r3\
FREUNDE ALTER MUSIK IN BASEL
Extrakonzert
Dienstag, I. Juni 1965, 20.15 Uhr, Hans Huber-Saal
Konzertante
Musik
der
Mozartzeit
Die verstärkte Konzertgruppe der Schola Cantorum Basiliensis:
Paul Baumgartner (Hammerklavier), Hans-Martin Linde (Traversflöte), Michel Piguet, Hubert Fauquex (Oboe), Josef Brejza, Umberto Baccelli (Waldhorn), Rodolfo Felicani, Gertrud Flügel,
Doris Burger-Baumgartner, Wolfgang Neininger, Heidi Leisinger (Violine), Walter Kägi, Marianne Majer (Bratsche),
Hannelore Müller (Violoncello), Angelo Viale (Contrabaß)
Leitung: August Wenzinger
]]></page>
<pb facs="CH_Bm_prg/pyr_CH_Bm_prg-1325.tif"/>
<page><![CDATA[﻿ i
PROGRAMM
Joseph Haydn 1732-1809
Divertimento F-dur, Hob. II, Nr. 20, für Streicher, zwei Oboen und zwei Hörner (vor 1763)
Allegro / Menuett / Adagio / Menuett / Finale (Presto)
o
O
Leopold Hofmann 1738-1793 Konzert D-dur für Traversflöte und Streicher *)
Allegro moderato / Adagio / Allegro molto *) Dieses Flötenkonzert wurde früher Joseph Haydn zugeschrieben
Pause
2_0
Wolfgang Amadeus Mozart 1756-1791
Konzert F-dur, KV 413 (387 a), für Klavier, Streicher, zwei Oboen und zwei Hörner (1782/83) Allegro / Larghetto / Tempo di Menuetto
Divertimento D-dur, KV 136 (125 a), für Streicher (1772)
Allegro / Andante / Presto
(
Die verwendeten Instrumente:
Traversflöte Johann Georg Tromlitz (1725-1805),
Kopie von Johannes Adler, Markneukirchen / Barockoboen / Waldhörner / Streichinstrumente in alter Mensur / Hammerflügel, Kopie nach Mozarts eigenem Flügel von Anton Walter, Wien (um 1780), hergestellt im Pianohaus Rück, Nürnberg
]]></page>
       
        </p>
    </body>
  </text>
</TEI>
