<?xml version="1.0" encoding="UTF-8"?>
<?xml-model href="http://www.tei-c.org/release/xml/tei/custom/schema/relaxng/tei_all.rng" schematypens="http://relaxng.org/ns/structure/1.0"?>
<TEI xmlns="http://www.tei-c.org/ns/1.0">
  <teiHeader>
    <fileDesc>
        <titleStmt>
            <title>BASEL</title>
        </titleStmt>
        <editionStmt>
            <edition>TEI P5.1 Edition</edition>
            <respStmt>
                <resp>
                    <persName>Claudio Bacciagaluppi</persName>
                    <persName>Laurent Pugin</persName>
                    <persName>Rodolfo Zitellini</persName>
                    <date when="2016-01">Janvier 2016</date>
                </resp>
                <name>Bureau Suisse du RISM</name>
            </respStmt>
        </editionStmt>
        <publicationStmt>
            <publisher><orgName xml:base="http://www.rism-ch.org">Bureau Suisse du RISM</orgName></publisher>
        </publicationStmt>
	    <seriesStmt>
	     <idno type="collection">ch_famb</idno>
	    </seriesStmt>
      <sourceDesc>
		<bibl>
        <title>Concert<date when="19640117">17/01/1964</date></title>
<series>Concert</series>
<placeName>Basel, Hans Huber-Saal des Stadtcasinos Basel</placeName>
<orgName role="holding">Archiv des Vereins Freunde alter Musik Basel; <link target="http://famb.ch/"/></orgName>

		</bibl>
      </sourceDesc>
    </fileDesc>
  </teiHeader>
  <text>
    <body>
        <p> <!-- all the content of the program in one paragraph -->
            <pb facs="CH_Bm_prg/pyr_CH_Bm_prg-1301.tif"/>
<date when="19640117"/>
<name key="Jenkins, John" type="person" role="cmp">Jenkins, John</name>
<name key="Eyck, Jacob van" type="person" role="cmp">Eyck, Jacob van</name>
<name key="Couperin, Louis" type="person" role="cmp">Couperin, Louis</name>
<name key="Froberger, Johann Jacob" type="person" role="cmp">Froberger, Johann Jacob</name>
<name key="Corelli, Arcangelo" type="person" role="cmp">Corelli, Arcangelo</name>
<name key="Telemann, Georg Philipp" type="person" role="cmp">Telemann, Georg Philipp</name>
<name key="Handel, George Frideric" type="person" role="cmp">Händel, Georg Friedrich</name><name key="Brüggen, Frans" type="person" role="int">Brüggen, Frans</name>
<name key="Leonhardt, Gustav" type="person" role="int">Leonhardt, Gustav</name>
<name key="Müller, Hannelore" type="person" role="int">Müller, Hannelore</name><title>Concert</title>
<placeName key="Basel, Hans Huber-Saal des Stadtcasinos Basel"/>
<name key="Concert" type="series"/>
<page><![CDATA[﻿             FREUNDE ALTER MUSIK IN BASEL
                     3.	Konzert
 Freitag, 17.Januar 196^, 20.15 Uhr im Hans Hubersaal
          MUSIK FÜR BLOCKFLÖTE UND CEMBALO
           Frans Brüggen, Amsterdam (Blockflöte) Gustav Leonhardt, Amsterdam (Cembalo) Hannelore Müller, Basel (Viola da gamba)
 ^^rogramm 30 Cts.
 Eintritt für Mitglieder frei. Karten für Nichtmitglieder zu Fr.6.90 (Jugendliche unter 20 Jahren, Studenten und Berufsschüler der Musik-Akademie Fr.^.-) bei Hug & Co., Freiestrasse 70a, und an der Abendkasse. Umtausch der NITOBA-Lcse bis 15.Januar bei Hug & Co.]]></page>
<pb facs="CH_Bm_prg/pyr_CH_Bm_prg-1302.tif"/>
<page><![CDATA[﻿           20.14+ UUv
        Programm
                                                 Soyva+*
VJohn Jenkins(?)	Suite d-moil für Blockflöte und
1592-1678	^	Continuo (Viola da gamba, Cembalo)
                           Fantasie / Allemande I und II / Air
'“'Jacob Jan van Eyck ( Drei Var lat Ionen über John Dovlands 1590-1654	8 Pavane "Lachrimae antiquae” für Block-
                           f löte solo (
                         Stücke für Cembalo solo:
^Louis Couperin 4V 3 0" Suite d-moll um 1626 1661	Prälude / Allemande / Courante /
                            Sarabande / La Pastourelle / Chaconne
»'Johann Jacob Froberger Tombeau de M.de Blancrocher 1616-1667	3'3o"
^Louis Couperin J 3t> Tombeau de M.de Blancrocher
vArcangelo Corelli	La Follla für Blockflöte und Continuo
1653-1715	9'3o" (Viola da gamba, Cembalo), 1710 in
                         London erschienene Fassung "vith the care and approbation of several Eminei*^ Masters”
         Pause

‘'Georg Philipp Telemann Zvei Fantasien für Blockflöte solo
1681-1767
                  ^Fantas ie F- dur 4-' 3 o " •'Fantasie d-moll 4 1 3o*
•'Georg Friedrich Händel Sonate d-moll für Blockflöte und 1685-1759	Continuo (Viola da gamba, Cembalo),
 ^	aus den Fitzwilliam-Sonaten
                             Largo / Vivace / Furioso /
                             Adagio / Alle breve
   Eu<U : 11.45-Uh*
Die verwendeten Instrumente:
Sopran- und Altblockflöten Dolmetsch, Haslemere, und Coolsma, Utrecht.
Cembalo, Kopie nach Andreas Rückers, Antwerpen 1623, gebaut von Martin Scholz, Pianohaus Wilhelm Rück, Nürnberg.
'S cm	fWiKcr* (	3 f]]></page>
<pb facs="CH_Bm_prg/pyr_CH_Bm_prg-1303.tif"/>
<page><![CDATA[﻿]]></page>
       
        </p>
    </body>
  </text>
</TEI>
