<?xml version="1.0" encoding="UTF-8"?>
<?xml-model href="http://www.tei-c.org/release/xml/tei/custom/schema/relaxng/tei_all.rng" schematypens="http://relaxng.org/ns/structure/1.0"?>
<TEI xmlns="http://www.tei-c.org/ns/1.0">
  <teiHeader>
    <fileDesc>
        <titleStmt>
            <title>BASEL</title>
        </titleStmt>
        <editionStmt>
            <edition>TEI P5.1 Edition</edition>
            <respStmt>
                <resp>
                    <persName>Claudio Bacciagaluppi</persName>
                    <persName>Laurent Pugin</persName>
                    <persName>Rodolfo Zitellini</persName>
                    <date when="2016-01">Janvier 2016</date>
                </resp>
                <name>Bureau Suisse du RISM</name>
            </respStmt>
        </editionStmt>
        <publicationStmt>
            <publisher><orgName xml:base="http://www.rism-ch.org">Bureau Suisse du RISM</orgName></publisher>
        </publicationStmt>
	    <seriesStmt>
	     <idno type="collection">ch_famb</idno>
	    </seriesStmt>
      <sourceDesc>
		<bibl>
        <title>Concert<date when="19450523">23/05/1945</date></title>
<series>Concert</series>
<placeName>Basel, Münstersaal des Bischofshofs</placeName>
<orgName role="holding">Archiv des Vereins Freunde alter Musik Basel; <link target="http://famb.ch/"/></orgName>

		</bibl>
      </sourceDesc>
    </fileDesc>
  </teiHeader>
  <text>
    <body>
        <p> <!-- all the content of the program in one paragraph -->
            <pb facs="CH_Bm_prg/pyr_CH_Bm_prg-0560.tif"/>
<date when="19450523"/>
<name key="Thibault de Navarre" type="person" role="cmp">Thibault de Navarre</name>
<name key="Anonymus" type="person" role="cmp">Anonymus</name>
<name key="Raimbaut de Vaqueiras" type="person" role="cmp">Raimbaut de Vaqueiras</name>
<name key="Perrin d'Agincourt" type="person" role="cmp">Perrin d'Agincourt</name>
<name key="Anonymus" type="person" role="cmp">Anonymus</name>
<name key="Chaillou de Pestain" type="person" role="cmp">Chaillou de Pestain</name>
<name key="Mulino" type="person" role="cmp">Mulino</name>
<name key="Machaut, Guillaume de" type="person" role="cmp">Machaut, Guillaume de</name>
<name key="Locke, Matthew" type="person" role="cmp">Locke, Matthew</name>
<name key="Weelkes, Thomas" type="person" role="cmp">Weelkes, Thomas</name>
<name key="Gibbons, Orlando" type="person" role="cmp">Gibbons, Orlando</name>
<name key="Farnaby, Giles" type="person" role="cmp">Farnaby, Giles</name>
<name key="Tomkins, Thomas" type="person" role="cmp">Tomkins, Thomas</name>
<name key="Wilbye, John" type="person" role="cmp">Wilbye, John</name>
<name key="Purcell, Henry" type="person" role="cmp">Purcell, Henry</name>
<name key="Telemann, Georg Philipp" type="person" role="cmp">Telemann, Georg Philipp</name>
<name key="Bach, Johann Sebastian" type="person" role="cmp">Bach, Johann Sebastian</name><name key="Helbling, Maria" type="person" role="int">Helbling, Maria</name>
<name key="Meili, Max" type="person" role="int">Meili, Max</name>
<name key="Etzensperger, Fritz" type="person" role="int">Etzensperger, Fritz</name>
<name key="Kägi, Valerie" type="person" role="int">Kägi, Valerie</name>
<name key="Wenzinger, August" type="person" role="int">Wenzinger, August</name>
<name key="Wörsching, Fritz" type="person" role="int">Wörsching, Fritz</name>
<name key="Müller, Eduard" type="person" role="int">Müller, Eduard</name>
<name key="Zumthor, Paul" type="person" role="int">Zumthor, Paul</name>
<name key="Scherz-Meister, Elsa" type="person" role="int">Scherz-Meister, Elsa</name>
<name key="Wenzinger, Ilse" type="person" role="int">Wenzinger, Ilse</name>
<name key="Helbling, Maria" type="person" role="int">Helbling, Maria</name>
<name key="Meili, Max" type="person" role="int">Meili, Max</name>
<name key="Etzensperger, Fritz" type="person" role="int">Etzensperger, Fritz</name>
<name key="Flügel, Gertrud" type="person" role="int">Flügel, Gertrud</name>
<name key="Majer, Marianne" type="person" role="int">Majer, Marianne</name>
<name key="Wenzinger, August" type="person" role="int">Wenzinger, August</name>
<name key="Wenzinger, Maya" type="person" role="int">Wenzinger, Maya</name>
<name key="Kägi, Valerie" type="person" role="int">Kägi, Valerie</name>
<name key="Scherz-Meister, Elsa" type="person" role="int">Scherz-Meister, Elsa</name>
<name key="Widmer-Hoch, Pauline" type="person" role="int">Widmer-Hoch, Pauline</name>
<name key="Meili, Max" type="person" role="int">Meili, Max</name>
<name key="Etzensperger, Fritz" type="person" role="int">Etzensperger, Fritz</name>
<name key="Kägi, Walter" type="person" role="int">Kägi, Walter</name>
<name key="Felicani, Rodolfo" type="person" role="int">Felicani, Rodolfo</name>
<name key="Majer, Marianne" type="person" role="int">Majer, Marianne</name>
<name key="Wenzinger, August" type="person" role="int">Wenzinger, August</name>
<name key="Moser, Fritz" type="person" role="int">Moser, Fritz</name>
<name key="Adler, Alice" type="person" role="int">Adler, Alice</name>
<name key="Bopp, Joseph" type="person" role="int">Bopp, Joseph</name>
<name key="Schwendener, Max" type="person" role="int">Schwendener, Max</name>
<name key="Müller, Eduard" type="person" role="int">Müller, Eduard</name><title>Concert</title>
<placeName key="Basel, Münstersaal des Bischofshofs"/>
<name key="Concert" type="series"/>
<page><![CDATA[﻿Freunde alter Musik in Basel
der Schola Cantorum Basiliensis
 Sommer 1945, 23., 24., 25. Mal
                              Kartenbezug (Einzelkarten und Mitgliederabonnemente) bei Hng & Co., Freie Strafte 70 a, Basel, und an der Abendkasse (nur Einzelkarten).
                                Einzelkarten für jfcdes Konzert zu Fr. 3.30, 4.40, 5.50 (Militär Fr. 2.20, 3.30, 4.40) ab 16. Mai.
                                 Mitgliederabonnemente (nur imVorverkauf): Freimitglieder (Jahresbeitrag Fr. 25.—) erhalten ihre Mitgliederabonnemente ab 14. Mai; Mitglieder (Jahresbeitrag Fr. 10.—, resp. Fr. 5.—) können ein Mitgliederabonnement zu Fr- 4.40, 6.60, 8.80 (oder je eine ermäßigte Einzelkarte zu Fr. 2.20, 3.30, 4.40) ab 15. Mai beziehen.
         Programmheft Fr. 1.—
]]></page>
<pb facs="CH_Bm_prg/pyr_CH_Bm_prg-0561.tif"/>
<page><![CDATA[﻿r
Schola Cantorum Basiliensis
Lehr- und Forschungsinstitut für alte Musik / Direktion Paul Sacher
                       Unterricht auf alten Instrumenten und in allen Fächern der alten Musik
                Fächer und Lehrer:
                          Gesang (Solo, Ensemble): Max Meili, Dr. A. Geering, Helene Haefeli. Gregorianischer Choral: Ina Lohr.
                          Gregorianischer Chor: Ina Lohr.
                        Chor- und Ensembleübungen in Hausmusik: Ina Lohr.
                        Hausmusik für Kinder: Marianne Majer.
                          Blockflöte: Ina Lohr, Valerie Kägi, Marianne Majer.
                          Violine in alter Mensur: Walter Kägi, Gertrud Flügel.
                          Viola d'amore: Gertrud Flügel.
                         Viola da gamba: August Wenzinger, Marianne Majer.
                         Streichermusik: August Wenzinger, Marianne Majer.
                          Laute (Gitarre): Dr. Hermann Leeb, Fritz Wörsching.
                         Orgel: Eduard Müller.
                         Cembalo: Eduard Müller, Valerie Kägi.
                           Clavichord: Valerie Kägi.
                        Ensemble (vokal und instrumental): August Wenzinger, Ina Lohr. Evangelische Kirchenmusik: Ina Lohr, Eduard Müller.
                         Generalbaß: Ina Lohr, Eduard Müller.
                         Verzierungslehre: Dr. Arnold Geering, August Wenzinger.
                         Praktische Uebungen: Ina Lohr.
                          Formenlehre: Dr. Walter Nef.
                         Instrumentenkunde: Dr. Walter Nef.
                          Einführung in die alte Notation: Dr. Arnold Geering, Dr. Walter Nef. Die alte Musik im Veberblick: Dr. Walter Nef.
                  Interne Abteilung
                   Berufsmäßige Ausbildung in Gesang und Instrumentalfächern, Kirchenmusik, Schulmusik, als Leiter von Sing- und Spielgruppen und Lehrer für Hausmusik. Vollständiges Pensum mit Haupt- und Nebenfächern. Abschlußprüfung mit auswärtigem Experten und Diplom. Anmeldung bei der Direktion.
                  Wintersemester von Mitte Oktober bis Ende Februar, Sommersemester von Ende Februar bis Anfang Juli. Beginn des Wintersemesters 1945/46: voraussichtlich Anfang Oktober.
                   Prospekt, Auskunft und Anmeldung auf dem Sekretariat, St. Albanvorstadt 5. Sprechstunde Montag bis Freitag 15—17 Uhr. Telefon 4 20 51.

Freunde alter Musik in Basel
der Schola Cantorum Basiliensis
                 Sommer 1945, 23., 24., 25. Mai
Mittwoch, 23. Mai, 20.15 Uhr
                    Münstersaal des Bischofshofs
               1.	Konzert, Musik und Dichtung aus dem französischen Mittelalter
Donnerstag, 24. Mai, 20.15 Uhr
                    Münstersaal des Bischofshofs
               2.	Konzert, Musik aus Alt-England
Freitag, 25. Mai, 20.15 Uhr
                    Münstersaal des Bischofshofs
    3.	Konzert, Kammermusik der Bachzeit]]></page>
<pb facs="CH_Bm_prg/pyr_CH_Bm_prg-0562.tif"/>
<page><![CDATA[﻿Zur Einführung
Die Musik, die wir aus dem Mittelalter haben, ist fast immer mit einem Text verbunden. Oft erfand der gleiche die Verse und die Melodie und trug beides selber vor: er war Dichter, Komponist und Sänger in einer Person. Das ist die Regel bei den südfranzösischen Troubadours und den nordfranzösischen Trou-veres, mit der Einschränkung, daß sie das Vortragen gern dem Spielmann, dem «Jongleur» oder «Menestrel», übertrugen. Ein großer Dichter und zugleich ein großer Musiker war auch Guillaume de Machaut. Bei ihm ist jedoch das Verhältnis der beiden Künste selbständiger und weist schon auf ähnliche Doppelbegabungen in neuerer Zeit. Manchmal wurde Dichtung und Musik dadurch miteinander verbunden, daß man Gesänge in Dichtungen einfügte: so bei Machaut im «Livre du Voir Dit» oder im «Roman de Fauvel». Dieser, ein langes allegorischsatirisches Gedicht, das die Uebelstände und Laster der Zeit geißelt, ist zwischen 1310 und 1314 von Gervais du Bus, einem Notar der königlichen Kanzlei, verfaßt worden. Fauvel, die Hauptfigur, ist aus folgenden «Tugenden» zusammengesetzt: Flatterie, ivarice, Vilenie, Variete, Envie, Lächete. Die 1316, also nachträglich eingefügten Musikstücke sind mit dem Namen Chaillou de Pesstain verbunden. Wir wissen aber nicht, ob es sich bei ihm um den Komponisten, den Sammler oder nur um den Schreiber handelt.
Das künstlerische Streben in der weltlichen Musik des Mittelalters war auf die Form gerichtet. Man bemühte sich, den gleichen oder ähnlichen Stoff immer wieder neu zu gestalten. Etwas vom Reichtum und der Schönheit der Formen wird auch in unserem Konzert offenbar werden. Die Estampie mit ihren Doppelstrophen, vielleicht ein Tanz, scheint in der Instrumentalmusik bevorzugt worden zu sein. Rondeau und Ballade gehören zu den beliebten Formen mit Kehrreim. Eigenartig ist die Motette des Mittelalters, die mit der spätem Gattung dieses Namens kaum etwas gemein hat. Sie kommt aus der geistlichen Musik und ist allmählich auf die weltliche übergegangen. Jede Stimme hat bei ihr nicht nur eine eigene Melodie, sondern auch einen eigenen Text. Zum erstenmal ist hier die Möglichkeit der Musik ausgenützt, mehrere Personen zur gleichen Zeit Verschiedenes, ja Gegensätzliches sagen zu lassen, eine Möglichkeit, die später wiederholt in komischer oder ernster Absicht angewendet worden ist, so im Quodlibet und, jedem Musikfreund bekannt, im Opernfinale.
Die bei der Motette auf die Spitze getriebene Unabhängigkeit der Stimmen gibt uns einen Fingerzeig, wie wir diese Musik hören sollen: auf die Melodie kommt es an. In den Liedern der Troubadours und Trouveres haben wir Melodie allein, in der mehrstimmigen Musik sind zwei oder mehr Melodien miteinander verbunden. Wenn wir uns bemühen, auf die Melodie zu hören, so wird uns die Türe zur Musik des Mittelalters aufgehen.

      1.	Konzert
                           Mittwoch, 23. Mai, 20.15 Uhr Münstersaal des Bischofshols
                          Ausführende: Maria Helbling (Alt), Max Meili (Tenor), Fritz Etzensperger (Baß).
                              Valerie Kägi (Blockflöte), August Wenzinger (Viola da gamba), Fritz Wörsching (Laute), Eduard Müller (Cembalo).
                            Unter freundlicher Mitwirkung von Herrn Dr. Paul Zumthor.
                              Verantwortlich für die Aufführung: August Wenzinger.
        PROGRAMM Musik und Dichtung aus dem französischen Mittelalter
Vier Troubadours- und Trouveres-Gesänge (Tenor)
«Li douz penser»
«Joie d’amors»
«Kalenda maya»
«Quant li beax estez»
La quinte estampie real (Viola da gamba)
Fünf Gesänge aus dem «Roman de Fauvel» (Singstimmen und Instrumente)
                           Conductus «Mundus a mundicia»
                            Motette «Detractor est — Qui secuntur — Virum iniquum»
                            Motette «Je voi douleur — Fauvel nous a fait — Autant m’est si poise»
                            Ballade «Douce dame debonnaire»
                             Motette «Bon vin — Quand je le voi — Ciz chans»
Rondeau «Ami tout dous» (Cembalo)
Zwei Gesänge aus dem «Livre du Voir Dit»
Ballade «Nesque on porroit» (Instrumental) Rondeau «Sans euer dolens» (Tenor und Viola da gamba)
                            Zwei Gesänge (Tenor und Instrumente)
                              Ballade «Amours me fait desirer»
                              Rondeau «Rose, liz, printemps, verdure»
Texte und Anmerkungen umstehend Verzeichnis der verwendeten Instrumente siehe S. 24.
3
Thibaut de Navarre 1201—1253
Anonymer Trouvere 13. Jahrh.
Raimbaut de Vaqueiras gest. 1207
Perrin d’Angicourt 13. Jahrh.
Anonym 13. Jahrh.
Chaillou de Pesstain um 1316
Mulino 14. Jahrh.
Guillaume de Machaut gest. 1377]]></page>
<pb facs="CH_Bm_prg/pyr_CH_Bm_prg-0563.tif"/>
<page><![CDATA[﻿Texte und Anmerkungen
Thibauf de Navarre
Li douz penser et li douz sovenir M’i font mon euer esprendre de chanter, Et fine Amor, qui ne m’i let durer,
Qui fait les siens en joie maintenir Et met es cuers la douce remenbranee. Pour c’est Amors de trop haute pois-sance,
Qui en esmai fet homme rejoir Ne pour doloir nel let de li partir.
Ses granz biautez, dont nus hons n’a pouoir
Qu'il en deist la cinqantisme part,
Li dit plesant, li amoreus regart M’i font souvent resjoir et doloir.
Joie en atent, que mes cuers a ce bee, Et la poorä rest dedenz moi entree. Ensi m’estuet morir par estouvoir,
En grant esmai, en joie et en voloir.
Dame, de qui est ma granz desirree, Saluz vos mant d’outre la mer salee Conme a celi ou je pens main et soir; N’autres pensers ne me fet joie avoir.
Tenor.
«Li douz penser»
Süße Gedanken und süße Erinnerungen entflammen mein Herz zum Singen, und vollkommene Liebe, die mir keine Ruhe läßt, die ihre Diener in Freuden erhält und süßes Erinnern in die Herzen gießt. Denn die Liebe ist allzu mächtig und bringt den Menschen Freude in der Trübsal und läßt sie auch um des Leides willen nicht frei.
Ihre große Schönheit, von der kein Mensch imstande ist, auch nur den fünfzigsten Teil zu schildern, ihre lustigen Sprüche, ihre verliebten Blicke, bringen mir immer wieder Lust und Leid. Freude erhoffe ich davon, mein Herz sehnt sich danach, und Furcht bleibt mir allein im Leib, und so muß ich notwendig in großem Leid in Freude und Sehnsucht sterben.
Frau, nach der meine große Sehnsucht steht, ich sende dir Grüße von jenseits dem salzigen Meer, denke ich doch Tag und Nacht an euch. Andere Gedanken bringen mir keine Freude.
J. Beck, Les Chansonniers des Troubadours et des Trouvferes, Bd. II, S. 163.
Thibaut de Champagne, seit 1234 König von Navarra, führte ein unstetes Leben und war in viele Konflikte verwickelt. 1239 trug er sich mit dem Gedanken eines Kreuzzuges.
Anonymer Trouv&re
Joie d’amors que j’ai tant desiree Qu’autre voloir m’a fait entroblier.
M’a mis au euer une douce pensee Qui nuit et jor me semont de chanter. Dex! tant sui liez, quant je puis re-corder
Sa grant biaute, de grace enluminee,
Et sa valor, ou toute joie est nee.
Qui set, merci Dex! ou est eie alee?
Je ne la puis veoir ne esgarder.
Tant est vers moi et sorde et avuglee Que ne me vuet olr ne escouter;
Et je ne puis sanz son confort durer. Douce Merciz, morte et entrobliee:
Car m’en soffrez au moins ma fole bee!
Tenor.
J. Beck, Bd. II, S. 150.
«Joie d'amors »
Liebesluat, die ich so sehr ersehnte, daß ich darob jedweden ändern Wunsch vergaß, hat mir ins Herz süße Gedanken eingegeben, daß es mich früh und spät zu singen gelüstet. Gott! so froh bin ich, wenn ich an ihre große Schönheit denke, an ihre lichte Anmut, an ihre hohe Tugend, darin alle Freude ihren Ursprung hat.
Wer weiß, mein Gott, wo sie hingegangen ist? Ich kann sie nicht sehen, sie zu schauen ist mir nicht vergönnt. So taub und blind ist sie gegen mich, daß sie mich gar nicht anhören will. Und ohne ihren Trost kann ich nicht weiter leben. Süße Gnade, die du tot und vergessen bist: dulde wenigstens mein wahnwitziges sehnsüchtiges Verlangen.

Raimbaut de Vaqueiras
Kalenda maya Ni fuelhs de faya
Ni chanz d’auzelh ni flors de glaya Non es quem playa,
Pros domna guaya,
Tro qu’un ysnelh messaugier aya Del vostre bei cors, quem retraya,
Plazer novelh qu’Amors m’atraya,
E jaya Emtraya
Vas vos, domna veraya;
E chava De playa
L’gelos, ans quem n’estraya.
Ma belh’ amia,
Per Dieu no sia
Que jal gelos de mon dan ria;
Que car vendria Sa gelozia
Si aitals dos amans partia;
Qu’ieu ja joyos mais no seria Ni joiys ses vos pro nom tenria;
Tal via Faria
Qu’om ja mais nom veria.
Seih dia Morria,
Donna pros, qu’ieus perdria.
Tenor (gesungen), Viola da gamba.
P. Aubry, Trouveres et Troubadours, S. 56.
« Kalenda maya »
Am ersten Maientage mögen mir weder Buchenlaub noch Vogelsang, noch Lilienblüten Freude bereiten, edle, liebe Frau, bis ein schneller Bote von dir Botschaft bringt und mir berichtet frohe Kunde, daß Amor mich lockt. Und froh zog ich zu dir, edle Frau. Und eher stirbt an einer Wunde der Eifersüchtige, ehe er mich vertreiben könnte.
Schöne Freundin, Gott behüte, daß je der Eifersüchtige über mein Leid spotten soll. Denn gar großen Gewinn brächte ihm sein eifersüchtig Wüten, wenn er zwei solche Liebende entzweien könnte. Nie mehr möchte ich froh sein, könnte ich euch nicht dienen. Dahin würde ich gehn, wo niemand mich mehr sähe. An diesem Tage müßte ich sterben, holde Frau, da ich euch verlöre.
Die Entstehung dieses berühmten Liedes wird folgendermaßen überliefert: Raimbauti, der Sohn eines armen Ritters von Vaqueiras, verliebte sich am Hof Boni-faz’ II. von Montferrat in Beatrice, die Schwester des Marquis, und dichtete auf sie viele Lieder. Er wurde jedoch bei ihr verleumdet, von Neidern («gelos»), wie er meinte, sie gab ihm den Abschied, und der Dichter blieb stumm. Da kamen einmal zwei französische Spielleute an den Hof und erfreuten Ritter und Damen mit einer «Estampida». Der Marquis ermunterte Raimbaut, wieder fröhlich zu werden, aber vergebens. Erst als Beatrice selbst ihn bat, überwand er seinen Trübsinn und dichtete auf die Melodie der «Estampida» ein neues Lied: «Kalenda maya».
Perrin d’Angicourt
Quant li beax estez repaire, Qu’arbre sont flori,
Que chacuns oiseaux s’apaire Por le tens joli,
Las, il ne m’est pas ausi,
Ainz muir de malance,
Car cele ou tant a vaillance, Des beles la flors,
Croit les menteours,
Si me torne a mescheance.
«Quant li beax estez»
Wenn der schöne Sommer wiederkehrt und die Bäume in Blüten stehn, wenn alle Vögel sich paaren, in der fröhlichen Frühlingszeit, ach! dann ergeht es mir nicht wie ihnen,
nein, ich sterbe vor Leid und Gram, denn die 'Frau, in der so viel Tugend und Schönheit wohnt, glaubt den Verleumdern und Lügnern und läßt mich Kummer und Elend leiden.
5]]></page>
<pb facs="CH_Bm_prg/pyr_CH_Bm_prg-0564.tif"/>
<page><![CDATA[﻿He! mesdisant de malaire,
Tuit leal ami
Doivent hair vostre afaire;
Vos m’avez nuisi!
Leaus Amors cui j’en pri M’en face venjance!
Par vos sui en desperance Sanz estre resors,
Se leaus Amors
Et bone foiz ne m’avance.
Tenor.
J. Beck, Bd. II, S. 292.
Anonym
Viola da gamba.
P. Aubry, Estampies et danses royales,
Wehe! Ihr bösen Verleumder!
Alle wahren, ergebenen Liebenden müssen euer Treiben hassen.
Ihr habt mich verunglimpft. Aufrichtige Liebe soll mich dafür rächen!
Euretwegen bin ich in Verzweiflung, und niemand hilft mir, ohne wahre Liebe bin ich und ohne Glauben an Erfolg.
La quinte estampie real
 1. 21.
Aus dem « Roman de Fauvel >
Mundus a mundicia dictus per contraria sordet immundicia criminum, crescit in malicia; culpa nescit terminum.
Nam sedutrix hominum
favelli nequicia
non habet hic dominum.
Philipp de Greve (gest. 1236).
Conducfus « Mundus a mundicia »
Die Welt (mundus), die von der Reinheit (munditia) e contrario ihren Namen hat, starrt von der Unreinheit ihrer Sünden, sie nimmt an Bosheit zu, die Schuld kennt keine Grenze. Denn was die Menschen verführt, die Bosheit des Fauvel (des roten Fuchses, des Teufels), findet hier keinen Meister.
Tenor (gesungen), Viola da gamba.
J. Wolf, Geschichte der Mensuralnotation, Bd. III, S. 7.
Aus dem «Roman de Fauvel»
1.	Stimme (Alt)
Detractor est nequissima vulpes par 8es medis greve autrui et si pis, sed non minus adulator blandus, car de^oit roys princes contes ducs. omnibus sunt tales fugiendi, et li uns plus que li autres sen di detrahere ulli vel audire ont medisant de vouloir desir hujus modi quid damnabilius jugier se doit raison et non li eus de pinguegni o vice domine par tele gent prince on determine. in subditos quoscunque grassari
Motette « Detractor est-Qui secuntur-Virum iniquum»
In diesem sehr dunkeln Text eifert Fauvel gegen die Verleumder sowie gegen diejenigen, die den Großen schmeicheln. Vor den einen wie vor den ändern soll man fliehen; denn ihr einziger Wunsch ist es, Unruhe zu stiften in den Beziehungen, die ihresgleichen haben; indem sie die Fürsten beeinflussen, ziehen sie uns die schlimmsten Uebel zu.
                6

dont est pitiez s’en sont plusieurs mari
ecclesias palam exspoliant
sur espece de bien mal paliant.
Juste deus detractores lue de leur medis car il sont trop luie.
2.	Stimme (Tenor)
Qui secuntur castra sunt miseri,
car pouvrement s’ont Service meri.
fidelibus qui bene serviunt
sans mesprison et de vrai euer seri,
de calice tales bibunt meri.
mes li graeur qui ades serviont
mendaciis tamquam nugigeri,
plus c’onques mes a gens sunt entheri.
hi de fece bibunt et faciunt
du ques a donc que bienfait ont peri:
hos duc deus ad portas inferi.
Die zweite Stimme klagt darüber, daß die treuen Diener immer benachteiligt sind, während sich die Schmeichler des Wohlwollens der Großen erfreuen.
3. Stimme (Baß)
Virum iniquum et dolosum abhomina-bitur Dominus.	Psalm 5, 7.
Den ungerechten und tückischen Mann verabscheut der Herr.
Alt, Tenor, Baß.
J. Wolf, Bd. III, S. 12.
Aus dem «Roman de Fauvel»
1.	Stimme (Alt)
Je voi douleur avenir car tout ce fait par contraire Cliemin ne voie e tenir ne veut nul par quoi venir puist a bien n’a raison faire.
2.	Stimme (Tenor)
Fauvel nous a fait present du mestier de la civiere N’est pas hons qui ce ne sent Je voi tout quant a present aler ce devant derriere.
3.	Stimme: Fauvel (Baß)
Autant m’est si poise arriere comme avant.
Alt, Tenor, Baß.
J. Wolf, Bd. III, S. 19.
Motetle «Je voi douleur-Fauvel nous a fait-Aufant m'est si poise»
Ich sehe den Schmerz kommen; denn er handelt so aus Feindschaft. Keiner will auf dem Weg bleiben, der ihn dazu führen könnte, nur gut und recht zu handeln.
Fauvel hat uns beschenkt mit dem «Jeu de la civiere» 1. Da ist niemand, der es nicht bemerkt. Ich sehe heute alles rückwärts gehen.
Alles drückt mich gleich stark hinten wie vorn.
1	Sprichwörtlich, mit dem Sinn: die ganze Welt ist von Fauvel verführt worden.
7]]></page>
<pb facs="CH_Bm_prg/pyr_CH_Bm_prg-0565.tif"/>
<page><![CDATA[﻿Aus dem « Roman de Fauvel »
Fauvel: Douce dame debonnaire! Fortune: Fauvel, que te faut?
Fauvel: Mon euer vous doins sanz re-traire.
Fortune: Sen en toi defaut.
Fauvel: Ne vous en chaut il?
Fortune: Fi, raauves outil Fauvel: Puis qu’ensi est que ferai? Fortune: Ja m’amour ne te lerai.
Fauvel: J’ai grant plesir de vous plaire. Fortune: De ce ne me chaut.
Fauvel: Ne soiez a moi contraire. Fortune: Diva, qui t'assaut.
Fauvel: Moi prendre a mari.
Fortune: Jo, Jo! sus! hari!
Fauvel: Douce dame, que ferai? Fortune: Ja m’amour ne te lerai.
Fauvel: Ne sai que je puisse faire. Fortune: Fai donques un saut!
Fauvel: Volontiers vers vo viaire. Fortune: Ne saut pas si haut.
Fauvel: Las, je vous ainz si.
Fortune: Ne me plest ainsi.
Fauvel: He las! Dieus! et que ferai? Fortune: Ja m’amour ne te lerai.
Fortune: Alt; Fauvel: Tenor.
Ballade « Douce dame debonnaire »
Süße, holde Frau.
Fauvel, was willst du?
Ich schenke euch mein Herz, ohne Widerruf.
Ich sehe einen Fehler in dir.
Was kümmert dich das?
Du bist nur ein Heuchler.
Was soll ich denn tun?
Ich werde dir meine Liebe nicht schenken.
Ich möchte euch so gerne gefallen. Daran liegt mir nichts.
Seid mir nicht feindlich gesinnt!
Ei, wer greift dich denn an?
Nimm mich zum Gatten.
Hoho! Los! Hetzt ihn!
Süße Frau, was soll ich tun?
Ich werde dir meine Liebe nicht schenken.
Ich weiß nicht was tun.
Tu einen Sprung!
Gern — gegen dein Gesicht.
Spring nicht so hoch!
Ach! ich liebe euch doch so sehr.
Das gefällt mir nicht.
Ach, Gott, was soll ich tun?
Ich werde dir meine Liebe nicht schenken.
F. Gennrich, Rondeaux, Virelais und Balladen, Bd. I, S. 291.
Aus dem «Roman de Fauvel»
1.	Stimme (Alt)
Bon vin doit l’en a li tirer, et le mauves en sus bouter; puis doivent compagnons chanter: Ci8 chans veult boire!
2.	Stimme (Tenor)
Quant je le voi ou voirre cler, volentiers m’i vueil acorder, et puis si chante de euer cler:
Cis chans veult boire!
3.	Stimme (Baß)
Cis chans veult boire!
Alt, Tenor, Baß.
F. Gennrich, Bd. II, S. 240.
8
MofeHe « Bon vin-Quanf je le voi-Ciz chans »
Man muß sich den guten Wein verschaffen und den schlechten weit wegschütten; denn die Gefährten singen: dieser Gesang will trinken!
Wenn ich ihn deutlich im Glase sehe, so möchte ich ihm ähnlich sein, und ich singe leichten Herzens: dieser Gesang will trinken!
Dieser Gesang will trinken!

Mulino
                              Rondeau < Amis foul dous •
Cembalo.
F. Kämmerer, Die Musikstücke des Prager Codex XI E 9, S. 145.
Es ist nicht sicher, ob dieses Rondeau den unbekannten Komponisten Mulino zum Verfasser hat. Es war auch unter dem Titel «De molen van pariis» bekannt.
Guillaume de Machaut
Nesque on porroit les estoilles nombrer, quant on les voit luire plus clerement, et les goutes de pluie et de la mer, et la greve sur coy eile s’estent, et compasser le tour dou firmament, ne porroit on penser ne concevoir le grant desir que j’ay de vous voir.
Ballade «Nesque on porroit*
So wenig man die Sterne zählen könnte, wenn man sie hell am Himmel leuchten sieht, und die Regentropfen oder die Tropfen des Meeres und den Sand, auf dem es sich ausdehnt, so wenig man das ganze Firmament umschreiten könnte, genau so wenig vermöchte man zu denken oder zu begreifen, wie große Sehnsucht ich verspüre, dich zu sehn.
Blockflöte, Laute, Viola da gamba, Cembalo.
F. Ludwig, Guillaume de Machaut, Musikalische Werke, Bd. I, S. 38.
Im «Livre du Voir Dit» wechseln lyrische Abschnitte, wie unsere Ballade und unser Rondeau, mit Briefen in Prosa ab. In dem unsere Ballade begleitenden Brief heißt es: «Si vous suppli que vous le daigniez oyr, et savoir la chose ainsi comme eile est faite, sans mettre ne oster; et se vuet dire de bien longue mesure; et qui la porroit mettre sus les orgues, sus cornemuses (Sackpfeifen) ou autres ins-trumens, c’est sa droite nature.n Die Ballade wird darum auf Instrumenten gespielt.
Guillaume de Machaut
Sans euer, dolens de vous departiray, et sans avoir joie jusqu’au retour.
Puis que mon corps dou vostre a par-tir ay,
Sans euer, dolens de vous departiray, Mais je ne scay de quel part yray pour ce que pleins de doleur et de plour Sans euer, dolens de vous departiray.
Tenor (gesungen), Viola da gamba.
F. Ludwig, Bd. I, S. 54.
Rondeau «Sans euer dolens»
Traurig und mutlos scheide ich von dir, und keine Freude blüht mir, bis ich wiederkomme. Da ich von dir scheiden muß, scheide ich traurig und mutlos. Doch weiß ich nicht, wohin ich mich wenden soll, da ich voll Schmerz und Klagen, mutlos, traurig von dir scheiden muß.
Guillaume de Machaut
Ballade « Amours me fait desirer »
Amours me fait desirer et amer:
mais c’est si follettement que je ne puis esperer ne penser
n’ymaginer nullement
Liebe gibt mir Sehnsucht ein und zwingt mich zu lieben. Aber so närrisch, daß ich nicht hoffen kann, noch denken darf, noch mir irgend einbilden, das süße, liebe Angesicht, das mich entzückt, könne mir jemals Freude schen-
9]]></page>
<pb facs="CH_Bm_prg/pyr_CH_Bm_prg-0566.tif"/>
<page><![CDATA[﻿que le dous viaire gent qui m’esprent me doie joie donner, s’amours ne fait proprement tellement
que je l’aie sans rouver.
ken, wenn die Liebe nicht geschwind es so einrichtet, daß ich sie bekomme, ohne lange darum zu betteln.
Tenor (gesungen), Blockflöte, Laute, Viola da gamba. F. Ludwig, Bd. I, S. 20.
Guillaume de Machau!
Rose, liz, printemps, verdure, fleur, bäume et tres douce odour, belle, passes en dougour, et tous les biens de nature, avez dont je vous aour.
Rose, liz ...
Et quant toute creature seurmonte vostre valour, bien puis dire et par honnour Rose, liz ...
Tenor (gesungen), Blockflöte, Laute, Viola da gamba, Cembalo.
F.	Ludwig, Bd. I, S. 60.
Guillaume de Machaut ist zugleich ein bedeutender Dichter und der größte Musiker Frankreichs am Ausgang des Mittelalters gewesen. Seit 1330 lebte er als Kleriker am Hof des böhmischen Königs Johann von Luxemburg in Prag, später im Dienst der französischen Könige Johann des Guten und Karl V. Er starb 1377 in Reims. Neben weltlich-höfischer Musik, dem Hauptgebiet seines Schaffens, haben wir von ihm auch eine der frühesten vierstimmigen Vertonungen der Messe.
 Rondeau « Rose, lix, printemps, verdure »
 Rosen, Lilien, Frühling, frisches Grün, Blumen, Balsam und süßesten Duft, du Schöne, übertriffst du an Süße, und alles, was die Natur an Köstlichem hat, besitzest du, und darum bete ich dich an. Rosen, Lilien ...
 Und wenn jegliche Kreatur deinen Wert noch übertrifft, so kann ich wohl sagen, auf meine Ehre, Rosen, Lilien . ..
2.	Konzert
Donnerstag, 24. Mai, 20.15 Uhr Münstersaal des Bischofshofs
Ausführende: Elsa Scherz-Meister, Ilse Wenzinger (Sopran), Maria Heibling (Alt), Max Meili (Tenor), Fritz Etzensperger (Baß).
Gertrud Flügel, Marianne Majer (Violine, Viola da gamba), August Wenzinger, Maya Wenzinger (Viola da gamba), Valerie Kägi (Cembalo).
Verantwortlich für die Aufführung: August Wenzinger.
PROGRAMM
Musik aus All-England
Matthew Lorke um 1632—1677
Thomas Weelkcs um 1575—1623
Orlando Gibbons 1583—1625
Giles Farnaby
etwa 1560 bis etwa 1600
Thomas Tomkins 1573/75—1656
John Wilbye 1574—1638
Thomas Tomkins
Suite Nr. 3, F-dur (Gambenquartett)
Zwei Madrigale (a cappella)
  «On the plains, Fairy trains»
  «Adieu, ye city-prisoning towers»
 Drei Stücke aus dem «Fitzwilliam Virginal-Book» für Cembalo
 Pawles Wharfe
 Worster Braules The Hunting Galliard
 Zwei Madrigale (a cappella)
 «Oft have / vowed»
 «Fusca, in thy starry eyes»
                            Drei Fantasien (Gambenquartett)
                           «Urge me no more» für Tenor und Continuo Sonate Nr. 10, D-dur, für zwei Violinen und Continuo «Nymphs and Shepherds» für vier Singstimmen und Instrumente
Texte und Anmerkungen umstehend
Verzeichnis der verwendeten Instrumente siehe S. 24.
Henry Purcell 1658—1695
11]]></page>
<pb facs="CH_Bm_prg/pyr_CH_Bm_prg-0567.tif"/>
<page><![CDATA[﻿         Zur Einführung
                «In einiger Entfernung hatte sich unter einem Baum auf dem Grase eine singende Gesellschaft niedergelassen. Ich lenkte mein Pferd zu ihr und sah, daß es einige Bürger waren, die sich zufällig angetroffen hatten und mit vier oder fünf Stimmen ausgezeichnet sangen. Nie in meinem ganzen Leben war ich angesichts der Umstände mehr von der Musik entzückt.» Die hübsche Schilderung dieser kleinen Musikszene trug im Jahre 1663 ein Engländer mit Namen Samuel Pepys in sein Tagebuch ein. Ein höheres Amt im Marineministerium ließ ihm offenbar die Mittel übrig, sich neben dem Beruf an Liebhabereien zu erfreuen. Er war ein rechter Musiknarr und verstand es, verschiedene Instrumente, von denen er eine kleine Sammlung besaß, zu spielen: die Laute, die Viola da gamba, die Theorbe (eine große Baßlaute), das Flageolett, die Blockflöte und ein wenig auch das Virginal. Am meisten hatte ihn an jenen Sängern begeistert, daß sie ohne lange Vorbereitung, ja ohne sich vorher zu kennen, imstand waren, miteinander zu singen. Auch ein andermal rühmt er in seinem Tagebuch dieses spontane Musizieren. Einst kam in London ein Goldschmiedearbeiter zu ihm, als Pepys gerade zwei Freunde zu Besuch hatte. Die vier bildeten sogleich ein Quartett, und der Goldschmied hielt seine Stimme vollkommen, obschon er ein ganz einfacher Mann war, «der keine Handschuhe trug».
                Das Tagebuch des Pepys führt mitten in das altenglische Musikleben hinein: man sang Madrigale und spielte auf allerlei Instrumenten, mit Vorliebe jedoch auf Gamben. In ihren verschiedenen Größen bildeten sie miteinander einen Chor wie die menschlichen Stimmen. Jeder musikliebende Bürger, der etwas auf sich hielt, wollte damals, wie Pepys erzählt, wenigstens einen Satz von sechs Gamben besitzen.
               In der zweiten Hälfte des Jahrhunderts verloren das Madrigalsingen und das chorische Gambenspiel an ihrer früheren Beliebtheit. Auch Pepys bekannte sich als fortschrittlicher Mann später zur neuen Richtung. «Ich bin», so schrieb er 1667, «mehr und mehr davon überzeugt, daß der Gesang mit mehreren Stimmen kein Gesang ist, sondern eine Art Instrumentalmusik, weil der Sinn der Worte, den man nicht versteht, verlorengeht und besonders weil man aus ihnen Fugen macht. Der wahre Gesang sollte meines Erachtens nur einstimmig, höchstens zweistimmig sein.» Man glaubt aus diesen Sätzen einen der italienischen Neuerer vom Anfang des Jahrhunderts zu hören. Wie einst das Madrigal aus Italien eingewandert war, so folgte nun der neue Stil nach, vor allem im Gewände der jungen Oper, der Stil der begleiteten und vom Sologesang beherrschten Musik. Purcell hat mit seinen Fantasien noch Meisterwerke im alten Stil geschaffen, nicht Fantasien in unserm Sinn, sondern der Fuge verwandte Stücke mit mehreren Themen. Zur Hauptsache steht er aber auf dem neuen Boden. Die Fantasien kommen wohl am schönsten zur Geltung, wenn sie auf Gamben gespielt werden. Mit dem neuen Stil fängt die Violine und ihre Familie an, der Viola da gamba den Rang abzulaufen. Sie war das erste Instrument, das in neuer Weise «singen» und mit der Solostimme in Wettstreit treten konnte.
                  12

Texte und Anmerkungen
Matthew Locke	Suite Nr. 3, F-dur
Fantasie - Courante - Ayre - Sarabande
Gambenquartett (Diskantgambe, zwei Altgamben, Tenorgambe).
M. Locke, Consort zu vier Stimmen, Heft I, Nr. 3 (Antiqua, Schott 2311a).
Matthew Locke, der Hofkomponist Karls II., war einer der bedeutendsten englischen Musiker seiner Zeit. Neben wertvollen Suiten für mehrere Instrumente schrieb er auch Kirchenmusik und Musik zu Dramen, darunter zu Shakespeares «Sturm».
Thomas Weelkes
Madrigal <On the plains, Fairy frains 1
On the plains Fairy trains
Were a-treading measures;
Satyrs played,
Fairies stayed,
At the stops set leisures.
Fa la la la.
Nymphs begin To come in,
Quickly, thick and threefold; Now they dance,
Now they prance,
Present there to behold.
Fa la la la.
Barnabe Barnes (etwa 1569-
-1609).
Feen tanzten Reigentänze auf dem Wiesenplan,
Satyrn spielten,
Feen hielten,
wenn die Pausen Muße boten, auch im Tanzen an.
Fa la la la.
Nymphen eilen auch herbei,
schnell und dicht, zu dreien, seht, sie tanzen, seht, sie hüpfen fröhlich in dem Reihen.
Fa la la la.
Zwei Soprane, Alt, Tenor, Baß.
E. H. Fellowes, The English Madrigal School, Bd. X, S. 17.
Thomas Weelkes, Baccalaureus der Musik in Oxford, Mitglied der königlichen Kapelle und Domorganist zu Chichester, ist einer der ersten Meister des englischen Madrigals.
Orlando Gibbons
Adieu, ye city-prisoning towers,
Better are the country bowers,
Winter is gone, the trees are springing, Birds thus on every hedge sit singing, Hark, how they chirp, Come, love, delay not,
Come, sweet love, O come and stay not.
Zwei Soprane, Alt, Tenor, Baß.
E. H. Fellowes, Bd. V, S. 139.
Madrigal
*	Adieu, ye city-prisoning towers»
Lebt wohl, ihr Türme, die ihr die Stadt wie einen Kerker umsteht, besser sind ländliche Lauben. Fort ist der Winter, die Bäume sprießen, die Vögel sitzen auf jedem Hag und singen, horch, wie sie zwitschern. Komm, Liebchen, zögre nicht, komm, süßes Lieb, komm und verweile nicht.
13]]></page>
<pb facs="CH_Bm_prg/pyr_CH_Bm_prg-0568.tif"/>
<page><![CDATA[﻿Orlando Gibbons, als Chorknabe geschult, wurde 1604 Hoforganist, 1622 «Doctor of music» in Oxford und 1623 Organist an der Westminster-Abtei. Einer der tüchtigsten englischen Komponisten seiner Zeit, schuf er neben Madrigalen auch Instrumental- und Kirchenmusik.
Giles Farnaby	Pawles Wharfe
Thomas Tomkins	Worster Braules
                                      The Huntlng Galliard
                                         Drei Stücke aus dem «Fitzwilliam Vir-ginal-Book» für Cembalo.
The Fitzwilliam Virginal-Book, hg. v. J. A. Fuller-Maitland und W. Barclay Squire. Bd. I, S. 17, 269, 100.
Giles Farnaby aus Cornwall, 1592 Baccalaureus der Musik in Oxford, schrieb Cembalomusik sowie geistliche und weltliche Gesangswerke. Virginal ist der englische Name für das kleine, meist rechteckig geformte Cembalo.
John Wilbye
Oft have I vowed how dearly I did love thee,
And oft observed thee with all willing duty,
Sighs have I sent, still hoping to remove thee,
Millions of tears I tendered to thy beauty.
Yet thou, of sighs and silly tears regard-less,
Suff’rest my feeble heart to pine with anguish,
Whilst all my barren hopes return re-wardless,
My bitter days do waste and I do languish.
Zwei Soprane, Alt, Tenor, Baß.
E. H. Fellowes, Bd. VII, S. 114.
John Wilbye aus Norfolk stand bei verschiedenen Adeligen als Musiker im Dienst.
Seine beiden 1598 und 1603 erschienenen Madrigalbücher gehören «an Tiefe der
Empfindung und des Ausdrucks und an Feinheit des Satzes zum Schönsten»
(A. Einstein).
  Madrigal <0(1 have I vowed»
  Oft hab ich Dir beteuert, wie trculich ich dich liebe Und willig dienend Dir gehuldigt oft;
  Ich sandte Seufzer, hoffend. Deinen Sinn zu wenden,
  Millionen Tränen bracht’ ich Deiner Schöne dar;
  Doch Du, achtlos der Seufzer und ein-fält’gen Tränen,
  Ließest mein schwaches Herz voll Pein sich quälen,
  Daß all mein fruchtlos Hoffen unbe-lohnt zurückkehrt,
  Daß ich vergeblich meine bitteren Tage friste und verschmachte.
Thomas Tomkins
Fusca, in thy starry eyes
Love, in black still mourning, dies,
That among so many slain,
Thou hast loved none again.
Fa la la la.
Zwei Soprane, Alt, Tenor, Baß.
E. H. Fellowes, Bd. XVIII, S. 132.
14
Madrigal « Fusca, in Ihy sfarry eyes >
Fusca, in Deinen Sternenaugen siecht in Trauer schwarz die Liebe hin, weil Du unter so vielen Erschlagenen nicht einen einzigen wieder geliebt. Fa la la la.

Thomas Tomkins, ein Schüler des berühmten William Byrd, Organist in Worcester und in der königlichen Kapelle, ist einer der besten Meister des englischen Madrigals und Schöpfer origineller Cembalomusik.
Henry Purcell	Fantasie Nr. 5 in d
                                       Fantasie Nr. 3 in g Fantasie Nr. 7 in G
Gambenquartett (Nr. 5 und 7), Gambentrio (Nr. 3): Diskant-, Alt-, Tenorgambe. H. Purcell, Fantasien (Nagels Musik-Archiv Nr. 58, S. 12, 7, 18).
Henry Purcell ist der größte Musiker Englands in der älteren Zeit. Er ivar der Sohn eines Mitglieds der königlichen Kapelle, der Schüler von John Blow, wirkte nacheinander als Organist an der Westminster-Abtei, als Organist der königlichen Kapelle und wurde schließlich königlicher Hofkomponist. Er schuf in seinem kurzen Leben viele und sehr gehaltvolle Werke. Am meisten bekannt geworden sind wieder die Oper «Dido und Aeneas», verschiedene Schauspielmusiken, das «Te Deum», weltliche Gesangsmusik, Triosonaten und Klaviermusik.
Henry Purcell
Urge me no more, this airy mirth
ßeiongs to better times,
These times are not for songs.
The sprightly twang of the melodious lute
Agrees not with my voice, and both un-suit
My untun’d fortunes.
Th’affected measure
Of strains that are constrain’d afford no pleasure.
 Music’s the child of mirth, where griefs assail
 The troubled soul, both voice and finger fail,
 My grief, my grief’s too great for smiling
 eyes
To ease or counter-charms to exorcize,
The raven’s dismal croak, the midnight howls
 Of empty wolves, mix’d with the screech of owh,
The nine sad knolls of a dull passing bell,
With the loud language of a nightly knell,
And horrid outcries of revenged
 crimes,
Join’d in a medley is music for these times.
These are no times to touch the merry string
«Urge me no more» für Tenor und Continuo (Viola da gamba, Cembalo)
Bestürme mich nicht mehr. Solch flüclit’-ger Frohsinn schickt sich für bess’re Zeiten. Dies sind keine Zeiten für Lieder. Der muntre Klang der melodischen Laute paßt nicht zu meiner Stimme, und weder Stimme noch Laute klingen zu meinem verstimmten Geschick. Die künstlichen Weisen gezwungener Saiten gewähren mir keine Freude. Musik ist ein Kind des Frohsinns; wo Gram die kummervolle Seele überfällt, versagen Stimme und Finger. Mein Gram, mein Gram ist zu tief, lachende Augen lindern ihn nicht, Gegenzauber bannen ihn nicht. Des Raben düst’res Krächzen, mitternächtlich Heulen hungriger Wölfe, mit der Eulen Schrei vermischt, und die neun schweren Schläge einer dumpfen Totenglocke mit lauter Stimme nächtlichen Geläuts, und schrecklich Aufschrein von gerächter Untat — — laß alles das wild durcheinander klingen als dieser Zeit Musik. Es ist die Stunde nicht, zu rühren die frohen Saiten des Orpheus, nein, ach nein, zum Singen nicht die Zeit. Wie könnte meine Stimme dann Dein Ohr erfreu’n, die vor Schluchzen nicht sprechen, vor Tränen nicht singen kann.
15]]></page>
<pb facs="CH_Bm_prg/pyr_CH_Bm_prg-0569.tif"/>
<page><![CDATA[﻿Of Orpheus, no, Ah! no, these are no times to sing,
How can my music relish in your ears,
That cannot speak for sobs nor sing for
tears?
The Works of Henry Purcell, Bd. XXV, S. 183.
Henry Purcell	Sonate Nr. 10, D-dur, für zwei Violinen
und Continuo (Viola da gamba, Cembalo)
                                       Adagio - Canzona (Allegro) - Grave -Largo - Allegro
The Works, Bd. VII, Nr. 10; H. Purcell, Triosonaten, hg. v. W. Woehl (Peters, Heft II).
Henry Purcell
(Solo: Tenor)
Nymphs and shepherds come away,
In the groves let’s sport and play,
For this is Flora’s holiday,
Sacred to ease and happy love,
To dancing, to music and to poetry: Your flocks may now securely rove Whilst you express your jollity.
(Chor)
We come No joy like this,
Now let us sing, rejoice and kiss,
The great can never know such bliss. In these delightful pleasant groves,
Let us cel’brate our happy loves,
Let's pipe and dance and laugh,
Thus ev’ry happy thing Revels in the cheerful Spring.
< Nymphs and Shepherds » für Sopran, Alt, Tenor, Baß, Instrumente und Continuo
Nymphen und Schäfer, kommt herbei, lasset uns spielen im Hain, denn dies ist Floras Festtag. Der Muße geweiht und der glücklichen Liebe, dem Tanz, der Musik und der Poesie. Laßt getrost Eure Herden weiden, dieweil Ihr der Freude Euch hingebt.
Nichts gleicht dieser Freude. Nun laßt uns singen, vergnügt sein und küssen, die Großen können solche Seligkeit nicht kennen. In diesen reizend schönen Hainen laßt uns unsre glückliche Liebe feiern, laßt uns pfeifen und tanzen und lachen. So schwärmt alles, was glücklich ist, in diesem fröhlichen Frühling.
Instrumente: Zwei Violinen, zwei Gamben, Cembalo.
The Works, Bd. XX, S. 45.
Das Stück ist aus der Musik zu Thomas Shadwell's Tragödie «The Libertine» (4. Akt), einer Bearbeitung des «Don Juan»-Stoffs, die 1676 in London auf geführt worden ist.
                           Freitag, 25. Mai, 20.15 Uhr Münstersaal des Bischofshofs
                           Ausführende: Elsa Scherz-Meister (Sopran), Pauline Widmer-Hoch (Alt), Max Meili (Tenor), Fritz Etzensperger (Baß).
                            Walter Kägi, Rodolfo Felicani (Violine), Marianne Majer (Bratsche), August Wenzinger (Viola da gamba, Violoncello), Fritz Moser (Violoncello), Alice Adler (Contrabaß), Joseph Bopp (Flauto traverso), Max Schwendener (Horn), Eduard Müller (Cembalo).
                              Verantwortlich für die Aufführung: August Wenzinger.
P R O G R AM M	Kammermusik der Bachzeit
Georg Philipp Telemann Sonate A-dur für zwei Violinen, Bratsche und Con-1681—1767	tinuo
Johann Sebastian Bach	Quodlibet für vier Singstimmen und Continuo
1685—1750
Georg Philipp Telemann Suite D-dur für Viola da gamba solo, zwei Violinen,
                           Bratsche und Continuo
Johann Sebastian Bach	Bauernkantate «Mer hahn en neue Oberkeet» für
                           Sopran, Baß, Instrumente und Continuo
Texte und Anmerkungen umstehend
Verzeichnis der verwendeten Instrumente siehe S. 24.
17]]></page>
<pb facs="CH_Bm_prg/pyr_CH_Bm_prg-0570.tif"/>
<page><![CDATA[﻿Zur Einführung
Georg Philipp Telemann ist beinahe komponierend auf die Welt gekommen. Von früher Jugend an, fast ohne Ausbildung, hat er in seinem langen Leben eine ungeheure Menge Noten geschrieben. Der einzige geregelte Unterricht, den ihm ein altmodischer Organist gab, dauerte nicht lange. «In meinem Kopfe spukten schon muntrere Töngens, als ich hier hörte. Also schied ich, nach einer vierzehntägigen Marter, von ihm; und nach der Zeit habe ich, durch Unterweisung, in der Musik nichts mehr gelernt.» Wenn behauptet wird, Telemann habe so viel komponiert wie Bach und Händel zusammen, so ist das wahrscheinlich nicht einmal stark übertrieben. In einer neuen Arbeit sind allein gegen 2400 Gesangswerke von ihm nachgewiesen worden, darunter zwölf Jahrgänge von Kirchenkantaten (Bach, der auch kein Faulenzer war, hat es auf fünf gebracht). Zu vielen seiner Gesänge hat Telemann auch noch den Text verfaßt. Dazu kommt wohl ebensoviel Instrumentalmusik. Gewöhnlich hat Telemann gleich ein halbes oder ganzes Dutzend von derselben Art gemacht. Das Komponieren war aber nicht seine einzige, ja vielleicht nicht einmal seine Hauptbeschäftigung. Von seiner Vaterstadt Magdeburg aus führte ihn der Weg über Leipzig, wo er hätte Jurist werden sollen, nach Sorau, Eisenach, Frankfurt a. M. und Hamburg. Ueberall hatte er wichtige Stellungen, zuletzt von 1721 bis zu seinem Tode die eines Musikdirektors der fünf Hauptkirchen in Hamburg, wo ihm sein Patenkind, Carl Philipp Emanuel Bach, Johann Sebastian Bachs Zweitältester Sohn, im Amte nachfolgte. Weil Telemann viel geschrieben hat, ist er ein Vielschreiber gescholten worden. Wer so urteilt, kennt ihn wohl zu wenig und wird ihm nicht gerecht. Er war von anderm Schlage als Bach, führte eine leichtere Feder, mehr nach dem Geschmack seiner Zeit, und hat mit seinen «munteren Töngens» der Zukunft den Weg bereitet. Er kannte aber auch ernste und leidenschaftliche Töne. Müssen wir ihn, dem immer etwas einfiel und dem ein so unbeschwertes Schaffen beschieden war, nicht eher ein wenig beneiden?
Von Bach stehen zwei musikalische Späße auf dem Programm: das Quodlibet und die Bauernkantate. Das Quodlibet ist erstmals 1932 aus einer bekannten Eisenacher Privatsammlung veröffentlicht worden. Der Text hat zu einem großen Rätselraten Anlaß gegeben. Während man ihn zuerst auf Bachs Familie, ja auf Johann Sebastian selbst bezog, scheint er indes in keiner engen Verbindung mit ihm zu stehen, sondern sich auf die Hochzeit eines Johann Friedrich Fuchs mit einer Salome zu beziehen, die im Herbst 1707 in Arnstadt gefeiert wurde. Verfasser des Textes ist wahrscheinlich der Rektor des Arnstädter Gymnasiums, der die «Sünden» des Bräutigams, seines ehemaligen Schülers, wohl kannte, und Bach, der junge Organist in Arnstadt, hat die Musik dazu geliefert. Wer auf Einzelheiten neugierig ist, schlage den Aufsatz von Bernhard Große im Bach-Jahrbuch 1935, S. 97, nach. Leider ist das Quodlibet unvollständig erhalten: der Schluß, die Fuge, fehlt. Die Bauernkantate, eine Huldigung für den Kammerherrn Carl Heinrich von Dieskau, den neuen Gutsherrn von Kleinzschocher bei Leipzig, ist am 30. März 1742 aufgeführt worden.

Texte und Anmerkungen
Georg Philipp Telemann	Sonate A-dur für zwei Violinen, Bratsche
                                         und Continuo (Viola da gamba, Cembalo) Affettuoso - Allegro - Vivace
G.	Ph. Telemann, Sonate A-dur (Bärenreiter-Ausgabe 1741).
Johann Sebastian Bach	Quodlibet für Sopran, Alt, Tenor, Baß
                                          und Continuo (Viola da gamba, Cembalo'
Was sind das für große Schlösser, die dort schwimmen auf der See und erscheinen immer größer, weil sie näher kommen her?
Ist es Freund oder Feind, oder wie ist es gemeint?
Was muß ich von fern erblicken?
Sagt mir: Wer reit’t dort herein?
Trägt ein großes Rad am Rücken, der Henker muß gestorben sein!
Ei, wie reit’t der Kerl so dumm, hat einen Trauermantel um!
Ergo tanto instantius debemus fugere terrena, quanto velocius aufugiunt caduca et vana 1.
Wer in Indien schiffen will, find’t bei mir der Schiffe viel.
Ich bin aber kein Schiffersflegel, brauche weder Mast noch Segel, wie man in dem Texel tut, denn ein Backtrog ist ebensogut.
Notabene, Knisterbart, was macht der Meister Schneider?
Mir plezt er meine Hosen, mir flickt er meine Kleider.
Braucht man den Backtrog für den Kahn, ei, so kommt man übel an.
Denn man plumpt in den Teich so frisch
und schwimmt darin wie ein Stockfisch. Probatum est.
0	ihr Gedanken,
warum quälet ihr meinen Geist?
Warum wollet ihr wanken,
da mich die Hoffnung feste stehen heißt?
Ei, wie sieht die Salome so sauer um den Schnabel!
Darum, weil der Pferdeknecht sie kitzelt mit der Gabel!
Ei, wie frißt das Hausgesind so gar viel Käs und Butter!
Wären sie Kälber gleich wie du, so fräßen sie das Futter.
Wenn man mit dem Spinnrad sitzt auf einem großen Schimmel,
reißen ihre Goschen auf fast alle Bauerlümmel;
wenn man mit dem Spinnrad sitzt auf einem großen Fuchsen,
kriegen vor Gelächter die Leute fast den Schluchzen;
wenn man mit dem Spinnrad sitzt auf einem großen Rappen,
ei, da will der Trauermantel gar nicht dazu klappen;
wenn man statt des Orlochschiffs den Backtrog will gebrauchen,
ach, da wird man alsobald in das Wasser tauchen!
wie die Plumphecht’ tauchen!
1	Um so heftiger müssen wir das Irdische fliehen, je schneller es als etwas Hinfälliges und Eitles entflieht.
19]]></page>
<pb facs="CH_Bm_prg/pyr_CH_Bm_prg-0571.tif"/>
<page><![CDATA[﻿                 Große Hochzeit, große Freude, große Degen, große Scheide; große Richter, große Büttel, große Hunde, große Knittel; große Väter, große Söhne, große Goschen, große Zähne; große Pfeile, große Köcher, große Nasen, große Löcher; große Herren, große Wappen, große Fässer, große Zappen; große Gerste, große Körner, große Köpfe, große Hörner; großer Hafer, große Trespen, große Pferde, große Wespen; große Weinberg’, große Trauben, große Weiber, große Hauben; große Kugeln, große Kegel, große Bauern, große Flegel; große Jungfern, große Kränze, große Esel, große Schwänze; große Lachen, groß Gepatsche, große Frauen, groß Geklatsche; große Klöppel, große Trummel, große Wespen, große Hummel; große Leinwand, große Bleiche, große Backtrog’, große Teiche.
                 Ach, wie hat mich so betrogen der sehr schlaue Cypriporl Urschel, brenne mir ein Licht an, daß ich dabei sehen kann!
                 Willst du mir kein Licht anzünden, will ich dich wohl im Finstern finden.
                 Ist gleich schlimm das Frauenzimmer, ist doch der Backtrog noch viel schlimmer!
                 Pantagruel war ein sehr lustiger Mann,
                und mancher Hofbediente trägt blaue Strümpfe an;
                  und streifte man denen Füchsen die Häutlein aus,
                 so gäb’s viel nackichter Leute auf manchem Fürstenhaus.
                Wäre denen Dukaten die große Krätze gleich,
                 so wäre unser Nachbar viel Millionen reich.
                 Mein Rücken ist noch stark, ich darf mich gar nicht klagen. Du könntest, wie mich dünkt, wohl zwanzig Säcke tragen.
                Das muß ein dummer Esel sein,
                  der lieber Koffent säuft als Wein
                  und in der kalten Stube schwitzt
                  und statt des Schiffs im Backtrog sitzt! Punctum!
                Dominus Johannes citatus ad Rectorem Magnificum hora pomeridiana secunda propter ancillam in Corona aureaJ. Studenten sind sehr fröhlich, wie ihr alle wißt,
                  So lang ein blutiger Heller im Beutel übrig ist.
                Wär der Galgen Magnet und der Schneider Eisen, wie mancher würde noch heute an den Galgen reisen!
                  Wär ich König in Portugal, was fragt’ ich darnach, ein andrer möchte kippen mit dem Backtrog im Bach!
                Bona dies, Meister Kürschner, habt ihr keine Füchse mehr? Ich verkauf sie alle nach Hofe, mein hochgeehrter Herr.
                 2	Der Herr Johannes ist zitiert zum Rector magnificus um die zweite nachmittägliche Stunde wegen der Magd in der «Goldenen Krone».
                 20

Ich sehe eine Jungfer, die hat sehr stolz getan,
und hat doch wohl bei Urbens kein ganzes Hemde an!
Mancher stellt sich freundlich mit feiner Zung'
und denkt doch in dem Herzen wie Goldschmieds Jung’.
In diesem Jahre haben wir zwei Sonnenfinsternisse, und zu Breslau auf dem Keller schänkt man guten Scheps, und in meinem Beutel regiert der fressende Krebs.
Hört, ihr Herren allzugleich, was da geschehen in Oesterreich.
Hört, ihr Herren allerhand, was da geschehen in Brabant, da hat geboren eine alte Frau eine junge Sau!
Seid fröhlich eingeladen zum Topfbraten!
Ei, was ist das für eine schöne Fuge!
J. S. Bach, Quodlibet, hg. v. M. Schneider, Veröffentlichungen der Neuen Bach-Gesellschaft, Jahrgang XXXII, Heft 2.
Georg Philipp Telemann	Suite D-dur für Viola da gamba solo,
                                       zwei Violinen, Bratsche und Continuo (Violoncello, Contrabaß und Cembalo)
                                         Onverture - La Trompette - Sarabande -Rondeau - Bourrfie - Courante - Gigue
Aus einer Handschrift der Hessischen Landesbibliothek Darmstadt, ausgeschrieben von August Wenzinger.
Johann Sebastian Bach
Duett (Sopran, Baß)
Mer hahn en neue Oberkeet an unsern Kammerherrn,
Ha giebt uns Bier, das steigt in’s Heet, das ist der klare Kern.
Der Pfarr mag immer büse thun; ihr Speelleut halt euch flink!
Der Kittel wackelt Miecken schun, das klene luse Ding.
Rezitativ (Sopran, Baß)
Nu, Miecke, gieb dein Guschel immer her:
Wenn’s das alleine war’.
Ich kenn’ dich schon, du Bärenhäuter, du willst hernach nur immer weiter. Der neue Herr hat ein sehr scharf Gesicht.
Bauernkantate «Mer hahn en neue Oberkeet» für Sopran, Baß, zwei Violinen, Bratsche, Flauto traverso, Horn und Continuo (Violoncello, Contrabaß und Cembalo)
Ach! unser Herr schilt nicht; er weiß so gut als wir, und auch wohl besser,
wie schön ein bißchen Dahlen schmeckt. Arie (Sopran)
Ach es schmeckt doch gar zu gut, wenn ein Paar recht freundlich thut; ei da braust es in dem Ranzen, als wenn eitel Flöh’ und Wanzen und ein tolles Wespenheer miteinander zänkisch wär’.
Rezitativ (Baß)
Der Herr ist gut: Allein der Schösser, das ist ein Schwefels-Mann, der wie ein Blitz ein neu Schock strafen kann, wenn man den Finger in’s kalte Wasser steckt.
21]]></page>
<pb facs="CH_Bm_prg/pyr_CH_Bm_prg-0572.tif"/>
<page><![CDATA[﻿ Arie (Baß)
Ach Herr Schösser, geht nicht gar zu schlimm
mit uns armen Bauersleuten üm.
Schont unsre Haut,
freßt ihr gleich das Kraut
wie die Raupen bis zum kahlen Strunk,
habt nur genug.
Rezitativ (Sopran)
 Es bleibt dabei, daß unser Herr der beste sei; er ist nicht besser abzumalen und auch mit keinem Hopfensack voll Batzen zu bezahlen.
Arie (Sopran)
Unser trefflicher lieber Kammerherr, ist ein cumpabler Mann, den niemand tadeln kann.
Rezitativ (Baß, Sopran)
 Er hilft uns allen alt und jung.
Und dir in’s Ohr gesprochen:
Ist unser Dorf nicht gut genung letzt bei der Werbung durchgekrochen? Ich weiß wohl noch ein besser Spiel, der Herr gilt bei der Steuer viel.
Arie (Sopran)
 Das ist galant,
es spricht Niemand
von den caducken Schocken,
Niemand redt’ ein stummes Wort, Knauthain und Cospuden dort hat selber Werk am Rocken.
Rezitativ (Baß)
Und unsre gnäd’ge Frau ist nicht ein prinkel stolz.
 Und ist gleich unser eins ein arm und grobes Holz, so red’t sie doch mit uns daher, als wenn sie unsers Gleichen war’.
Sie ist recht fromm, recht wirthlich und genau, und machte unserm gnäd’gen Herrn aus einer Fledermaus viel Thalern gern.
Arie (Baß)
Fünfzig Thaler baares Geld trock’ner Weise zu verschmausen, ist ein Ding, das harte fällt, wenn sie uns die Haare zausen,
22
 doch was fort ist, bleibt wohl fort, kann man doch am ändern Ort alles doppelt wieder sparen; laß die fünfzig Thaler fahren.
Rezitativ (Sopran)
Im Ernst ein Wort!
Noch eh’ ich dort an unsre Schenke und an den Tanz gedenke, so sollst du erst der Obrigkeit zu Ehren
ein neues Liedchen von mir hören.
Arie (Sopran)
Klein-Zschocher müsse
so zart und süße
wie lauter Mandelkerne sein.
In unsere Gemeine
zieh’ heute ganz alleine
der Ueberfluß des Segens ein.
Rezitativ (Baß)
Das ist zu klug vor dich und nach der Städter Weise; wir Bauern singen nicht so leise. Das Stückchen, höre nur, das schicket sich vor mich.
Arie (Baß)
Es nehme zehntausend Ducaten der Kammerherr alle Tag’ ein,
Er trink’ ein gutes Gläschen Wein, und laß es ihm bekommen sein.
Rezitativ (Sopran)
Das klingt zu liederlich.
Es sind so hübsche Leute da, die würden ja von Herzen drüber lachen;
nicht anders, als wenn ich die alte Weise wollte machen:
Arie (Sopran)
Gieb, Schöne, viel Söhne von art’ger Gestalt, und zieh’ sie fein alt, das wünschet sich Zschocher und Knauthain fein bald.
Rezitativ (Baß)
Du hast wohl recht.
Das Stückchen klingt zu schlecht; ich muß mich also zwingen, was Städtisches zu singen.

Arie (Baß)
Rezitativ (Sopran, Baß)
Dein Wachsthum sei feste und lache vor Lust.
Deines Herzens Trefflichkeit hat dir selbst das Feld bereit, auf dem du blühen mußt.
Rezitativ (Sopran, Baß)
Und damit sei es auch genung.
Nun müssen wir wohl einen Sprung in unsrer Schenke wagen.
Das heißt, du willst nur das noch sagen:
Arie (Sopran)
Und daß ihr’s alle wißt, es ist nunmehr die Frist zu trinken.
Wer durstig ist, mag winken.
Versagt’s die rechte Hand, so dreht euch unverwandt zur linken.
Mein Schatz, errathen!
Und weil wir nun dahier nichts mehr zu tun,
so wollen wir auch Schritt für Schritt in unsre alte Schenke waten.
Ei! hol’ mich der und dieser,
Herr Ludwig, und der Steu’r-Reviser muß heute mit.
(Chor)
Wir gehn nun wo der Tudelsack in unsrer Schenke brummt.
Und rufen dabei fröhlich aus:
Es lebe Dieskau und sein Haus, ihm sei bescheert, was er begehrt
und was er sich selbst wünschen mag.
Picander.
23]]></page>
<pb facs="CH_Bm_prg/pyr_CH_Bm_prg-0573.tif"/>
<page><![CDATA[﻿Verzeichnis der verwendeten Instrumente
                  Altblockflöte Dolmetsch
                  Querflöte aus Ebenholz, 18. Jahrhundert
                 Diskantgambe Eugen Sprenger, Frankfurt a. M.
                Zwei Altgamben Eugen Sprenger Tenorgambe Jakob Stainer, Absam 1673
                 Tenorgambe Pieter Rombouts, Amsterdam 1723 (Sammlung S. C. B.)
                  Violine Gia. Bapt. Crancino, Mailand 1699, auf Originalmensur zurückgebaut durch Eugen Sprenger
                  Violine Egidius Klotz, Mittenwald 1750, in Originalmensur (Sammlung S. C. B.) Violine Johann Baptist Havelka, Linz 1785, auf Originalmensur zurückgebaut durch Eugen Sprenger (Sammlung S. C. B.)
                  Bratsche Matthias Klotz, Mittenwald, 18. Jahrhundert Violoncello Jakob Stainer, Absam 1657
                 Contrabaß Franz Simon, Salzburg 1794 (Sammlung Otto Lobeck)
                 Laute Hans Jordan, Celle Cembalo Neupert, Bamberg-Nürnberg
                 Redaktion des Programmheftes: Dr. Walter Nef 24

Werden Sie Mitglied der «Freunde aller Musik in Basel»!
          Sie haben große Vergünstigungen zum Besuche der Konzerte.
       VERGÜNSTIGUNGEN FÜR MITGLIEDER mit einem Jahresbeitrag von Fr. 10.— (Personen unter 20 Jahren, Studenten, interne Konservatoristen und Berufsschüler der Schola Cantorum Basiliensis Fr. 5.—): Freier Eintritt zu jährlich drei bis vier Hauskonzerten und Vorbezugsrecht auf ein Mitgliederabonnement für die drei öffentlichen Konzerte zum Preise von Fr. 4.40, 6.60, 8.80, ferner Vorbezugsrecht auf je eine ermäßigte Einzelkarte zu den drei öffentlichen Konzerten anstelle des Mitgliederabonnements.
         F^J^FREIMITGLIEDER mit einem Jahresbeitrag von mindestens Fr. 25.—: Freier Eintritt zu den Hauskonzerten und zu den öffentlichen Konzerten auf Platzkategorie I mit Vorbezugsrecht gegenüber allen ändern Mitgliedern.
          An Nichtmitglieder werden keine Abonnemente abgegeben.
         ANMELDUNG an die Aktuarin, Frau Elisabeth Stalder-Suter, Missionsstraße 31, Basel.]]></page>
<pb facs="CH_Bm_prg/pyr_CH_Bm_prg-0574.tif"/>
<page><![CDATA[﻿]]></page>
       
        </p>
    </body>
  </text>
</TEI>
