<?xml version="1.0" encoding="UTF-8"?>
<?xml-model href="http://www.tei-c.org/release/xml/tei/custom/schema/relaxng/tei_all.rng" schematypens="http://relaxng.org/ns/structure/1.0"?>
<TEI xmlns="http://www.tei-c.org/ns/1.0">
  <teiHeader>
    <fileDesc>
        <titleStmt>
            <title>BASEL</title>
        </titleStmt>
        <editionStmt>
            <edition>TEI P5.1 Edition</edition>
            <respStmt>
                <resp>
                    <persName>Claudio Bacciagaluppi</persName>
                    <persName>Laurent Pugin</persName>
                    <persName>Rodolfo Zitellini</persName>
                    <date when="2016-01">Janvier 2016</date>
                </resp>
                <name>Bureau Suisse du RISM</name>
            </respStmt>
        </editionStmt>
        <publicationStmt>
            <publisher><orgName xml:base="http://www.rism-ch.org">Bureau Suisse du RISM</orgName></publisher>
        </publicationStmt>
	    <seriesStmt>
	     <idno type="collection">ch_famb</idno>
	    </seriesStmt>
      <sourceDesc>
		<bibl>
        <title>Season<date when="19701030">30/10/1970</date></title>
<series>Season</series>
<placeName>Basel, Hans Huber-Saal des Stadtcasinos Basel</placeName>
<orgName role="holding">Archiv des Vereins Freunde alter Musik Basel; <link target="http://famb.ch/"/></orgName>

		</bibl>
      </sourceDesc>
    </fileDesc>
  </teiHeader>
  <text>
    <body>
        <p> <!-- all the content of the program in one paragraph -->
            <pb facs="CH_Bm_prg/pyr_CH_Bm_prg-0096.tif"/>
<date when="19701030"/>
<name key="Byrd, William" type="person" role="cmp">Byrd, William</name>
<name key="Morley, Thomas" type="person" role="cmp">Morley, Thomas</name>
<name key="Tomkins, Thomas" type="person" role="cmp">Tomkins, Thomas</name>
<name key="Pilkington, Francis" type="person" role="cmp">Pilkington, Francis</name>
<name key="Weelkes, Thomas" type="person" role="cmp">Weelkes, Thomas</name>
<name key="Wilbye, John" type="person" role="cmp">Wilbye, John</name>
<name key="Purcell, Henry" type="person" role="cmp">Purcell, Henry</name>
<name key="Gibbons, Orlando" type="person" role="cmp">Gibbons, Orlando</name>
<name key="Rosetti, Antonio (Rösler, Franz Anton)" type="person" role="cmp">Rosetti, Antonio (Rösler, Franz Anton)</name>
<name key="Hummel, Johann Nepomuk" type="person" role="cmp">Hummel, Johann Nepomuk</name>
<name key="Beethoven, Ludwig van" type="person" role="cmp">Beethoven, Ludwig van</name>
<name key="Albrechtsberger, Johann Georg" type="person" role="cmp">Albrechtsberger, Johann Georg</name>
<name key="Salieri, Antonio" type="person" role="cmp">Salieri, Antonio</name>
<name key="Beethoven, Ludwig van" type="person" role="cmp">Beethoven, Ludwig van</name>
<name key="Cannabich, Christian" type="person" role="cmp">Cannabich, Christian</name>
<name key="Scheidt, Samuel" type="person" role="cmp">Scheidt, Samuel</name>
<name key="Praetorius, Michael" type="person" role="cmp">Praetorius, Michael</name>
<name key="Jenkins, John" type="person" role="cmp">Jenkins, John</name>
<name key="Robinson, Thomas" type="person" role="cmp">Robinson, Thomas</name>
<name key="Gibbons, Orlando" type="person" role="cmp">Gibbons, Orlando</name>
<name key="Sainte-Colombe, Jean de" type="person" role="cmp">Sainte-Colombe, Jean de</name>
<name key="Ballard, Robert" type="person" role="cmp">Ballard, Robert</name>
<name key="Marais, Marin" type="person" role="cmp">Marais, Marin</name><name key="Sheppard, Honor" type="person" role="int">Sheppard, Honor</name>
<name key="Deller, Alfred" type="person" role="int">Deller, Alfred</name>
<name key="Buttrey, John" type="person" role="int">Buttrey, John</name>
<name key="Bevan, Maurice" type="person" role="int">Bevan, Maurice</name>
<name key="Elliott, Robert" type="person" role="int">Elliott, Robert</name>
<name key="Linde, Hans-Martin" type="person" role="int">Linde, Hans-Martin</name>
<name key="Brejza, Josef" type="person" role="int">Brejza, Josef</name>
<name key="Neininger, Wolfgang" type="person" role="int">Neininger, Wolfgang</name>
<name key="Fuente, Miguel de la" type="person" role="int">Fuente, Miguel de la</name>
<name key="Day, Christoph" type="person" role="int">Day, Christoph</name>
<name key="Müller, Hannelore" type="person" role="int">Müller, Hannelore</name>
<name key="Linder, Klaus" type="person" role="int">Linder, Klaus</name>
<name key="Linde, Hans-Martin" type="person" role="int">Linde, Hans-Martin</name>
<name key="Höller, Günther" type="person" role="int">Höller, Günther</name>
<name key="Renner, Hans Georg" type="person" role="int">Renner, Hans Georg</name>
<name key="Brejza, Josef" type="person" role="int">Brejza, Josef</name>
<name key="Leguillon, Bernhard" type="person" role="int">Leguillon, Bernhard</name>
<name key="Neininger, Wolfgang" type="person" role="int">Neininger, Wolfgang</name>
<name key="Joubert, Jules" type="person" role="int">Joubert, Jules</name>
<name key="Joubert-Kägi, Ursula" type="person" role="int">Joubert-Kägi, Ursula</name>
<name key="Fuente, Miguel de la" type="person" role="int">Fuente, Miguel de la</name>
<name key="Leisinger, Heidi" type="person" role="int">Leisinger, Heidi</name>
<name key="Heman, Christine" type="person" role="int">Heman, Christine</name>
<name key="Day, Christoph" type="person" role="int">Day, Christoph</name>
<name key="Esser, Werner" type="person" role="int">Esser, Werner</name>
<name key="Müller, Hannelore" type="person" role="int">Müller, Hannelore</name>
<name key="Jappe, Michael" type="person" role="int">Jappe, Michael</name>
<name key="Viale, Angelo" type="person" role="int">Viale, Angelo</name>
<name key="Schmidt, Christopher" type="person" role="int">Schmidt, Christopher</name>
<name key="Linder, Klaus" type="person" role="int">Linder, Klaus</name>
<name key="Wenzinger, August" type="person" role="int">Wenzinger, August</name>
<name key="Graf, Hedy" type="person" role="int">Graf, Hedy</name>
<name key="Steiner, Marianne" type="person" role="int">Steiner, Marianne</name>
<name key="Näf, Fritz" type="person" role="int">Näf, Fritz</name>
<name key="Rath, John" type="person" role="int">Rath, John</name>
<name key="Erig, Richard" type="person" role="int">Erig, Richard</name>
<name key="Schaub, Annegret" type="person" role="int">Schaub, Annegret</name>
<name key="Stiftner, Walter" type="person" role="int">Stiftner, Walter</name>
<name key="Kneuer, Ulrike" type="person" role="int">Kneuer, Ulrike</name>
<name key="Viale, Angelo" type="person" role="int">Viale, Angelo</name>
<name key="Goverts, Jean" type="person" role="int">Goverts, Jean</name>
<name key="Müller, Eduard" type="person" role="int">Müller, Eduard</name>
<name key="Linde, Hans-Martin" type="person" role="int">Linde, Hans-Martin</name>
<name key="Wenzinger, August" type="person" role="int">Wenzinger, August</name>
<name key="Müller, Hannelore" type="person" role="int">Müller, Hannelore</name>
<name key="Jappe, Michael" type="person" role="int">Jappe, Michael</name>
<name key="Koch, Johannes" type="person" role="int">Koch, Johannes</name>
<name key="Dombois, Eugen M." type="person" role="int">Dombois, Eugen M.</name><title>Season</title>
<placeName key="Basel, Hans Huber-Saal des Stadtcasinos Basel"/>
<name key="Season" type="series"/>
<page><![CDATA[﻿Sceunöe altec fcHuftt tn23afel
GENERALPROGRAMM
1970/71]]></page>
<pb facs="CH_Bm_prg/pyr_CH_Bm_prg-0097.tif"/>
<page><![CDATA[﻿Sehr geehrte Damen und Herren!
Der Vorstand unseres Vereins freut sich, Ihnen hiermit das Generalprogramm der Saison 1970/71 anzukündigen.-Eines der regulären Konzerte und das Extrakonzert stehen im Zeichen des 200. Geburtstages von Ludwig van Beethoven und vermitteln Ihnen die Bekanntschaft mit selten aufgeführten Werken dieses Meisters und einiger seiner Zeitgenossen. Im ersten Konzert gastiert das unseren Mitgliedern von früheren Veranstaltungen her wohl noch bestens bekannte Deller-Consort mit auserlesener altenglischer Vokalmusik. Gambenmusik aus Frankreich und England wird im letzten Konzert geboten, während das in der Leonhardskirche stattfindende dritte Konzert aus Anlaß sowohl des 400. Geburtstages als auch des 350. Todestages von Michael Praetorius (1571-1621) mehrchörige Vokalmusik und Orgelwerke aus der Zeit dieses Komponisten verheißt. - Wir möchten nicht verfehlen, unseren Mitgliedern für ihre Treue herzlich zu danken. Wer neu einzutreten wünscht, findet auf der letzten Seite dieses Zirkulars alle nötigen Hinweise.
Der Vorstand der «Freunde alter Musik in Basel»:
Dr. Jean Druey (Präsident)
Dr. Bernhard Riggenbach (Vizepräsident)
Dr. Felix H. Thomann (Kassier)
Frau Ruth Theunert-Kaufmann (Sekretärin)
Paul Baumgartner Dr. Paul Geßler Dr. Walter Nef Dr. h.c. Paul Sacher Dr. Hans Peter Schanzlin Frau Elisabeth Stalder-Suter Dr. h.c. August Wenzinger
Zum Generalprogramm 1970 / 71
Unser Programm umspannt beinahe drei Jahrhunderte, da es von der zweiten Hälfte des 16. Jahrhunderts bis zur Zeit Beethovens reicht, eines Namens, der im Beethoven jahr in der Folge der Darbietungen nicht fehlen durfte. «Alte Musik», gewiß: aber welche Gegensätze und Wandlungen, welche Fülle nationaler Charaktere schließt, wie viele der früheren, auch dieses Programm ein! Auch wer nicht alle seine Namen gleich hoch schätzt, oder vielleicht für diesen und jenen kein «Aufnahmegerät» hat, wird dank der Vielseitigkeit sicher auf seine Rechnung kommen und darüber hinaus sich von Vielem ansprechen lassen.
  Das Erlebnis der Verschiedenheit zwischen dem strengschönen Stile des «Palestrina der Engländer», Byrd, und der Klangfülle der Zeit um Beethoven, das unser Programm mit vielen Zwischenstufen bietet, mag uns zur Aufgabe machen, daß wir, den langen Weg zwischen diesen beiden Polen nachfühlend, auch für die Musik unserer Tage die rechte Aufnahmebereitschaft zu erlangen suchen.
  Ein «Freund alter Musik» ist man nicht nur, wenn man sie von sich aus liebt und ausübt, da Freundschaft ja immer auf Gegenseitigkeit beruht. So bietet uns die «alte Musik» auch ihrerseits ihre Freundschaft an, und für die Basler Freunde tut sie dies in der vorzüglichen, stilgerechten Ausführung unserer Vortragenden Künstler. Sie darf, ähnlich wie der Sinndichter der Barockzeit, Logau, von der Literatur her sich einmal an seine Leser wandte, uns fragen:
   «Hörer, wie gefall’ ich Dir?
Hörer, wie gefällst Du mir?»
  Ihr geistiger Anspruch an uns ist nicht hoch genug einzuschätzen. Es mag viel zu denken geben, daß der große Mozartforscher Einstein einen «alten» Tonsetzer, nämlich Heinrich Schütz, als «den geistigsten Musiker, den wir kennen», bezeichnete. Auch Goethe empfand Gabe und Anspruch dieser - damals für ihn schon «alten» - Musik, als er einem thüringischen]]></page>
<pb facs="CH_Bm_prg/pyr_CH_Bm_prg-0098.tif"/>
<page><![CDATA[﻿Organisten, dessen Spiel ihn beeindruckt hatte, 1818 auf einen Band Bach-Choräle ein Widmungsgedicht schrieb, dessen letzte Verse lauten:
                     »Denn die Nähe reiner Geister geistigt aufgeschloßnen Sinn.»
I
Freitag, 30. Oktober 1970, 20.15 Uhr, Hans Huber-Saal
Altenglische Vokalmusik
Byrd, Gibbons, Morley, Pilkington, Purcell, Tomkins, Weelkes, Wilbye Deller Consort:
Honor Sheppard (Sopran), Alfred Deller (Counter-Tenor), John Buttrey (Tenor), Maurice Bevan (Bariton), Robert Elliott (Cembalo)
  II
Mittwoch, 9. Dezember 1970, 20.15 Uhr, Hans Huber-Saal
Kammermusik um Beethoven
Beethoven, Reicha, Rosetti
Josef Brejza (Waldhorn), Hans-Martin Linde (Traversflöte), Wolfgang Neininger, Miguel de la Fuente (Violine), Christoph Day (Bratsche), Hannelore Müller (Violoncello), Klaus Linder (Hammerklavier)
 III
Freitag, 12. März 1971, 20.15 Uhr, Leonhardskirche
<*5 Michael Praetorius und seine Zeit
Praetorius, Scheidt, Schütz
Esther Himmler (Sopran), Marianne Steiner (Alt), Fritz Näf (Tenor), John Rath (Baß)
Vokalensemble und Instrumentalisten der Schola Cantorum Basiliensis Leitung: Hans-Martin Linde]]></page>
<pb facs="CH_Bm_prg/pyr_CH_Bm_prg-0099.tif"/>
<page><![CDATA[﻿IV
 Dienstag, 11. Mai 1971, 20.15 Uhr, Hans Huber-Saal
Gambenmusik des 17.Jahrhunderts
 Brade, L. Couperin, Damoureau, Gaultier, Lawes, Le Jeune
 Das Viola da gamba-Quartett der Schola Cantorum Basiliensis: August Wenzinger, Hannelore Müller, Marianne Majer, Johannes Koch; Michael Jappe (Viola da gamba), Eugen M. Dombois (Renaissance-Laute)
EXTRAKONZERT Dienstag, 2. Februar 1971, 20.15 Uhr, Hans Huber-Saal Orchestermusik um Beethoven
 Albrechtsberger, Beethoven, Cannabich, Salieri
 Verstärkte Konzertgruppe der Schola Cantorum Basiliensis: Hans-Martin Linde (Traversflöte), Michel Piguet (Oboe),
Josef Brejza, Bernhard Leguillon (Waldhorn), Wolfgang Neininger, Jules Joubert, Ursula Joubert-Kägi, Miguel de la Fuente,
 Heidi Leisinger, Christine Heman (Violine), Christoph Day, Marianne Majer (Bratsche), Hannelore Müller, Michael Jappe (Violoncello), Angelo Viale (Contrabaß), Klaus Linder (Hammerklavier) Leitung: August Wenzinger
Änderungen Vorbehalten

^Mitglieder
bezahlen einen Jahresbeitrag von Fr. 30 - (Personen unter 20 Jahren, Studenten und Berufsschüler der Musik-Akademie Fr. 15.-). Sie haben freien Eintritt zu den vier Konzerten des Vereins und das Vorbezugsrecht auf eine ermäßigte Einzelkarte zum Extrakonzert.
Freimitglieder
entrichten einen Jahresbeitrag von mindestens Fr. 60.-. Dieser erhöhte Beitrag hilft dem Verein, die dringend notwendigen Mittel zur Durchführung größerer Konzerte bereitzustellen, und verschafft Ihnen freien Eintritt zu sämtlichen Konzerten.
<_Mitgliederbeiträge für 1970/71
bitten wir, rechtzeitig vor dem am 30. Oktober 1970 stattfindenden ersten Konzert auf unser Postcheckkonto Basel 40-16145 ein-zahlen zu wollen. Die Postcheck-Quittung gilt als Mitgliederkarte und berechtigt zum freien Eintritt in die vier Konzerte und zum Bezug einer verbilligten Einzelkarte für das Extrakonzert. Es werden keine speziellen Mitgliederkarten verschickt.
c_Anmeldungen zur Mitgliedschaft^
sind zu richten an das Sekretariat der «Freunde alter Musik in Basel», Leonhardsstraße 4,4000 Basel (Telephon 25 57 22).]]></page>
<pb facs="CH_Bm_prg/pyr_CH_Bm_prg-0100.tif"/>
<page><![CDATA[﻿]]></page>
       
        </p>
    </body>
  </text>
</TEI>
