<?xml version="1.0" encoding="UTF-8"?>
<?xml-model href="http://www.tei-c.org/release/xml/tei/custom/schema/relaxng/tei_all.rng" schematypens="http://relaxng.org/ns/structure/1.0"?>
<TEI xmlns="http://www.tei-c.org/ns/1.0">
  <teiHeader>
    <fileDesc>
        <titleStmt>
            <title>BASEL</title>
        </titleStmt>
        <editionStmt>
            <edition>TEI P5.1 Edition</edition>
            <respStmt>
                <resp>
                    <persName>Claudio Bacciagaluppi</persName>
                    <persName>Laurent Pugin</persName>
                    <persName>Rodolfo Zitellini</persName>
                    <date when="2016-01">Janvier 2016</date>
                </resp>
                <name>Bureau Suisse du RISM</name>
            </respStmt>
        </editionStmt>
        <publicationStmt>
            <publisher><orgName xml:base="http://www.rism-ch.org">Bureau Suisse du RISM</orgName></publisher>
        </publicationStmt>
	    <seriesStmt>
	     <idno type="collection">ch_famb</idno>
	    </seriesStmt>
      <sourceDesc>
		<bibl>
        <title>Concert<date when="19511110">10/11/1951</date></title>
<series>Concert</series>
<placeName>Basel, Vortragssaal des Kunstmuseums</placeName>
<orgName role="holding">Archiv des Vereins Freunde alter Musik Basel; <link target="http://famb.ch/"/></orgName>

		</bibl>
      </sourceDesc>
    </fileDesc>
  </teiHeader>
  <text>
    <body>
        <p> <!-- all the content of the program in one paragraph -->
            <pb facs="CH_Bm_prg/pyr_CH_Bm_prg-0682.tif"/>
<date when="19511110"/>
<name key="Buxtehude, Dietrich" type="person" role="cmp">Buxtehude, Dieterich</name>
<name key="Bach, Carl Philipp Emmanuel" type="person" role="cmp">Bach, Carl Philipp Emanuel</name>
<name key="Leclair, Jean-Marie" type="person" role="cmp">Leclair, Jean-Marie</name>
<name key="Rameau, Jean-Philippe" type="person" role="cmp">Rameau, Jean-Philippe</name><name key="Kägi, Walter" type="person" role="int">Kägi, Walter</name>
<name key="Wenzinger, August" type="person" role="int">Wenzinger, August</name>
<name key="Müller, Eduard" type="person" role="int">Müller, Eduard</name><title>Concert</title>
<placeName key="Basel, Vortragssaal des Kunstmuseums"/>
<name key="Concert" type="series"/>
<page><![CDATA[﻿FreurAe alter Musik in Basel
Sam3tag, 10.November 1951.» 20.15 Uhr Vortragssaal des Kunstmuseums (Eingang Dufourstrasse)
                  IV.	HAUSKONZERT
TRIOABENE
Buxtehude, C.Ph.Emanuel Bach, Leclair, Rameau
Walter Kägi, Violine; August Wenzinger, Viola da gamba; Eduard Mül 1 e r, Cembalo,
_von der SCHOLA CATJTORUM BASILIENSIS__
Programm ~}0 cts. Eintritt für Mitglieder frei, für Nichtmitglieder Fr.V.^O im Vorverkauf bei Hug & Go., Freiestr.TOa und an der Abendkasse. Studenten, Konservatoristen & Berufsschüler der S.C.B. ermässigte Eintrittskarten üu Fr.2.75» Anmeldung zur Mitgliedschaft an die Aktuarin, Frau E.Stalder-Suter, Mis-sicnsötrasse 33•
^TRICH BUXTEHUDE •37 - 1707
CARL PHIL.EM,BACH 171^ - 1788
JEAN-MARIE LECLAIR 1697 - 176^
JEAN PHII..RAMEAU 16|3 - 176^
 Sonate B-dur, op.2, Nr.l, für Violine, Viola da gamba und Cembalo (1696) Allegro-Adagio-Allegro-Grave-Vivace-Jjento-Presto
 Sonate g-moll für Viola da gamba und Cembalo obligato (1759)
 Allegro moderato-Larghetto-Allegro assai
 Sonate en d-mlneur, op.5; Nr.6, pour Violon et.Basse continue ("Le Tom-beau" 173*0
 Grave-Allegro ma non troppo-Gavotte (Graziöso)-Allegro
 Troisieme Concert en la-ma/jeur pour Violon, Basse de Viole et Clavecin (Pieces de clavecin en Concert,17^1) Rondement "La LaPopliniere"-Gracieux "La Timide" I & II- Vif "Tambourin"
 I	& II
Violine Johann Baptist Havelka, Linz, 1785; auf Originalmensur zurückgebaut; Viola da gamba Jakob Stainer, Absam 1657.1 in Originalmensur; Cembalo Glaser, Jena.]]></page>
       
        </p>
    </body>
  </text>
</TEI>
