<?xml version="1.0" encoding="UTF-8"?>
<?xml-model href="http://www.tei-c.org/release/xml/tei/custom/schema/relaxng/tei_all.rng" schematypens="http://relaxng.org/ns/structure/1.0"?>
<TEI xmlns="http://www.tei-c.org/ns/1.0">
  <teiHeader>
    <fileDesc>
        <titleStmt>
            <title>BASEL</title>
        </titleStmt>
        <editionStmt>
            <edition>TEI P5.1 Edition</edition>
            <respStmt>
                <resp>
                    <persName>Claudio Bacciagaluppi</persName>
                    <persName>Laurent Pugin</persName>
                    <persName>Rodolfo Zitellini</persName>
                    <date when="2016-01">Janvier 2016</date>
                </resp>
                <name>Bureau Suisse du RISM</name>
            </respStmt>
        </editionStmt>
        <publicationStmt>
            <publisher><orgName xml:base="http://www.rism-ch.org">Bureau Suisse du RISM</orgName></publisher>
        </publicationStmt>
	    <seriesStmt>
	     <idno type="collection">ch_famb</idno>
	    </seriesStmt>
      <sourceDesc>
		<bibl>
        <title>Concert<date when="19520210">10/02/1952</date></title>
<series>Concert</series>
<placeName>Basel, Haus zum Kirschgarten (Elisabethenstr. 27)</placeName>
<orgName role="holding">Archiv des Vereins Freunde alter Musik Basel; <link target="http://famb.ch/"/></orgName>

		</bibl>
      </sourceDesc>
    </fileDesc>
  </teiHeader>
  <text>
    <body>
        <p> <!-- all the content of the program in one paragraph -->
            <pb facs="CH_Bm_prg/pyr_CH_Bm_prg-0683.tif"/>
<date when="19520210"/>
<name key="Bach, Johann Christoph Friedrich" type="person" role="cmp">Bach, Johann Christoph Friedrich</name>
<name key="Zumsteeg, Johann Rudolf" type="person" role="cmp">Zumsteeg, Johann Rudolf</name>
<name key="Mozart, Wolfgang Amadeus" type="person" role="cmp">Mozart, Wolfgang Amadeus</name>
<name key="Haydn, Joseph" type="person" role="cmp">Haydn, Joseph</name>
<name key="Beethoven, Ludwig van" type="person" role="cmp">Beethoven, Ludwig van</name><name key="Gehrig, Gisela" type="person" role="int">Gehrig, Gisela</name>
<name key="Wenzinger, August" type="person" role="int">Wenzinger, August</name>
<name key="Kägi, Valerie" type="person" role="int">Kägi, Valerie</name><title>Concert</title>
<placeName key="Basel, Haus zum Kirschgarten (Elisabethenstr. 27)"/>
<name key="Concert" type="series"/>
<page><![CDATA[﻿F A M B
Freunde alter Musik in Basel
Sonntag, 10.Februar 1952, 20.15 Uhr Kirschgarten-Museum (Elisabethenstrasse 27)
                               I.	HAUSKONZERT
MUSIK IN EINEM ALTEN BASLER BUERGERIIAUS
J.Ch.F.Bach, Zumsteeg, Haydn, Mozart, Beethoven
                        SCHOLA CANTORUM BASILIENSIS
Gisela G e h r i g, Sopran; August Wenzinger,^ Violoncello; Valerie Kägi, Hammerklavier
              Programm 40 cts. Eintritt für Mitglieder frei, für Nichtmitglieder Fr.if-.40 an der Abendkasse. Studenten, Konservatoristen und Berufsschüler der S.C.B. er-mässigte Eintrittskarten zu Fr.2.75* Anmeldung zur Mitgliedschaft an die Aktuarin, Frau E.Stalder-Suter, Missionsstrasse 53*

Programm
JOH.CHR.FR.BACH 1732-1795
JOH.RUD.ZUMSTEEG 1760-1802
WOLFG.AM.MOZART 1756-1791
JOSEPH HAYDN 1732-1809
LUD.VAN BEETHOVEN 1770-1827
Sonate A-dur für Violoncello und Generalbass
Larghetto-Allegro-Tempo di Minuetto
Lieder für Sopran und Klavier "Thekla" (Schiller)
 "Schwermut"
 "Johanna" (Schiller)
 "Liedchen"
Sonate C-dur für Klavier (K.V.330) Allegro moderato-Andante cantabile-Allegretto
Englische Kanzonetten für Sopran und Klavier "A Pastoral Song"
 "Piercing Eyes"
 "The Mermaids Song"
Zwölf Variationen F-dur über das Thema "Ein Mädchen oder Weibchen" aus der Oper "Die Zauberflöte" von W.A.Mozart für Violoncello und Klavier
Violoncello Jakob Stainer, Absam 16^7, in Originalmensur; Hammerflügel Johann Andreas Stein, Augsburg 1791 (Sammlung Schola Cantorum Basiliensis)]]></page>
       
        </p>
    </body>
  </text>
</TEI>
