<?xml version="1.0" encoding="UTF-8"?>
<?xml-model href="http://www.tei-c.org/release/xml/tei/custom/schema/relaxng/tei_all.rng" schematypens="http://relaxng.org/ns/structure/1.0"?>
<TEI xmlns="http://www.tei-c.org/ns/1.0">
  <teiHeader>
    <fileDesc>
        <titleStmt>
            <title>BASEL</title>
        </titleStmt>
        <editionStmt>
            <edition>TEI P5.1 Edition</edition>
            <respStmt>
                <resp>
                    <persName>Claudio Bacciagaluppi</persName>
                    <persName>Laurent Pugin</persName>
                    <persName>Rodolfo Zitellini</persName>
                    <date when="2016-01">Janvier 2016</date>
                </resp>
                <name>Bureau Suisse du RISM</name>
            </respStmt>
        </editionStmt>
        <publicationStmt>
            <publisher><orgName xml:base="http://www.rism-ch.org">Bureau Suisse du RISM</orgName></publisher>
        </publicationStmt>
	    <seriesStmt>
	     <idno type="collection">ch_famb</idno>
	    </seriesStmt>
      <sourceDesc>
		<bibl>
        <title>Concert<date when="19720516">16/05/1972</date></title>
<series>Concert</series>
<placeName>Basel, Predigerkirche</placeName>
<orgName role="holding">Archiv des Vereins Freunde alter Musik Basel; <link target="http://famb.ch/"/></orgName>

		</bibl>
      </sourceDesc>
    </fileDesc>
  </teiHeader>
  <text>
    <body>
        <p> <!-- all the content of the program in one paragraph -->
            <pb facs="CH_Bm_prg/pyr_CH_Bm_prg-1676.tif"/>
<date when="19720516"/>
<name key="Stokem, Johannes de" type="person" role="cmp">Stokem, Johannes de</name>
<name key="Josquin des Prez" type="person" role="cmp">Josquin des Prez</name>
<name key="Ockeghem, Johannes" type="person" role="cmp">Ockeghem, Johannes</name>
<name key="La Rue, Pierre de" type="person" role="cmp">La Rue, Pierre de</name><name key="Himmler, Esther" type="person" role="int">Himmler, Esther</name>
<name key="Näf, Fritz" type="person" role="int">Näf, Fritz</name>
<name key="Erzer, Guido" type="person" role="int">Erzer, Guido</name>
<name key="Widmer, Kurt" type="person" role="int">Widmer, Kurt</name>
<name key="Linde, Hans-Martin" type="person" role="int">Linde, Hans-Martin</name>
<name key="Wagner, Käthe" type="person" role="int">Wagner, Käthe</name>
<name key="Wenzinger, August" type="person" role="int">Wenzinger, August</name>
<name key="Müller, Hannelore" type="person" role="int">Müller, Hannelore</name>
<name key="Jappe, Michael" type="person" role="int">Jappe, Michael</name><title>Concert</title>
<placeName key="Basel, Predigerkirche"/>
<name key="Concert" type="series"/>
<page><![CDATA[﻿FREUNDE ALTER MUSIK IN BASEL ~4. Konzert "30SQUIN UND SEINE ZEIT"
Dienstag, den 16. lYlai 72, 20.15 Uhr, Predigerkirche
IOSQYINVS PRATENSIS]]></page>
<pb facs="CH_Bm_prg/pyr_CH_Bm_prg-1677.tif"/>
<page><![CDATA[﻿Johannes Stockem (2. Hälfte 15. Jh.)
Josquin Desprez um 1440-1521 (?)
Johannes Stockem
Johannes Okeghem um 1420-um 1495
Josquin Desprez Josquin Desprez
Josquin Desprez
Pierre de la Rue um 1460-1518
Josquin Desprez
PROGRAMM
"Brunete", a cinq
  Blockflöte, Gamben, Dulzian
"Se j’ay perdu mon amy" a trois Gamben
  "Hör oriens" a cinq.
  Blockflöte, Gamben, Dulzian
  "Forsseulement" a trois Gamben
  "Forsseulement" a quatre Blockflöte, Gamben
Missa "Pange lingua"
  Soli, Chor, Gamben, Dulzian
  Zu/ei Chansons a sixs "Vous ne l’aurez pas"
  "Regretz sans fin'1
  Singstimme, Blockflöte, Gamben, Dulzian
  "Cueurs desolez" a cinq Soli und Dulzian
  "Cueurs desolez“ a quatre Chor
  "Ile Fantazies" a trois Gamben
  "Mille regretz" a quatre
  Soli, Chor, Gamben, Dulzian
                  AUSFUHRENDE
Esther Himmler (Sopran)
Fritz Näf (Tenor)
UJalter Christoph Näf (Bariton)
Kurt Ulidmer (Bass)
Hans-Martin Linde (Blockflöte)
Käthe UJagner (Dulzian)
August UJenzinger (Diskant“ und Bassgambe) Hannelore Müller (Tenor- und Bassgambe) Michael Jappe (Bassgambe)
Vokalensemble der Schola Cantorum Basiliensis Leitung: Hans-Martin Linde
Die verwendeten Instrumentes Uleiimensurierte Tenorflöte von Bärenreiter Dulzian von Otto Steinkopf, Celle Diskantgambe von Eugen Sprenger, Frankfurt 1936 Tenorgambe von Eugen Sprenger9 Frankfurt 1935 Bassgamben von Jakobus Stainer, Absam 1673 Bassgambe von Thomas Aldred9 London 1639
Eintritt für Mitglieder frei
Karten für Nichtmitglieder zu Fr. 8,05 (Jugendliche, Studenten und Berufsschüler der Musik-Akademie Fr» 40—) bei Hug & Co., Freiestr. 70a, und an der Abendkasse.]]></page>
<pb facs="CH_Bm_prg/pyr_CH_Bm_prg-1678.tif"/>
<page><![CDATA[﻿$ »’*": i]]></page>
       
        </p>
    </body>
  </text>
</TEI>
