<?xml version="1.0" encoding="UTF-8"?>
<?xml-model href="http://www.tei-c.org/release/xml/tei/custom/schema/relaxng/tei_all.rng" schematypens="http://relaxng.org/ns/structure/1.0"?>
<TEI xmlns="http://www.tei-c.org/ns/1.0">
  <teiHeader>
    <fileDesc>
        <titleStmt>
            <title>BASEL</title>
        </titleStmt>
        <editionStmt>
            <edition>TEI P5.1 Edition</edition>
            <respStmt>
                <resp>
                    <persName>Claudio Bacciagaluppi</persName>
                    <persName>Laurent Pugin</persName>
                    <persName>Rodolfo Zitellini</persName>
                    <date when="2016-01">Janvier 2016</date>
                </resp>
                <name>Bureau Suisse du RISM</name>
            </respStmt>
        </editionStmt>
        <publicationStmt>
            <publisher><orgName xml:base="http://www.rism-ch.org">Bureau Suisse du RISM</orgName></publisher>
        </publicationStmt>
	    <seriesStmt>
	     <idno type="collection">ch_famb</idno>
	    </seriesStmt>
      <sourceDesc>
		<bibl>
        <title>Season<date when="19490128">28/01/1949</date></title>
<series>Season</series>
<placeName>Basel, Vortragssaal des Kunstmuseums</placeName>
<orgName role="holding">Archiv des Vereins Freunde alter Musik Basel; <link target="http://famb.ch/"/></orgName>

		</bibl>
      </sourceDesc>
    </fileDesc>
  </teiHeader>
  <text>
    <body>
        <p> <!-- all the content of the program in one paragraph -->
            <pb facs="CH_Bm_prg/pyr_CH_Bm_prg-0020.tif"/>
<date when="19490128"/>
<name key="Anonymus" type="person" role="cmp">Anonymus</name>
<name key="Phalèse, Pierre" type="person" role="cmp">Phalèse, Pierre</name>
<name key="Ockeghem, Johannes" type="person" role="cmp">Ockeghem, Johannes</name>
<name key="Isaac, Heinrich" type="person" role="cmp">Isaac, Heinrich</name>
<name key="Ortiz, Diego" type="person" role="cmp">Ortiz, Diego</name>
<name key="Milán, Luis" type="person" role="cmp">Milán, Luis</name>
<name key="Mudarra, Alonso" type="person" role="cmp">Mudarra, Alonso</name>
<name key="Ferrabosco, Alfonso" type="person" role="cmp">Ferrabosco, Alfonso</name>
<name key="Dowland, John" type="person" role="cmp">Dowland, John</name>
<name key="Ward, John" type="person" role="cmp">Ward, John</name>
<name key="Senfl, Ludwig" type="person" role="cmp">Senfl, Ludwig</name>
<name key="Anonymus" type="person" role="cmp">Anonymus</name>
<name key="Walter, Johann" type="person" role="cmp">Walter, Johann</name>
<name key="Hassler, Hans Leo" type="person" role="cmp">Hassler, Hans Leo</name>
<name key="Lechner, Leonhard" type="person" role="cmp">Lechner, Leonhard</name>
<name key="Anonymus" type="person" role="cmp">Anonymus</name>
<name key="Perotinus" type="person" role="cmp">Perotinus</name>
<name key="Alfonso X., Rey de Castilla (el sabio)" type="person" role="cmp">Alfonso X., Rey de Castilla (el sabio)</name>
<name key="Machaut, Guillaume de" type="person" role="cmp">Machaut, Guillaume de</name>
<name key="Lantins, Arnold de" type="person" role="cmp">Lantins, Arnold de</name>
<name key="Du Fay, Guillaume" type="person" role="cmp">Dufay, Guillaume</name>
<name key="Dunstaple, John" type="person" role="cmp">Dunstaple, John</name>
<name key="Obrecht, Jacob" type="person" role="cmp">Obrecht, Jacob</name>
<name key="Josquin des Prez" type="person" role="cmp">Josquin des Prez</name>
<name key="Dammonis, Innocentius" type="person" role="cmp">Dammonis, Innocentius</name>
<name key="Spataro, Giovanni" type="person" role="cmp">Spataro, Giovanni</name>
<name key="Ponce" type="person" role="cmp">Ponce</name>
<name key="Cabezón, Antonio de" type="person" role="cmp">Cabezón, Antonio de</name>
<name key="Brudieu, Juan" type="person" role="cmp">Brudieu, Juan</name>
<name key="Ortiz, Diego" type="person" role="cmp">Ortiz, Diego</name>
<name key="Lasso, Orlando di" type="person" role="cmp">Lasso, Orlando di</name>
<name key="Haydn, Joseph" type="person" role="cmp">Haydn, Joseph</name>
<name key="Mozart, Wolfgang Amadeus" type="person" role="cmp">Mozart, Wolfgang Amadeus</name>
<name key="Haydn, Joseph" type="person" role="cmp">Haydn, Joseph</name>
<name key="Mozart, Wolfgang Amadeus" type="person" role="cmp">Mozart, Wolfgang Amadeus</name>
<name key="Diessener, Gerhard" type="person" role="cmp">Diessener, Gerhard</name>
<name key="Kühnel, August" type="person" role="cmp">Kühnel, August</name>
<name key="Hacquart, Carolus" type="person" role="cmp">Hacquart, Carolus</name>
<name key="Froberger, Johann Jacob" type="person" role="cmp">Froberger, Johann Jacob</name>
<name key="Stradella, Alessandro" type="person" role="cmp">Stradella, Alessandro</name><name key="Meili, Max" type="person" role="int">Meili, Max</name>
<name key="Wenzinger, August" type="person" role="int">Wenzinger, August</name>
<name key="Majer, Marianne" type="person" role="int">Majer, Marianne</name>
<name key="Wenzinger, Maya" type="person" role="int">Wenzinger, Maya</name>
<name key="Flügel, Gertrud" type="person" role="int">Flügel, Gertrud</name>
<name key="Wörsching, Fritz" type="person" role="int">Wörsching, Fritz</name>
<name key="Leu, Esther" type="person" role="int">Leu, Esther</name>
<name key="Schmidt, Christopher" type="person" role="int">Schmidt, Christopher</name>
<name key="Heiz, Ida" type="person" role="int">Heiz, Ida</name>
<name key="Leonhardt, Gustav" type="person" role="int">Leonhardt, Gustav</name>
<name key="Arty-Rahier, Andrée" type="person" role="int">Arty-Rahier, Andrée</name>
<name key="Deroubaix, Jeanne" type="person" role="int">Deroubaix, Jeanne</name>
<name key="Letroye, René" type="person" role="int">Letroye, René</name>
<name key="Mertens, Franz" type="person" role="int">Mertens, Franz</name>
<name key="Ackere, Albert van" type="person" role="int">Ackere, Albert van</name>
<name key="Bouquette, Suzanne" type="person" role="int">Bouquette, Suzanne</name>
<name key="Hecke, Rachel van" type="person" role="int">Hecke, Rachel van</name>
<name key="Hecke, Christophe van" type="person" role="int">Hecke, Christophe van</name>
<name key="Bauwens, Alphonse" type="person" role="int">Bauwens, Alphonse</name>
<name key="Podolski, Michel" type="person" role="int">Podolski, Michel</name>
<name key="Beugnier, Henri" type="person" role="int">Beugnier, Henri</name>
<name key="Cape, Safford" type="person" role="int">Cape, Safford</name>
<name key="Scherz-Meister, Elsa" type="person" role="int">Scherz-Meister, Elsa</name>
<name key="Helbling, Maria" type="person" role="int">Helbling, Maria</name>
<name key="Neumeyer, Fritz" type="person" role="int">Neumeyer, Fritz</name>
<name key="Felicani, Rodolfo" type="person" role="int">Felicani, Rodolfo</name>
<name key="Majer, Marianne" type="person" role="int">Majer, Marianne</name>
<name key="Wenzinger, August" type="person" role="int">Wenzinger, August</name>
<name key="Helbling, Maria" type="person" role="int">Helbling, Maria</name>
<name key="Kägi, Walter" type="person" role="int">Kägi, Walter</name>
<name key="Felicani, Rodolfo" type="person" role="int">Felicani, Rodolfo</name>
<name key="Heman, Christine" type="person" role="int">Heman, Christine</name>
<name key="Benda, Hans J." type="person" role="int">Benda, Hans J.</name>
<name key="Schmidt, Christopher" type="person" role="int">Schmidt, Christopher</name>
<name key="Majer, Marianne" type="person" role="int">Majer, Marianne</name>
<name key="Wenzinger, August" type="person" role="int">Wenzinger, August</name>
<name key="Viale, Angelo" type="person" role="int">Viale, Angelo</name>
<name key="Bopp, Joseph" type="person" role="int">Bopp, Joseph</name>
<name key="Neumeyer, Fritz" type="person" role="int">Neumeyer, Fritz</name>
<name key="Flügel, Gertrud" type="person" role="int">Flügel, Gertrud</name>
<name key="Majer, Marianne" type="person" role="int">Majer, Marianne</name>
<name key="Wenzinger, August" type="person" role="int">Wenzinger, August</name>
<name key="Kägi, Valerie" type="person" role="int">Kägi, Valerie</name><title>Season</title>
<placeName key="Basel, Vortragssaal des Kunstmuseums"/>
<name key="Season" type="series"/>
<page><![CDATA[﻿Freunde alter Musik in Basel
GENERALPROGRAMM 1949
Basel, Januar 1949.
   Sehr geehrte Dame, sehr geehrter Herr!
  Wir beehren uns, Ihnen das Generalprogramm 1949 zu überreichen und Sie zum Besuche unserer Konzerte und, soweit Sie nicht schon Mitglied sind, zum Beitritt zu unserem Verein höflich einzuladen.
  Der Verein «Freunde alter Musik in Basel» wurde im Jahre 1942 gegründet, um durch den Zusammenschluß aller Freunde alter Musik die stilgerechte Aufführung älterer Musikwerke unter möglichst genauer Berücksichtigung ihrer historischen Voraussetzungen in regelmäßigen Zyklen zu ermöglichen.
  Der Verein veranstaltet jährlich %wei bis drei öffentliche Konzerte sowie drei Hauskonzerte in intimerem Rahmen. Mitglieder haben freien Eintritt zu den drei Hauskonzerten und für die öffentlichen Konzerte das Recht zum Bezug von Mitglieder-Abonnements zu halben Preisen. (Über Höhe der Mitgliederbeiträge und Vergünstigungen siehe Rückseite.)
  Über die Konzerttätigkeit orientiert Sie das umstehende Generalprogramm 194$, sowie der ebenfalls beiliegende Jahresbericht 1948. Für unsere Mitglieder legen wir außerdem einen Einzahlungsschein für den Jahresbeitrag 1949, sowie ein weiteres Generalprogramm samt Beitrittserklärung zu Werbezwecken im Familien- und Bekanntenkreise bei. Weitere Exemplare können bei der Sekretärin, Frau A. Sulger-Vischer, Malzgasse 21, bezogen werden.
  Wir bitten Sie um baldige Einzahlung des Mitgliederbeitrages resp. Einsendung der Beitrittserklärung, damit wir Ihnen die Mitgliederkarte, welche als Ausweis für freien Eintritt zu den Hauskonzerten gilt, noch rechtzeitig vor dem I. Hauskonzert zustcllen können.
  Der Leser des diesjährigen Generalprogramms, das wie üblich drei Hauskonzerte und drei öffentliche Konzerte vorsieht, mag sich wundern, daß er in zwei öffentlichen Konzerten den Namen Haydn,]]></page>
<pb facs="CH_Bm_prg/pyr_CH_Bm_prg-0021.tif"/>
<page><![CDATA[﻿Mozart und Beethoven begegnet, dreier Komponisten, die man nicht mehr im engem Sinn zur alten Musik zu rechnen pflegt. Die beiden Aufführungen wollen insofern einen Beitrag zum Verständnis der drei Meister liefern, als sie versuchen, einige ihrer Werke auf den ursprünglichen Instrumenten darzubieten und sie auf diese Weise mehr, als es gewöhnlich geschieht, in ihre Zeit hineinzustellen. Besonders gespannt darf man auf einen Hammerflügel der einstmals berühmten Klavierbauerfamilie Fricderici in Gera sein, den Prof. Fritz Neumeyer aus Freiburg i. Br. mitbringen und spielen wird. Er ist um 1790 gebaut worden, zu einer Zeit, wo Haydn auf dem Höhepunkt seiner Laufbahn stand, Mozart seine letzten Werke schuf und Beethoven mit seinen ersten an die Öffentlichkeit trat. Das Gegenstück zu diesen beiden Konzerten bildet das I. öffentliche Konzert mit einem reichen Programm geistlicher Musik aus dem Mittelalter und der Renaissance. Wir dürfen dabei zum erstenmal die Gruppe «Pro Musica Antiqua» aus Brüssel bei uns begrüßen, die, von dem bekannten Musikhistoriker Prof. Charles van den Borren beraten, sich seit Jahren mit Erfolg für die Musik des 13. bis 16. Jahrhunderts einsetzt.
  Die Programme zweier Hauskonzerte und eines intimen Kirchenkonzertes führen vom Spätmittelalter bis an das 18. Jahrhundert heran. Das I. Hauskonzert bringt niederländische, spanische und englische Musik aus dem 15. bis 17. Jahrhundert im wechselnden Zusammenklang von Gesang, Laute und Viola da gamba, das
III.	Hauskonzert unbekannte Kammermusik des 17. Jahrhunderts, die zum größten Teil unveröffentlicht ist. Ein Passionskonzert in der renovierten Theodorskirche mit der großartigen, ergreifenden Johannespassion des aus dem Etschtal stammenden Leonhard Lech-ner von 1594 und liturgischen Gesängen der Reformationszeit bereichert unser Generalprogramm mit einem Stoff, der bisher in unsern Konzerten nicht vertreten war.
Mit vorzüglicher Hochachtung Der Vorstand der «Freunde alter Musik in Basel»
Dr. Erwin Frey (Präsident J	Dr. med. Ernst Buchmann
Prof. Dr. Werner Kaegi (Vizepräsident) Dr. Paul Geßler Max Leu (Kassier)	Dr. Walter Nef
Frau Elisabeth Stalder-Suter (Aktuarin) Paul Sacher Frau Antoinette Sulger-1 7scher (Sekretärin) Frau Philis v. Salis Paul Baumgartner	Paul Trüdinger
                                        Alfred Von der Mühll
GENERALPROGRAMM 1949 ©rei Ä>rtuofonjerte
I.	HAUSKONZERT
Freitag, 28. Januar, 20.15 Uhr
Vortragssaal des Kunstmuseums (Eingang Dufourstraße)
Konzertgruppe der Schola Cantorum Basiliensis: Max Meili (Tenor), August Wenzinger, Marianne Majer, Maya Wenzinger, Gertrud Flügel (Viola da gamba-QUartett), Fritz Wörsching (Laute)
Tenor, Laute, Viola da gamba
Phalise, Ockeghem, Isaac, Ortiz, Milan, Mudarra, Ferrabosco, Dowland, Ward
KIRCHENKONZERT
(Anstelle des II. Hauskonzertes)
Freitag, 1. April, 20.15 Uhr, Theodorskirche
Ensemble für Kirchenmusik der Schola Cantorum Basiliensis (Leitung: Ina Lohr)
Alte Passionsmusik
Liturgische Musik der Reformationszeit. Lechner, Johannespassion
III.	HAUSKONZERT
Samstag, 22. Oktober, 20.15 Uhr
St. Albansaal (St. Albanvorstadt 12)
Konzertgruppe der Schola Cantorum Basiliensis: Gertrud Flügel, Marianne Majer (Violine), August Wenzinger (Viola da gamba), Valerie Kägi (Cembalo)
Vorklassische Kammermusik
Diessener, Froberger, Schenck, Stradella
©rei öffentliche fionjerfe
I. KONZERT
Sonntag, 29. Mai, 20.15 Uhr
Predigerkirche (Totentanz)
Pro Musica Antiqua, Brüssel (Leitung: Safford Cape)
Geistliche Musik des Mittelalters und der Renaissance
Französische, niederländische, italienische, spanische und englische Musik aus dem 13. bis 16. Jahrhundert
II.	KONZERT
Dienstag, 31. Mai, 20.15 Uhr
Hans Hubersaal (Stadtcasino)
Konzertante Musik mit Hammerklavier
Haydn, Violinkonzert; Kantate «Tirsi e Nice»; Divertimento für Flöte und Streicher. Mozart, Klavierkonzert.
III.	KONZERT
Mittwoch, 1. Juni, 20.15 Uhr
Hans Hubersaal (Stadtcasino)
Kammermusik mit Hammerklavier
C. Ph. E. Bach; Goethelieder aus dem Berliner Komponistenkreis (Reichardt, Zelter); Mozart; Beethoven
Ausführende des II. und III. Konzertes
Prof. Fritz Neumeyer, Freiburg i. Br. (Hammerklavier) und die verstärkte Konzertgruppe der Schola Cantorum Basiliensis: Elsa Scherz-Meister (Sopran), Maria Helbling (Alt), Hans J. Benda, Joseph Bopp, Rodolfo Felicani, Walter Kägi, Marianne Majer, Angelo Viale, August Wenzinger (Querflöte, Violine, Bratsche, Violoncello,
Contrabaß)
Verantwortlich für die Aufführungen: August Wenzinger]]></page>
<pb facs="CH_Bm_prg/pyr_CH_Bm_prg-0022.tif"/>
<page><![CDATA[﻿&erßtmftt(tunaen
FÜR MITGLIEDER
mit einem Jahresbeitrag von Fr. io.—
(Personen unter 20 Jahren, Studenten, interne Konservatoristen und Berufsschüler der Schola Cantorum Basiliensis Fr. 5.—)
Freier Eintritt zu jährlich drei Hauskonzerten
Vorbezugsrecht auf ein Mitgliederabonnement für die öffentlichen Konzerte zum Preise von Fr. 4.40, 6.60, 8.80 je nach Platzkategorie
Vorbezugsrecht auf je eine ermäßigte Einzelkarte zu den öffentlichen Konzerten anstelle des Mitgliederabonnements
FÜR FREIMITGLIEDER
mit einem Jahresbeitrag von mindestens Fr. 25.—
Freier Eintritt zu den Hauskonzerten und zu den öffentlichen Konzerten auf Platzkategorie I mit Vorbezugsrecht gegenüber allen ändern Mitgliedern
An Nichtmitglieder werden keine Abonnements ausgegeben
PREISE DER EINZELKARTEN
Hauskonzerte Fr. 3.30 (Mitglieder frei)
öffentliche Konzerte Fr. 3.30 (Mitglieder 2.20), Fr. 4.40 (Mitglieder 3.30)
Fr. 5.50 (Mitglieder 4.40)
Der Mitgliederbeitrag ist auf Postcheckkonto V 16 145 einzubezahlen. Wir nehmen an, daß es Mitgliedern, welche bis zum 22. Januar 1949 ihren Beitrag nicht bezahlt haben, angenehmer ist, wenn er per Postnachnahme erhoben wird.
Anmeldung zur Mitgliedschaft an die Aktuarin,
Frau E. Stalder-Suter, Missionsstraße 31, Basel
. ' f ' " - ' . k- '
ßuchdruckerci Karl W^crncr AG. Basel]]></page>
       
        </p>
    </body>
  </text>
</TEI>
