<?xml version="1.0" encoding="UTF-8"?>
<?xml-model href="http://www.tei-c.org/release/xml/tei/custom/schema/relaxng/tei_all.rng" schematypens="http://relaxng.org/ns/structure/1.0"?>
<TEI xmlns="http://www.tei-c.org/ns/1.0">
  <teiHeader>
    <fileDesc>
        <titleStmt>
            <title>BASEL</title>
        </titleStmt>
        <editionStmt>
            <edition>TEI P5.1 Edition</edition>
            <respStmt>
                <resp>
                    <persName>Claudio Bacciagaluppi</persName>
                    <persName>Laurent Pugin</persName>
                    <persName>Rodolfo Zitellini</persName>
                    <date when="2016-01">Janvier 2016</date>
                </resp>
                <name>Bureau Suisse du RISM</name>
            </respStmt>
        </editionStmt>
        <publicationStmt>
            <publisher><orgName xml:base="http://www.rism-ch.org">Bureau Suisse du RISM</orgName></publisher>
        </publicationStmt>
	    <seriesStmt>
	     <idno type="collection">ch_famb</idno>
	    </seriesStmt>
      <sourceDesc>
		<bibl>
        <title>Concert<date when="19671208">08/12/1967</date></title>
<series>Concert</series>
<placeName>Basel, Hans Huber-Saal des Stadtcasinos Basel</placeName>
<orgName role="holding">Archiv des Vereins Freunde alter Musik Basel; <link target="http://famb.ch/"/></orgName>

		</bibl>
      </sourceDesc>
    </fileDesc>
  </teiHeader>
  <text>
    <body>
        <p> <!-- all the content of the program in one paragraph -->
            <pb facs="CH_Bm_prg/pyr_CH_Bm_prg-1750.tif"/>
<date when="19671208"/>
<name key="Filtz, Anton" type="person" role="cmp">Filtz, Anton</name>
<name key="Stamitz, Johann" type="person" role="cmp">Stamitz, Johann</name>
<name key="Wendling, Johann Baptist" type="person" role="cmp">Wendling, Johann Baptist</name>
<name key="Stamitz, Carl" type="person" role="cmp">Stamitz, Carl</name>
<name key="Holzbauer, Ignaz" type="person" role="cmp">Holzbauer, Ignaz</name><name key="Melkus, Eduard" type="person" role="int">Melkus, Eduard</name>
<name key="Linde, Hans-Martin" type="person" role="int">Linde, Hans-Martin</name>
<name key="Majer, Marianne" type="person" role="int">Majer, Marianne</name>
<name key="Wenzinger, August" type="person" role="int">Wenzinger, August</name>
<name key="Müller, Hannelore" type="person" role="int">Müller, Hannelore</name>
<name key="Kägi, Valerie" type="person" role="int">Kägi, Valerie</name><title>Concert</title>
<placeName key="Basel, Hans Huber-Saal des Stadtcasinos Basel"/>
<name key="Concert" type="series"/>
<page><![CDATA[﻿FREUNDE ALTER MUSIK IN BASEL
             2.	Konzert
Freitag, 8. Dezember 1967, 20.15 Uhr, im Hans Huber-Saal
JOHANN STAMITZ UND DIE MANNHEIMER SCHULE
Eduard Melkus, Wien (Violine)
Schola Cantorum Basiliensis:
Hans-Martin Linde (Traversflöte)
    Marianne Majer (Bratsche)
    August Wenzinger (Viola da gamba, Violoncello) Hannelore Müller (Violoncello)
    Valerie Kägi (Cembalo)
Programm 50 Rappen
Eintritt für Mitglieder frei. Karten für Nichtmitglieder zu Fi?. 6.90 (Jugendliche, Studenten und Berufsschüler der Musik-Akademie Fr. 4.—) bei Hug & Co., Freie Strasse 70a, und an der Abendkasse. Umtausch der NITOBA-Lose bis 6. Dezember nur bei Hug & Co.]]></page>
<pb facs="CH_Bm_prg/pyr_CH_Bm_prg-1751.tif"/>
<page><![CDATA[﻿Programm
Anton Piltz um 1730-1760
Johann Stamitz 1717-1757
 Trio Nr.5, D-dur, für Traversflöte, Violoncello und Continuo (Violoncello, Cembalo)
 Allegro moderato / Allegro non troppo
 Sonate G-dur für Violine und Continuo (Violoncello, Cembalo)
 Adagio / Allegro / Menuett
 Zwei Stücke für Violine solo
 Allegro moderato G-dur aus Divertimento Nr. 2
 Fuge (Allegro) D-dur aus Divertimento Nr. 1
Johann Baptist Wendling Quartett G-dur, op. 10, Nr. 4, für um 1720-1797	Traversflöte, Violine, Bratsche und
 Violoncello
                           Allegro / Andante / Allegro Pause
Carl Stamitz 1745-1801
Ignaz Holzbauer 1711-17&3
 Quartett D-dur für Viola da gamba, Violine, Bratsche und Violoncello
 Allegro moderato / Andante moderato / Rondo. Allegro moderato
 Quintett B-dur für Traversflöte, Violine, Bratsche, Violoncello und obligates Cembalo
 Allegro / Andante / Menuett - Trio (mit fünf Variationen)
Die verwendeten Instrumente:
Traversflöte nach Johann Georg Tromlitz von Johannes Adler, Markneukirchen
Violine in Originalmensur Klotz, 18. Jahrhundert
Bratsche in Originalmensur Johann Anton Gedler,
Füssen um 1770
Viola da gamba Jakob Stainer, Absam 1673
Violoncello in Originalmensur Jakob Stainer, Absam 1656
Violoncello in Originalmensur Giovanni Grancino, Mailand 1676
Konzertcembalo J.C. Neupert, Bamberg
Zur Beachtung:
Samstag, 9. Dezember, 16.30 Uhr, hält Eduard Melkus im Kleinen Saal der Musik-Akademie einen öffentlichen Demonstrationsvortrag über "Die Barockgeige in der modernen Musikpraxis" (Eintritt frelj^]]></page>
<pb facs="CH_Bm_prg/pyr_CH_Bm_prg-1752.tif"/>
<page><![CDATA[﻿]]></page>
       
        </p>
    </body>
  </text>
</TEI>
