<?xml version="1.0" encoding="UTF-8"?>
<?xml-model href="http://www.tei-c.org/release/xml/tei/custom/schema/relaxng/tei_all.rng" schematypens="http://relaxng.org/ns/structure/1.0"?>
<TEI xmlns="http://www.tei-c.org/ns/1.0">
  <teiHeader>
    <fileDesc>
        <titleStmt>
            <title>BASEL</title>
        </titleStmt>
        <editionStmt>
            <edition>TEI P5.1 Edition</edition>
            <respStmt>
                <resp>
                    <persName>Claudio Bacciagaluppi</persName>
                    <persName>Laurent Pugin</persName>
                    <persName>Rodolfo Zitellini</persName>
                    <date when="2016-01">Janvier 2016</date>
                </resp>
                <name>Bureau Suisse du RISM</name>
            </respStmt>
        </editionStmt>
        <publicationStmt>
            <publisher><orgName xml:base="http://www.rism-ch.org">Bureau Suisse du RISM</orgName></publisher>
        </publicationStmt>
	    <seriesStmt>
	     <idno type="collection">ch_famb</idno>
	    </seriesStmt>
      <sourceDesc>
		<bibl>
        <title>Concert<date when="19790316">16/03/1979</date></title>
<series>Concert</series>
<placeName>Basel, Grosser Saal der Musik-Akademie</placeName>
<orgName role="holding">Archiv des Vereins Freunde alter Musik Basel; <link target="http://famb.ch/"/></orgName>

		</bibl>
      </sourceDesc>
    </fileDesc>
  </teiHeader>
  <text>
    <body>
        <p> <!-- all the content of the program in one paragraph -->
            <pb facs="CH_Bm_prg/pyr_CH_Bm_prg-1502.tif"/>
<date when="19790316"/>
<name key="Dornel, Louis-Antoine" type="person" role="cmp">Dornel, Louis-Antoine</name>
<name key="Couperin, Louis" type="person" role="cmp">Couperin, Louis</name>
<name key="Dieupart, Charles" type="person" role="cmp">Dieupart, Charles</name>
<name key="Hotteterre, Jacques" type="person" role="cmp">Hotteterre, Jacques</name>
<name key="Marais, Marin" type="person" role="cmp">Marais, Marin</name>
<name key="Philidor, Pierre" type="person" role="cmp">Philidor, Pierre</name><name key="Wingerden, Jeanette van" type="person" role="int">Wingerden, Jeanette van</name>
<name key="Savall, Jordi" type="person" role="int">Savall, Jordi</name>
<name key="Koopman, Ton" type="person" role="int">Koopman, Ton</name><title>Concert</title>
<placeName key="Basel, Grosser Saal der Musik-Akademie"/>
<name key="Concert" type="series"/>
<page><![CDATA[﻿Tdkle dt U Mufique Pratiqut da Grtcs> Cr dts Modtrnts.
^SrcefCcnfw
    fcv 
Ca  fof 
fof fcv 
    m\  
fa      
mt  VC  
vt  i>f 
        
   ^.onui OHtU
^cn u«
&*$±
FREUNDE ALTER MUSIK IN BASEL
3.	Konzert
Freitag, den 16. März 1979, 20.15 Uhr Hans Huber-Saal des Stadtcasinos]]></page>
<pb facs="CH_Bm_prg/pyr_CH_Bm_prg-1503.tif"/>
<page><![CDATA[﻿PROGRAMM
Louis-Antoine Dornel um 1685-1765
Louis Couperin gest. 1661
Frangois Dieupart um 1680-1740
Troisieme Suite pour la Flüte avec la basse, op. 2 (1711)
  Pr^lude (lent-gay)
  "L'Anadique": Allemande (tendre) "La Gratieuse": Un peu lent "Le Ville flix": Rondeau "La Caron": Sarabande "La Chauvigny": Gigue
Chaconne ou Passacaille
Cinquieme Suitte pour la Flüte du quatre avec une basse continue (1705)
Ouverture
Allemande
Courante
Menuet en Rondeau
PAUSE
Jacques Martin Hotteterre le Romain
"Le Plaintif": Rondeau (tendrement) du premier Livre de Pieces pour la Flüte (1708)
Marin Marais 16 56-1728
Pierre Danican-Philidor 1681-1731
Prc§lude - "Le Labyrinth" du Quatrieme Livre de Pieces de Viole
Cinqieme Suitte op. 1 (1717)
   Tres lentement Allemande
   Sarabande (tendrement) Gigue (gayment)

AUSFUEHRENDE
Jeanette van Wingerden Jordi Savall Ton Koopraan
Blockflöte Viola da gamba Cembalo
                   INSTRUMENTE
Sopranflöte und Flüte de voix von Guido Klemisch. Bassgambe von Barak Norman (1697).
Cembalo nach Pascal Taskin von William Dowd.
Eintritt für Mitglieder frei. Karten für Nichtmitglieder zu Fr. 14.50 (Jugendliche, Studenten und Berufsschüler der Musik-Akademie Fr. 8.80) im Vorverkauf beim Musikhaus "au concert", Aeschenvorstadt 24, Tel. 23'11,76 und an der Abendkasse.
Hinweis: Interessenten für eine Mitgliedschaft können sich an das Sekretariat der FAMB, Leonhardsstr. 4,
4051 Basel (Tel. 25'57'22, intern 21) wenden.
Nächstes Konzert: 4. Konzert,Freitag, den 30. März,
20.15	Uhr im Grossen Saal der Musik-Akademie: Italienische Kantaten und Sonaten (Scarlatti, Carissimi, Vivaldi, Händel u.a.). Emma Kirkby (Gesang), Michel Piguet (Blockflöte, Barock-Oboe), Michael Jappe (Violoncello in alter Mensur), Alan Curtis (Cembalo)]]></page>
<pb facs="CH_Bm_prg/pyr_CH_Bm_prg-1504.tif"/>
<page><![CDATA[﻿Freunde Alter Musik Basel]]></page>
       
        </p>
    </body>
  </text>
</TEI>
