<?xml version="1.0" encoding="UTF-8"?>
<?xml-model href="http://www.tei-c.org/release/xml/tei/custom/schema/relaxng/tei_all.rng" schematypens="http://relaxng.org/ns/structure/1.0"?>
<TEI xmlns="http://www.tei-c.org/ns/1.0">
  <teiHeader>
    <fileDesc>
        <titleStmt>
            <title>BASEL</title>
        </titleStmt>
        <editionStmt>
            <edition>TEI P5.1 Edition</edition>
            <respStmt>
                <resp>
                    <persName>Claudio Bacciagaluppi</persName>
                    <persName>Laurent Pugin</persName>
                    <persName>Rodolfo Zitellini</persName>
                    <date when="2016-01">Janvier 2016</date>
                </resp>
                <name>Bureau Suisse du RISM</name>
            </respStmt>
        </editionStmt>
        <publicationStmt>
            <publisher><orgName xml:base="http://www.rism-ch.org">Bureau Suisse du RISM</orgName></publisher>
        </publicationStmt>
	    <seriesStmt>
	     <idno type="collection">ch_famb</idno>
	    </seriesStmt>
      <sourceDesc>
		<bibl>
        <title>Concert<date when="19721129">29/11/1972</date></title>
<series>Concert</series>
<placeName>Basel, Hans Huber-Saal des Stadtcasinos Basel</placeName>
<orgName role="holding">Archiv des Vereins Freunde alter Musik Basel; <link target="http://famb.ch/"/></orgName>

		</bibl>
      </sourceDesc>
    </fileDesc>
  </teiHeader>
  <text>
    <body>
        <p> <!-- all the content of the program in one paragraph -->
            <pb facs="CH_Bm_prg/pyr_CH_Bm_prg-1679.tif"/>
<date when="19721129"/>
<name key="Albicastro, Henrico" type="person" role="cmp">Albicastro, Henrico</name>
<name key="Tartini, Giuseppe" type="person" role="cmp">Tartini, Giuseppe</name>
<name key="Bach, Johann Christian" type="person" role="cmp">Bach, Johann Christian</name>
<name key="Naudot, Jacques-Christophe" type="person" role="cmp">Naudot, Jacques-Christophe</name>
<name key="Haydn, Joseph" type="person" role="cmp">Haydn, Joseph</name><name key="Wenzinger, August" type="person" role="int">Wenzinger, August</name><title>Concert</title>
<placeName key="Basel, Hans Huber-Saal des Stadtcasinos Basel"/>
<name key="Concert" type="series"/>
<page><![CDATA[﻿FREUNDE ALTER MUSIK IN BASEL 2. Konzert KONZERTANTE MUSIK DES 18. JAHRHUNDERTS
Mittwoch, 29. November 72, 20.15 Uhr, Hans Huber-Saal]]></page>
<pb facs="CH_Bm_prg/pyr_CH_Bm_prg-1680.tif"/>
<page><![CDATA[﻿PROGRAMM
Henrico Albicastro um 1700
Giuseppe Tartini 1692-1770
Concerto grosso c-moll, op.VII,4
  für Streicher und Generalbass
    Grave / Allegro / Adagio / Allegro
Konzert D-dur
  für Viola da gamba, Streicher, zwei Hörner und Generalbass
    Largo / Allegro / Grave / Allegro assai
Johann Christian Bach 1735-1782
Quartett-Sonate A-dur
  für Streicher und Generalbass (London 1777)
Allegro / Rondo grazioso
Jacques-Christophe Naudot gest. 1762
Konzert G-dur
  für Blockflöte, Streicher und Generalbass, op.XVII,5
    Allegro / Adagio /
    Allegro
Joseph Haydn 1732-1809
Divertimento a 6 D-dur für Streicher und zwei Hörner (Hob. 11,22)
    Presto / Menuetto / Largo, cantabile alla breve / Menuetto / Presto
                                              If
               AUSFUHRENDE
Die verstärkte Konzertgruppe der Schola Cantoruir Basiliensis, Leitung August Wenzinger Hans-Martin Linde (Piccolo-Blockflöte), Joseph Brejza, Bernard Leguillon (Naturhorn), Wolfgang Neininger, Herbert Hoever, Ursula Kägi, Miguel de la Fuente, Heidi Leisinger, Christine Heman (Violine), Christoph Day, Dorothea Jappe (Viola), August Wenzinger (Viola da gamba), Hannelore Müller, Michael Jappe (Violoncello), Angelo Viale (Kontrabass), Eduard Müller (Cembalo)
Die verwendeten Instrumente:
Piccolo-Blockflöte Hans Conrad Fehr, Zürich
Naturhörner Gebr. Alexander, Mainz
Streichinstrumente in alter Mensur von Gagliano, Grancino, Testore, Stainer u.a.
Cembalo Martin Scholz aus den Werkstätten von Hug & Co., Basel
Programm gratis
Eintritt für Mitglieder frei
Karten für Nichtmitglieder zu Fr. 8.05 (Jugendliche, Studenten und Berufsschüler der Musik-Akademie Fr. 4.—) bei Musikhaus "au concert", Aeschenvorstadt 24, und an der Abendkasse.]]></page>
<pb facs="CH_Bm_prg/pyr_CH_Bm_prg-1681.tif"/>
<page><![CDATA[﻿]]></page>
       
        </p>
    </body>
  </text>
</TEI>
