<?xml version="1.0" encoding="UTF-8"?>
<?xml-model href="http://www.tei-c.org/release/xml/tei/custom/schema/relaxng/tei_all.rng" schematypens="http://relaxng.org/ns/structure/1.0"?>
<TEI xmlns="http://www.tei-c.org/ns/1.0">
  <teiHeader>
    <fileDesc>
        <titleStmt>
            <title>BASEL</title>
        </titleStmt>
        <editionStmt>
            <edition>TEI P5.1 Edition</edition>
            <respStmt>
                <resp>
                    <persName>Claudio Bacciagaluppi</persName>
                    <persName>Laurent Pugin</persName>
                    <persName>Rodolfo Zitellini</persName>
                    <date when="2016-01">Janvier 2016</date>
                </resp>
                <name>Bureau Suisse du RISM</name>
            </respStmt>
        </editionStmt>
        <publicationStmt>
            <publisher><orgName xml:base="http://www.rism-ch.org">Bureau Suisse du RISM</orgName></publisher>
        </publicationStmt>
	    <seriesStmt>
	     <idno type="collection">ch_famb</idno>
	    </seriesStmt>
      <sourceDesc>
		<bibl>
        <title>Concert<date when="19780110">10/01/1978</date></title>
<series>Concert</series>
<placeName>Basel, Aula des Naturhistorischen Museums</placeName>
<orgName role="holding">Archiv des Vereins Freunde alter Musik Basel; <link target="http://famb.ch/"/></orgName>

		</bibl>
      </sourceDesc>
    </fileDesc>
  </teiHeader>
  <text>
    <body>
        <p> <!-- all the content of the program in one paragraph -->
            <pb facs="CH_Bm_prg/pyr_CH_Bm_prg-0426.tif"/>
<date when="19780110"/>
<name key="Mozart, Wolfgang Amadeus" type="person" role="cmp">Mozart, Wolfgang Amadeus</name>
<name key="Hoffmeister, Franz Anton" type="person" role="cmp">Hoffmeister, Franz Anton</name><name key="Stalder, Hans Rudolf" type="person" role="int">Stalder, Hans Rudolf</name>
<name key="Hoever, Herbert" type="person" role="int">Hoever, Herbert</name>
<name key="Jappe, Dorothea" type="person" role="int">Jappe, Dorothea</name>
<name key="Jappe, Michael" type="person" role="int">Jappe, Michael</name>
<name key="Scheidegger, Rudolf" type="person" role="int">Scheidegger, Rudolf</name><title>Concert</title>
<placeName key="Basel, Aula des Naturhistorischen Museums"/>
<name key="Concert" type="series"/>
<page><![CDATA[﻿
FREUNDE ALTER MUSIK IN BASEL 1. Podiumskonzert
 - ji. ^ ii:
I I ä *5
 *-5 ^ ^ <5; *• L v.
 * S£f 2 * j^r
              Dienstag, den 10. Januar 1978
              20.15	Uhr, in der Aula des Museums an der Augustinergasse]]></page>
<pb facs="CH_Bm_prg/pyr_CH_Bm_prg-0427.tif"/>
<page><![CDATA[﻿PROGRAMM
Werke von Wolfgang Amadeus Mozart (1756-1791)
Trio in G (KV 564)
für Klavier, Violine und Violoncello
     Allegro
     Andante
     Allegretto
Trio in Es "Kegelstatt-Trio" (KV 498) für Klavier, Klarinette und Viola
     Andante
     Menuetto
     Rondeaux: Allegretto
PAUSE
Quartett in g (KV 478)
für Klavier, Violine, Viola und Violoncello
     Allegro
     Andante
     Rondo: Allegro moderato
AUSFUEHRENDE1
Hans-Rudolf Stalder
Klarinette
Violine in alter Mensur Viola in alter Mensur Violoncello in alter Mensur Hammerklavier
Herbert Höver Dorothea Jappe Michael Jappe Rolf Junghanns
INSTRUMENTE
Klarinette von Astor, London Ende 18. Jahrhundert Violine von Martin Stoss, Wien 1813 Viola von Johann Baptist Havelka 1767
Violoncello von Carlo Ferdinando Landolfi, Milano 1740 Hammerflüge1 nach Matthäus Heilmann, Mainz um 1785 von Adlam und Burnett, Goudhurst - Kent
                                                                         c
Karten für Mitglieder zu Fr. 6.—, für Nichtmitglieder zu Fr. 8.— (Jugendliche, Studenten und Berufsschüler der Musik-Akademie Fr. 6.—) im Vorverkauf im Musikhaus "au concert", Aesehenvorstadt 24 (Tel. 23.11.76) und an der Abendkasse.	. <>
Interessenten für eine Mitgliedschaft können sich an das Sekretariat der FAMB, Leonhardsstr. 4, 4051 Basel (Tel.
25.57.22,	intern 35) wenden.
Nächstes Konzert: Montag, 6. und Dienstag, 7. Februar (Wiederholung), 20.15 Uhr, im Münstersaal des Bischofshofs: Consort Music von Henry Purcell bis William Byrd.]]></page>
<pb facs="CH_Bm_prg/pyr_CH_Bm_prg-0428.tif"/>
<page><![CDATA[﻿]]></page>
<pb facs="CH_Bm_prg/pyr_CH_Bm_prg-0429.tif"/>
<page><![CDATA[﻿                     Freunde alter Musik in Basel
                       BASEL • LEONHARDSSTRASSE 4 • TELEPHON 2J 57 22
PROGRAMMAEIMOERUNG
An Stelle des erkrankten Rolf Junghanns spielt Rudolf Scheidepger (Hammerklavier].
                                                                          C- ' ;
Programrrt:
Wolfgang Amadeus Mozart	Divertimento ä 3 in B (KV 254)
                                 für Klavier, Violine und Violoncello Allegro assai Adagio
                                    Rondeau. Tempd di Menuetto
Franz Anton Hoffmeisteir 1754-1812
Quartett in B
für Klarinette, Violine, Viola und Violoncello Allegro Menuetto Un pocco adagio Rondo
PAUSE
Wolfgang Amadeus Mozart
Trio in Es "Kegelstatt-Trio" (KV 498) (siehe gelbes Programm)]]></page>
       
        </p>
    </body>
  </text>
</TEI>
