<?xml version="1.0" encoding="UTF-8"?>
<?xml-model href="http://www.tei-c.org/release/xml/tei/custom/schema/relaxng/tei_all.rng" schematypens="http://relaxng.org/ns/structure/1.0"?>
<TEI xmlns="http://www.tei-c.org/ns/1.0">
  <teiHeader>
    <fileDesc>
        <titleStmt>
            <title>BASEL</title>
        </titleStmt>
        <editionStmt>
            <edition>TEI P5.1 Edition</edition>
            <respStmt>
                <resp>
                    <persName>Claudio Bacciagaluppi</persName>
                    <persName>Laurent Pugin</persName>
                    <persName>Rodolfo Zitellini</persName>
                    <date when="2016-01">Janvier 2016</date>
                </resp>
                <name>Bureau Suisse du RISM</name>
            </respStmt>
        </editionStmt>
        <publicationStmt>
            <publisher><orgName xml:base="http://www.rism-ch.org">Bureau Suisse du RISM</orgName></publisher>
        </publicationStmt>
	    <seriesStmt>
	     <idno type="collection">ch_famb</idno>
	    </seriesStmt>
      <sourceDesc>
		<bibl>
        <title>Concert<date when="19971210">10/12/1997</date></title>
<series>Concert</series>
<placeName>Basel, Martinskirche</placeName>
<orgName role="holding">Archiv des Vereins Freunde alter Musik Basel; <link target="http://famb.ch/"/></orgName>

		</bibl>
      </sourceDesc>
    </fileDesc>
  </teiHeader>
  <text>
    <body>
        <p> <!-- all the content of the program in one paragraph -->
            <pb facs="CH_Bm_prg/pyr_CH_Bm_prg-0966.tif"/>
<date when="19971210"/>
<name key="Merula, Tarquinio" type="person" role="cmp">Merula, Tarquinio</name>
<name key="Grandi, Alessandro" type="person" role="cmp">Grandi, Alessandro</name>
<name key="Schütz, Heinrich" type="person" role="cmp">Schütz, Heinrich</name>
<name key="Cazzati, Maurizio" type="person" role="cmp">Cazzati, Maurizio</name>
<name key="Monteverdi, Claudio" type="person" role="cmp">Monteverdi, Claudio</name>
<name key="Marini, Biagio" type="person" role="cmp">Marini, Biagio</name>
<name key="Donati, Ignazio" type="person" role="cmp">Donati, Ignazio</name>
<name key="Del Buono, Giovan Pietro" type="person" role="cmp">Del Buono, Giovan Pietro</name>
<name key="Castello, Dario" type="person" role="cmp">Castello, Dario</name>
<name key="Cavalli, Francesco" type="person" role="cmp">Cavalli, Francesco</name>
<name key="Scarani, Giuseppe" type="person" role="cmp">Scarani, Giuseppe</name>
<name key="Storace, Bernardo" type="person" role="cmp">Storace, Bernardo</name>
<name key="Gabrieli, Giovanni" type="person" role="cmp">Gabrieli, Giovanni</name><name key="Kiehr, María Cristina" type="person" role="int">Kiehr, María Cristina</name>
<name key="Tubéry, Jean" type="person" role="int">Tubéry, Jean</name>
<name key="David, Gebhard" type="person" role="int">David, Gebhard</name>
<name key="Parizzi, Enrico" type="person" role="int">Parizzi, Enrico</name>
<name key="Falcone, Roberto" type="person" role="int">Falcone, Roberto</name>
<name key="Jochem, Arno" type="person" role="int">Jochem, Arno</name>
<name key="Papasergio, Jérémie" type="person" role="int">Papasergio, Jérémie</name>
<name key="Pluhar, Christina" type="person" role="int">Pluhar, Christina</name>
<name key="Aymes, Jean-Marc" type="person" role="int">Aymes, Jean-Marc</name>
<name key="Bötticher, Jörg-Andreas" type="person" role="int">Bötticher, Jörg-Andreas</name><title>Concert</title>
<placeName key="Basel, Martinskirche"/>
<name key="Concert" type="series"/>
<page><![CDATA[﻿Freunde alter Musik. S
Konzert II
          Mittwoch, 10.12. 1997, 20.15 Uhr Martinskirche Basel
Basel
]]></page>
<pb facs="CH_Bm_prg/pyr_CH_Bm_prg-0967.tif"/>
<page><![CDATA[﻿Von der Kirchenmusik, ihren weltlichen Schwestern und einigen unbekannten Komponisten im Italien des 17. Jahrhunderts
Im Lukas-Evangelium, genauer im sogenannten "Magnificat"
(Lk. 1, 46-55), singt Maria, die Gottesmutter: "Siehe, von nun an preisen mich selig alle Geschlechter." Und in der Tat ist ihr Loblied seither nicht mehr verstummt; unzählige Dichter, Gelehrte und Komponisten haben im Laufe der Jahrhunderte zu Ehren Marias gedichtet, gesungen und musiziert. Generationen haben sich an ihrem Festtagsreigen beteiligt, der in steter Regel-mässigkeit das Kirchenjahr durchzieht. Das Fest "Mariä unbefleckte Empfängnis" am 8. Dezember steht dabei nach katholischem Glauben am Beginn des Heilswerks Christi.
Das Marienlob im Frühbarock hat seine ganz besondere schichte: Die Zeit nach dem Tridentinischen Konzil (abgeschlossen 1563) mit seinen speziellen Bestimmungen für die Erneuerung der Kirchenmusik war von tiefgreifenden Reformen gezeichnet - nicht nur innerhalb der Kirche selbst, sondern auch im Verhältnis des Einzelnen der Kirche und dem Religiösen gegenüber. An der Monodie, der "nava maniera" (Caccini) des Gesangs, die sich um 1600 ausbildete, wird deutlich, dass die Künstler sich jedoch von Forderungen nur aussermusikalischer Autoritäten keineswegs einengen liessen, sondern sie in ihrem Sinne umdeuteten. Und was eignete sich auf dem Gebiet der Kirchenmusik besser zur "Nachahmung des affektgeladenen, in seelischer Erregtheit fluktuierenden, künstlich ins Schauspielerische gesteigerten Sprechens der italienischen Sprache", wie Hans Heinrich Eggebrecht die Monodie beschrieb, als das Lob der Gottesmutter, der Jungfrau Maria? Theoretisch konnte damals jede weltliche Monodie durch geschickte Unterlegung eines entsprechenden Textes in eine geistliche verwandelt werden (auch der umgekehrte Fall kam vor). Das wichtigste dabei wä an den herausgehobenen Stellen Worte mit ähnlichen AffeW^ gehalten einzusetzen: Die Deutung und Bedeutung bleibt insofern dieselbe, als der Ausdruck und das musikalische Symbol identisch sind, wenn es sich etwa bei Schmerz um den eines unglücklich Verliebten oder den über die Leiden des Erlösers handelt, ob eine Anklage sich gegen einen untreuen Liebhaber oder gegen die eigenen Sünden erhebt, ob eine entfernte Dame oder die Jungfrau Maria verehrt wird. Die Affekte und ihre Ausdruckskraft stehen immer im Vordergrund frühbarocker italienischer Musik, gleichgültig, ob diese weltliche oder geistliche Inhalte vermittelt.
Mit "Ave maris stella" - "Meerstern, ich Dich grüsse", dem am weitesten verbreiteten und beliebtesten Marienhymnus aus zister-
ziensischer Tradition, hat das Ensemble La Fenice den ersten Teil seines Programms überschrieben. Es versammelt - wie stets in den Programmen von La Fenice - in erster Linie Komponisten, die in und um Venedig tätig waren. Der Violinist Biagio Marini aus Brescia ist 1615 als "musico" an San Marco nachweisbar, später verschlug es den Komponisten brillanter Kammermusik nach Parma, weiter nach Neuburg, bis nach Düsseldorf und wieder zurück nach Vicenza. Der erst seif kurzem wiederentdeckte Sizilianer Alessandro Grandi war vermutlich Schüler von Giovanni Gabrieli, 1616 wurde er Vizekapellmeister an San Marco, später Kapellmeister an Santa Maria Maggiore in Bergamo. Seine grössten Leistungen liegen auf dem Gebiet der geistlichen Vokalmusik. Ignatio Donati stammte aus der Nähe v^Warma, er hatte das Amt eines "maestro di cappella" an der Kathedrale in Urbino inne und wirkte später an verschiedenen Kathedralen Oberitaliens inklusive Mailands. Seine hochbedeutende Kirchenmusik wurde insgesamt in Venedig gedruckt. Giovanni Pietro Del Buono aus Palermo gab einen grossen Band Vokalmusik heraus, darüber hinaus sind 14 interessante Cembalosonaten aus seiner Feder überliefert. Dario Castello spielte Blasinstrumente; man weiss so gut wie nichts über sein Leben, auf einem Druck ist lediglich vermerkt, dass er "in stil moderno" komponiert hat. Der Venezianer Francesco Cavalli, Sohn eines Kirchenkapellmeisters, war selbst Organist und ab 1668 Kapellmeister von San Marco, seinen immensen Ruhm verdankt der hervorragende Komponist von Vokalmusik jedoch seinen Opern, so wurde er mit der Komposition der Festoper der Vermählungsfeierlichkeiten von Ludwig XIV. beauftragt. Maurizio Cazzati stammte aus Lucera, sein Wirkungskreis war in und um Mantua, von ihm sind ausserordentlich viele Mess-Vertonungen erhalten. Auch im zweiten Teil des Programms, das mit den beiden wichtigsten Funktionen und Eigenschaften Marias, "mater et vijA", Mutter und Jungfrau, auf die vorweihnachtliche Zeit d^^t, haben La Fenice eher unbekannte Gesänge auf Maria mit Instrumentalwerken kombiniert. Giuseppe Scarani war Karmeliter-Mönch und Organist, 1629 ging er als Sänger am Dom von San Marco. Sein Opus 1, die "Sonate concertate" verbinden den Kammer- mit dem Kirchenstil. Tarquinio Merula, vermutlich aus Cremona stammend, wurde 1624 Kirchen- und Kammerorganist am Hofe Sigismund III. von Polen, kehrte 1626 nach Italien zurück und liess sich schliesslich in Cremona nieder. Heute ist er vor allem Komponist von rhyth-misch prägnanten "Sonate da camera" bekannt, seine geistlichen Werke sind noch zu entdecken. Von Bernardo Storaces Leben ist nichts bekannt, ein Titeldruck weist ihn aus als "vice-maestro di capella" in Messina, seine Musik gehört stilistisch allerdings eher in den
norditalienischen Raum und wurde auch in Venedig herausgebracht. Der Venezianer Giovanni Gabrieli ist neben seinem Schüler Heinrich Schütz der bekannteste Komponist des Abends. Der Organist an San Marco hat wesentlichen Anteil an der Entwicklung der Mehrchörigkeit, er war gleichzeitig ein Meister der Komposition für Instrumentalensembles. Enricus Sagittarius lautet die lateinische Unterschrift von Heinrich Schütz. Dieser Komponist hat die expressive Kunst der italienischen Monodie über die Alpen nach Deutschland getragen, und aus seiner Feder erklingt das "Magnificat", der Lobgesang Marias aus dem Lukas-Evangelium, mit dem alles begonnen hatte.	Regula Rapp
Die Musiker von LA FENICE sind international renommierte Instrumentalisten, die auch regelmässig mit anderen Ensembles Alter Musik auftreten, wie Hesperion XX, Concerto Vocale, Amsterdam Barockorchester, Das Orchester des 18. Jahrhunderts, Les Arts Florissants, Taverner Players u.a. Viele unter ihnen sind auch pädagogisch tätig und unterrichten an den Konservatorien in Paris, Genf, Fribourg, Caen und der Schola Cantorum Basiliensis.
Der Name LA FENICE ist dem berühmten Theater in Venedig, als Symbol der "serenissima republica di Venetia" entlehnt, war aber auch der Titel einer Canzone von Giovanni Martino Cesare, einem Zinkenisten und Komponisten des 17. Jahrhunderts.
Der Phönix, italienisch "La Fenice”, ist jenes mythologische Wesen, das sich aus der Asche erhebt und somit die Wiedergeburt und den ewigen Kreislauf symbolisiert. Unter diesem Namen ist es dem Ensemble ein Anliegen, viele zu Unrecht in Vergessenheit geratene Komponisten des 17. Jahrhunderts "aus der Asche zu erheben" und somit den prunkvollen Glanz dieser Musik neu erstehen zu lassen.
Das Repertoire des Ensembles erstreckt sich aber auch auf Instrumental- und Vokalmusik des Frühbarock aus ganz Europa. Der Zink, Mittelpunkt des Ensembles, ist seit Anfang des 16. Jahrhunderts beijosquin Desprez und dessen Zeitgenossen bekannt und findet seine späte Verwendung bei Johann Sebastian Bach, der ihn für einige Kantaten einsetzte. Das Ensemble ist bemüht, die Originalinstrumentation beizubehalten, die in der Vokalmusik der damaligen Zeit durch ihre symbolische Bedeutung den Text ausgestaltet. Lebendige, virtuose Musizierfreude sind wesentliche Merkmale der immer erfolgreicheren Musiker von LA FENICE.
Als leidenschaftlicher Verehrer italienischer Musik des 17. Jahrhunderts wandte sich Jean Tubery, nachdem er sein Studium der Blockflöte in Toulouse und Amsterdam abgeschlossen hatte, dem Instrument zu, das die wichtigste Rolle in der Instrumentalmusik jener Zeit spielt: dem Zink.
Er studierte Zink an der Schola Cantorum Basiliensis bei Bruce Dickey und erlangte 1990 das “Diplom für Alte Musik" mit Auszeichnung.
Seine überaus rege Konzerttätigkeit führte ihn seither durch ganz Europa sowie nach Japan, die USA und Russland. Er spielte mit Ensembles wie Les Arts Florissants (William Christie), Hesperion XX (jordi Savall), Collegium Vocale (Philippe Herreweghe), Concerto Vocale (Rene Jacobs).
Er ist Gründer und musikalischer Leiter des Ensembles LA FENICE, mit dem er zwei erste Preise in internationalen En-semble-wettbewerben gewonnen hat (Brügge, 1990 und Malmö, 1992). Mit seinem Ensemble begann er 1994 Ein-spielungen einer Reihe unter dem Titel "L'Heritage de Monteverdi'' zu machen, die der venezianischen Musik des 17. Jahrhunderts gewidmet ist.
Seine künstlerische Tätigkeit erstreckt sich ausserdem auf das Dirigieren, - so wurde er 1996 vom "Choeur de Namur" dazu eingeladen, die Musik von Philippe Rogier im Rahmen des Festivals von Flandern zu dirigieren (Missa Domine Dominus noster).
Jean Tubery unterrichtet eine Zinkklasse am "Conservatoire National" in Paris. Er gibt regelmässig Meisterkurse in Belgien, Deutschland und den USA.
Maria Cristina Kiehr, Sopran, begann in ihrem Heimatland Argentinien ihre Ausbildung in Gesang und Violine und lebt seit 1983 in Europa. Sie studierte weiter Gesang bei Eva Krasznai und spezialisierte sich in der Klasse von Rene Jacobs an der Schola Cantorum Basiliensis auf die Interpretation von Renaissance- und Barockmusik.
Ihre Karriere als Solistin führte sie durch ganz Europa, nach Japan und Australien. Maria Cristina Kiehr wurde von international renommierten Ensembles und Orchestern wie Concerto Vocale, LA FENICE, Cantus Cölln, Hesperion XX, Ensemble Vocal Europeen, Elyma, Nederlands Kamerkoor, Concerto Köln, Nederlandse Bach Vereniging, Ensemble 415, von Rene Jacobs, Philippe Herre-weghe, Jordi Savall, Frans Brüggen, Gustav Leonhardt u.a. für Konzerte und Aufnahmen eingeladen.
Unter der Leitung von Rene Jacobs debütierte sie als Opernsängerin in ”11 Giasone" von F. Cavalli 1988 in Innsbruck im Rahmen der Festwoche der Alten Musik und trat anschliessend in "L'lncoronazione di Poppea" von C. Monteverdi in der Oper von Montpellier und in "L'Orontea" von A. Cesti im Theater Basel auf. Unter der Leitung von Gilbert Bezzina sang Maria Cristina Kiehr 1993 in Nizza die Titel-rolle in "Dorilla in Tempe" von A. Vivaldi wie auch in "II Schiavo di sua Moglie” von F. Provenzale im Teatro Massimo di Palermo unter der Leitung von Toni Florio. Ebenfalls in Palermo, unter der Leitung von G. Garrido sang Maria Cristina Kiehr die Partie der “Venere" in "Dafne" von M. da Gagliano und diejenigen der "Musica“ und "Speranza" in "L'Orfeo" von C. Monteverdi.
Seit 1992 unterrichtet Maria Cristina Kiehr im Stage International de Musique Baroque in Barbaste (F). Viele Aufnahmen, bei denen sie als Solistin oder Ensemblemitglied mitwirkte, wie Astree, Accent, Accord, Deutsche Harmonia Mundi, Harmonia Mundi France, Empreinte Digitale u.a., wurden von der internationalen Presse ausgezeichnet mit "Diapason d'Or”, "Choc du Monde de la Musique"...
]]></page>
<pb facs="CH_Bm_prg/pyr_CH_Bm_prg-0968.tif"/>
<page><![CDATA[﻿AVE MARIS STELLA
 Marianische und Advents-Musik aus der Zeit von Claudio Monteverdi
MATER •» VIRGO
 Musik zur Advents- und Weihnachtszeit
 B. Marini (1597-1665)
 A. Grandi (1577- 1630)
 I. Donati (1570-1638)
 G. P. Del Buono (17. Jahrhundert)
 D. Castelb (17. Jahrhundert)
 F. Cavalli (1601 - 1676)
 M. Cazzati (1620- 1677)
 ***Appbus erst nach Liedgruppen
 Canzon prima per quattro violini o cornetti
 (Sonate, symphoniae - opera ottava, Venetia 1629)
 G. Scarani Sonata decimaterza a tre
 (1628 - 1674) sopra ’Lucis creator optime"
(Sonate concertate, Venetia 1630)
 Ave Maris stelb
 (Motetti con Sinfonie, libro terzo, Venetia 1637)
 M. Cazzati Alma mater redemptoris
(Antifone annuali, op. 42, Bologna 1667)
 O gbriosa Domina
 ä modo di ec ho
 (Fbres praestantissimorum virorum, Mibno 1626)
 Cartone ä otto
 sopra l'Ave Maris Stelb (Canoni, oblighi, Palermo 1641)
T. Merula	Jesu dubis memoria
 (1594 - 1665) per canto sob con tre viole
(II secondo libro de concerti spirituali, Venetia 1628)
B. Storace Pastorale
 (17. Jahrhundert) (Selva di varie composition d'intavolatura
per cimbab - sic - ed organo, Venetia 1664)
 Sonata decimasettima
 per due violini e due cornetti
 (Sonate concertate, libro 2°, Venetia 1629)
T. Merub	Hör ch'e tempo di dormire
                   Canzonetta spirituale sopra alla nanna (Curtio precipitato, Venetia 1638)
 Exultote Deo
 Motetto a voce sola (Ghirlanda sacra, Venetia 1625)
 Sonata o canzon
 a sei voci
 (Musiche sacre, Venetia 1656)
 Salve Regina
 per soprano solo con stromenti
 (Antifone annuali delb beata vergine, op. 42,
 Bologna 1667)
 G. Gabrieli Beata es Virgo Maria
 (1557 - 1613) Antifona ad Magnificat
(Symphonie sacrae, Venetia 1615)
 Enricus Sagittarius*
 (1587 - 1672) Magnificat anima mea
                   Kontrafaklur nach "Meine Seele erhebt den Herren“ (Symphoniae sacrae seconda pars, Dresden 1647)
 "Lateinische Unterschrift von Heinrich Schütz
 PAUSE

Unser nächstes Konzert:
Maria Cristina Kiehr Sopran Ensemble LA FENICE
Jean Tubery Gebhard David Enrico Parizzi Roberto Falcone Amojochem Jeremie Papasergio Christina Pluhar Jean-Marc Aymes Jörg-Andreas Bötticher
Jean Tubery
Zink
Zink
Violine
Violine
Violone
Fagott
Theorbe / Tripel ha rfe Cembalo / Orgel Orgel / Cembalo
Leitung
KulturI
Basel-Stadt
Konzert III Dienstag, 1 3. Januar 1998
              20.15	Uhr Martinskirche Basel
             Christoph Strauss (ca. 1580 - 1631)
               Missa Maria concertata a 9 (Wien 1631) Motetten (Wien 1613)
            Concerto Palatino
             Leitung: Bruce Diclcey, Charles Toe^^
        Christoph Strauss entstammt einer Wiener Musikerfamilie und ist - soweit bekannt - kein Vorfahr der Walzerkönige des 19. Jahrhunderts. Er komponierte in der aufregenden Zeit des Stilwandels um 1600 und konnte als kaiserlicher Hoforganist und späterer Kapellmeister am Stephansdom aus der reichen italienischen Musiktradition Wiens schöpfen. Während sein Druck von 1613 noch eher dem alten motettischen Satz verpflichtet ist, setzt er in seiner "Missa Maria concertata" - die einem monumentalen Messendruck von 1631 entstammt - die neuen Mittel des konzertierenden Stils gekonnt ein, wobei seine reichen Instrumentationsangaben für die heutige Praxis von besonderem Interesse sind.
                   Dieses Konzert kleidet eine hauptsächlich historisch wahrgenommene Musiker-Persönlichkeit erstmals in^m eigenes, ausgesprochen prächtiges Klanggewand.
Das Konzert wird von Schweizer Radio DRS2 aufgenommen und am Sonntag, 14. Dezember, um 11.00 Uhr sowie am Montag, 22. Dezember 1997, um 1 3.30 Uhr ausgestrahlt.]]></page>
       
        </p>
    </body>
  </text>
</TEI>
