<?xml version="1.0" encoding="UTF-8"?>
<?xml-model href="http://www.tei-c.org/release/xml/tei/custom/schema/relaxng/tei_all.rng" schematypens="http://relaxng.org/ns/structure/1.0"?>
<TEI xmlns="http://www.tei-c.org/ns/1.0">
  <teiHeader>
    <fileDesc>
        <titleStmt>
            <title>BASEL</title>
        </titleStmt>
        <editionStmt>
            <edition>TEI P5.1 Edition</edition>
            <respStmt>
                <resp>
                    <persName>Claudio Bacciagaluppi</persName>
                    <persName>Laurent Pugin</persName>
                    <persName>Rodolfo Zitellini</persName>
                    <date when="2016-01">Janvier 2016</date>
                </resp>
                <name>Bureau Suisse du RISM</name>
            </respStmt>
        </editionStmt>
        <publicationStmt>
            <publisher><orgName xml:base="http://www.rism-ch.org">Bureau Suisse du RISM</orgName></publisher>
        </publicationStmt>
	    <seriesStmt>
	     <idno type="collection">ch_famb</idno>
	    </seriesStmt>
      <sourceDesc>
		<bibl>
        <title>Concert<date when="19700227">27/02/1970</date></title>
<series>Concert</series>
<placeName>Basel, Hans Huber-Saal des Stadtcasinos Basel</placeName>
<orgName role="holding">Archiv des Vereins Freunde alter Musik Basel; <link target="http://famb.ch/"/></orgName>

		</bibl>
      </sourceDesc>
    </fileDesc>
  </teiHeader>
  <text>
    <body>
        <p> <!-- all the content of the program in one paragraph -->
            <pb facs="CH_Bm_prg/pyr_CH_Bm_prg-1625.tif"/>
<date when="19700227"/>
<name key="Morley, Thomas" type="person" role="cmp">Morley, Thomas</name>
<name key="Eyck, Jacob van" type="person" role="cmp">Eyck, Jacob van</name>
<name key="Dowland, John" type="person" role="cmp">Dowland, John</name>
<name key="Jenkins, John" type="person" role="cmp">Jenkins, John</name>
<name key="Young, William" type="person" role="cmp">Young, William</name>
<name key="Johnson, Edward" type="person" role="cmp">Johnson, Edward</name>
<name key="Farnaby, Giles" type="person" role="cmp">Farnaby, Giles</name>
<name key="Anonymus" type="person" role="cmp">Anonymus</name>
<name key="Hingeston, John" type="person" role="cmp">Hingeston, John</name><name key="Linde, Hans-Martin" type="person" role="int">Linde, Hans-Martin</name>
<name key="Müller, Hannelore" type="person" role="int">Müller, Hannelore</name>
<name key="Wenzinger, August" type="person" role="int">Wenzinger, August</name>
<name key="Dombois, Eugen M." type="person" role="int">Dombois, Eugen M.</name>
<name key="Müller, Eduard" type="person" role="int">Müller, Eduard</name><title>Concert</title>
<placeName key="Basel, Hans Huber-Saal des Stadtcasinos Basel"/>
<name key="Concert" type="series"/>
<page><![CDATA[﻿FREUNDE ALTER MUSIK IN BASEL
4. KONZERT
Freitag, 27. Februar 1970, 20.15 Uhr, im Hans Huber-Saal
KAMMERMUSIK AUS ENGLAND
Schola Cantorum Basiliensis:
Hans-Martin Linde (Blockflöte)
Hannelore Müller (Viola da gamba)
August Wenzinger (Diskantviole, Viola da gamba) Eugen. M. Dombois (Renaissance-Laute)
Eduard Müller (Cembalo)
Programm 50 Rappen Eintritt für Mitglieder frei.
Karten für Nichtmitglieder zu Fr. 6.90 (jugendliche, Studenten und Berufsschüler der Musik-Akademie Fr. 4.--) bei Hug & Co., Freiestrasse 70a, und. an der Abendkasse.
Umtausch der Nitoba-Lose bis 26. Februar nur bei Hug.]]></page>
<pb facs="CH_Bm_prg/pyr_CH_Bm_prg-1626.tif"/>
<page><![CDATA[﻿ Programm
Thomas Morley 1557-1603
Jacob Jan van. 1590-1654
John Dowland. 1562-1626
John Jenkins 1592-1678
William Young gest. 1671
   Aus "The First Book of Conaort Lessons"
   (1599/1611)
      Nr. 24: "The Batchelors Delight"
              (nach Richard Allison)
      Nr. 17s "Joyne Hands"
(nach Thomas Morley)
      Nr. 20s "Sola soletta"
              (nach Thomas Morley?),
      ausgeführt auf Blockflöte, Diskant-und. Bassviole, Laute, Cembalo
EJyck Variationen für Blockflöte solo über
      Pavane "Lachrimae antiquae" 'nach John Dowland)
      "Come again" (nach John. Dowland.)
      "Malle Symon" (nach einem unbekannten Komponisten)
   Drei Stücke für Laute solo
     Almain
      "Farewell"
      "Mistris Whittes things"
   Suite G-dur für Blockflöte, zwei Bassviolen und. Cembalo
      Pavane / Air (Almain) / Coranto /
      Air / Coranto / Saraband
 Pause
   "Divisions on a Ground" in a für zwei Bass-violen und. Continuo (Cembalo)
   Suite D-d.ur für zwei Bassviolen
      Prelude / Almain. / Coranto / Almain / Saraband. / Air / Saraband.
Drei Stücke für Cembalo solo
Edward Johnson um 1600
Giles Farnaby um 1560-um 1620
Anonymus
anfang 17 • Jahrhundert
John Hingston gest. 1683
Die verwendeten Instrumente
aus dem "Pitzwilliam Virginal Book” (um 1625)
   ■Variationen über "Johnson*s Medley"
   Gaillarde
   Courante
"The Spring11, Fantasia und Air "(Blockflöte, zwei Bassviolen., Cembalo)
Zwei Blockflöten Hans Conrad Fehr, Zürich Diskantviole Eugen Sprenger, Frankfurt am Main Zwei Bassviolen Jakob Stainer, Absam 1673 Renaissance-Laute Sandro H. Zanetti, Pontresina Cembalo, Kopie nach Andreas Rückers (Antwerpen 1623), hergestellt im Pianohaus Rück, Nürnberg]]></page>
<pb facs="CH_Bm_prg/pyr_CH_Bm_prg-1627.tif"/>
<page><![CDATA[﻿Die verwendeten Instrumente
Zwei Blockflöten Hans Conrad Fehr Zürich Diskantviole Eugen Sprenger Frankfurt am Main Zwei Bassviolen. Jakob Stainer5 Absam 1673 Renaissance-Laute Sandro H. Zanetti.; Pontresina Cembclo, Kopie nach Andreas Rückers (Antwerpen 1623), hergestellt im Planohaus Rück, Nürnberg]]></page>
       
        </p>
    </body>
  </text>
</TEI>
