<?xml version="1.0" encoding="UTF-8"?>
<?xml-model href="http://www.tei-c.org/release/xml/tei/custom/schema/relaxng/tei_all.rng" schematypens="http://relaxng.org/ns/structure/1.0"?>
<TEI xmlns="http://www.tei-c.org/ns/1.0">
  <teiHeader>
    <fileDesc>
        <titleStmt>
            <title>BASEL</title>
        </titleStmt>
        <editionStmt>
            <edition>TEI P5.1 Edition</edition>
            <respStmt>
                <resp>
                    <persName>Claudio Bacciagaluppi</persName>
                    <persName>Laurent Pugin</persName>
                    <persName>Rodolfo Zitellini</persName>
                    <date when="2016-01">Janvier 2016</date>
                </resp>
                <name>Bureau Suisse du RISM</name>
            </respStmt>
        </editionStmt>
        <publicationStmt>
            <publisher><orgName xml:base="http://www.rism-ch.org">Bureau Suisse du RISM</orgName></publisher>
        </publicationStmt>
	    <seriesStmt>
	     <idno type="collection">ch_famb</idno>
	    </seriesStmt>
      <sourceDesc>
		<bibl>
        <title>Concert<date when="19441007">07/10/1944</date></title>
<series>Concert</series>
<placeName>Basel, Musikzimmer im Blauen Haus (Rheinsprung 16)</placeName>
<orgName role="holding">Archiv des Vereins Freunde alter Musik Basel; <link target="http://famb.ch/"/></orgName>

		</bibl>
      </sourceDesc>
    </fileDesc>
  </teiHeader>
  <text>
    <body>
        <p> <!-- all the content of the program in one paragraph -->
            <pb facs="CH_Bm_prg/pyr_CH_Bm_prg-0551.tif"/>
<date when="19441007"/>
<name key="Corelli, Arcangelo" type="person" role="cmp">Corelli, Arcangelo</name>
<name key="Couperin, François" type="person" role="cmp">Couperin, François</name>
<name key="Handel, George Frideric" type="person" role="cmp">Händel, Georg Friedrich</name>
<name key="Clérambault, Louis Nicolas" type="person" role="cmp">Clérambault, Louis-Nicolas</name><name key="Geering, Arnold" type="person" role="int">Geering, Arnold</name>
<name key="Bopp, Joseph" type="person" role="int">Bopp, Joseph</name>
<name key="Kägi, Walter" type="person" role="int">Kägi, Walter</name>
<name key="Flügel, Gertrud" type="person" role="int">Flügel, Gertrud</name>
<name key="Müller, Eduard" type="person" role="int">Müller, Eduard</name><title>Concert</title>
<placeName key="Basel, Musikzimmer im Blauen Haus (Rheinsprung 16)"/>
<name key="Concert" type="series"/>
<page><![CDATA[﻿5? 219»»
Freunde alter Musik in Basel
Konzert
                     Samstag, 7. Oktober 1944, 17 Uhr Musikzimmer im Blauen Haus (Rheinsprung 16)
Sehola (ytorim Basilimis
                       Arnold Geering (Baß), Joseph Bopp (Flauto traverso), Walter Kägi (Violine), Gertrud Flügel (Viola da gamba), Eduard Müller (Cembalo)
              Programm
Arcangelo Corelli 1653—1713
Frangois Couperin 1668—1733
G. F. Händel
1685—1759
L. N. Clerambault 1676—1749
 Sonate D-dur für Violine und Continuo
 Grave, Allegro, Adagio, Grave, Allegro, Adagio — Allegro — Allegro — Adagio — Allegro
 Les Fastes de la grande et ancienne Menestrandise (Der Aufmarsch der großen und altehrwürdigen Spielmannszunft) für Cembalo
    Marche: „Les Notables et Jur£s“
    2 Airs : „Les Vieleux et les Gueux“
    Air: „Les Jongleurs, Sauteurs et Saltimbanques: avec les Ours et les Singes“
    „Les Invalides : ou Gens estropi£s au Service de la grande Menestrandise“ „D6sordre et dÄroute de toute la troupe caus£s par Iea Ivrognes, lea Siuges et les Ours“
 Sonate op. 1, Nr. 5, G-dur für Flöte und Continuo Adagio — Allegro — Adagio — Bor6e — Menuetto
 Kantate Nr. 4, „Polipheme“, für eine Singstimme, Flöte, Violine und Continuo
               Das Konzert wird dargeboten zur Eröffnung des Musikzimmers im Blauen Haus und aus Anlaß der 25. Hauptversammlung der Schweizerischen Musikforschenden Gesellschaft.
]]></page>
<pb facs="CH_Bm_prg/pyr_CH_Bm_prg-0552.tif"/>
<page><![CDATA[﻿LOUIS NICOLAS CLERAMBAULT „Polipheme"
Recitatif
Air fort tendre
Recitatif
Air de mouvement et marque
Recitatif
Polipheme inquiet, amoureux et jaloux, Cherchait l’aimable Galat6e,
Leg vents impfitueux et la mer agit£e semblaient partager son courroux.
Venez, s’6criait-il, nfirtjide s6v£re!
Venez par vos appas calmer mon trouble affreux, partager la flamme sinc^re de mon coeur amoureux!
Ah! rendez-moi votre pr6sence,
venez calmer la violence
de mes feux et de mes tourmente!
Loin de vous tout me d6sesp£re.
Je crains qu’un rival tem6raire n’occupe de trop doux moments.
Mais je l’appelle en vain, c’est Acis qu’elle adore.
Punissons-le de son bonheur.
II m’offense et respire encore; eteignons dang son sang Ie feu qui me d6vore.
Vengez-moi d’un fatal vainqueur, depit jaloux, affreuse haine.
Bannissez l’amour de mon coeur !
Venez, volez, brisez ma cbaine, immolez un rival aim6!
Que sa mort calme mes alarmes et que l’objet qui l’a charm£, r6pande d'eternelles larmes.
Le terrible fils de Neptune
exprimait ainsi ses tourments,
lorsque la barbare fortune
offrit Ä son courroux deux fidels amants.
D’un rocher qui l’accable Acis est la victime, en nommant Galat£e
Acis quitte le jour.	Irl
Polipheme jaloux s’applaudit de son crime, mais il en est bientöt puni par son amour.
Amants jaloux rompez vos chaines quand rien ne flatte votre ardeur.
Quelquefois en vengeant vos peines vous redoublez la rigueur.
La mort d’un rival qui sait plaire accable l’objet de vos voeux.
Si vous contentez la colöre l’amour en est plus malheureux.
Air]]></page>
       
        </p>
    </body>
  </text>
</TEI>
