<?xml version="1.0" encoding="UTF-8"?>
<?xml-model href="http://www.tei-c.org/release/xml/tei/custom/schema/relaxng/tei_all.rng" schematypens="http://relaxng.org/ns/structure/1.0"?>
<TEI xmlns="http://www.tei-c.org/ns/1.0">
  <teiHeader>
    <fileDesc>
        <titleStmt>
            <title>BASEL</title>
        </titleStmt>
        <editionStmt>
            <edition>TEI P5.1 Edition</edition>
            <respStmt>
                <resp>
                    <persName>Claudio Bacciagaluppi</persName>
                    <persName>Laurent Pugin</persName>
                    <persName>Rodolfo Zitellini</persName>
                    <date when="2016-01">Janvier 2016</date>
                </resp>
                <name>Bureau Suisse du RISM</name>
            </respStmt>
        </editionStmt>
        <publicationStmt>
            <publisher><orgName xml:base="http://www.rism-ch.org">Bureau Suisse du RISM</orgName></publisher>
        </publicationStmt>
	    <seriesStmt>
	     <idno type="collection">ch_famb</idno>
	    </seriesStmt>
      <sourceDesc>
		<bibl>
        <title>Concert<date when="19491029">29/10/1949</date></title>
<series>Concert</series>
<placeName>Basel, St. Albansaal (St. Albanvorstadt 12)</placeName>
<orgName role="holding">Archiv des Vereins Freunde alter Musik Basel; <link target="http://famb.ch/"/></orgName>

		</bibl>
      </sourceDesc>
    </fileDesc>
  </teiHeader>
  <text>
    <body>
        <p> <!-- all the content of the program in one paragraph -->
            <pb facs="CH_Bm_prg/pyr_CH_Bm_prg-0647.tif"/>
<date when="19491029"/>
<name key="Diessener, Gerhard" type="person" role="cmp">Diessener, Gerhard</name>
<name key="Kühnel, August" type="person" role="cmp">Kühnel, August</name>
<name key="Hacquart, Carolus" type="person" role="cmp">Hacquart, Carolus</name>
<name key="Froberger, Johann Jacob" type="person" role="cmp">Froberger, Johann Jacob</name>
<name key="Stradella, Alessandro" type="person" role="cmp">Stradella, Alessandro</name><name key="Flügel, Gertrud" type="person" role="int">Flügel, Gertrud</name>
<name key="Majer, Marianne" type="person" role="int">Majer, Marianne</name>
<name key="Wenzinger, August" type="person" role="int">Wenzinger, August</name>
<name key="Kägi, Valerie" type="person" role="int">Kägi, Valerie</name><title>Concert</title>
<placeName key="Basel, St. Albansaal (St. Albanvorstadt 12)"/>
<name key="Concert" type="series"/>
<page><![CDATA[﻿ F A M B
   Freunde alter Musik in Basel
          Samstag, 29.Oktober 19^9, 20.15 Uhr St.Albansaal, St.Albanvorstadt 12
   III. HAUSKONZERT
   UNBEKANNTE KAMMERMUSIK DES 17-JAHRHUNDERTS
Schola Cantorum Basiliensis: Gertrud Flügel, Marianne Majer (Violine), August Wenzinger ( Viola da gamba ), Valerie K „gi ( Cembalo )
Programm 50 Cts. Eintritt für Mitglieder frei, für Nichtmitglieder Fr.5*50 im Vorverkauf bei Hug & Co., Freiestrasse 70a und an der Abendkasse. Anmeldung zur Mitgliedschaft an die'Aiktuarin Frau E.Stalder-Suter, Missionsstrasse yi, Basel.]]></page>
<pb facs="CH_Bm_prg/pyr_CH_Bm_prg-0648.tif"/>
<page><![CDATA[﻿Programm
GERHARD DIESSENER 2.Hälfte 17.Jahrh.
AUGUST KUEHNEL 16^5-um 1700
CAROLUS HACQUART 1649-um 1730
JOHANN J.FROBERGER 1616 - 1667
ALESSANDRO STRADELLA um 164-5 ~ 1682
Triosonate g-moll (zwei Violinen und Generalbass)
Moderato-Adagio-Moderato/Adagio-Moderato/Adagio/Moderato-Adagi0/ Allegro non troppo/Adagio-Presto
Sonate Nr.7, G-dur für Viola da gamba und Generalbass
Praeludium(Adagio-Allegro-Adagio)/^^ Aria I & Variation/Aria II & drei riationen/Sarabande & zwei Variationen
Sonata tragica op.3, Nr.5> c-moll für zwei Violinen und Generalbass Adagio/Canzona(Allegro)/Grave e su-perbo/Bizarria/Grave/Aria(Moderato)
   Pause
Drei Stücke für Cembalo solo Capriccio G-dur
Tombeau c-moll, faite a Paris sur la mort de Mr.Blancheroche Toccata Nr.l6, C-dur
Triosonate F-dur für zwei Violinen und Generalbass
Allegro/Allegro/Adagio/Allegro/
Allegro
Die verwenden Instrumente: Violine Gia.Bapt.Graneino, Mailand 1699, auf Originalmensur zurückgebaut durch Eugen Sprenger; Violine Joh.Ulrich Fischer, Landshut 1728 in Originalmensur (Sammlung S.C.B.); Viola da gamba Jakob Stainer, Absam 1673; Cembalo Glaser, Jena

          Anmerkungen
    Aus dem Leben Gerhard Dlesseners sind uns keine zuverlässigen Nachrichten erhalten, obwohl er als Gambenspieler und Komponist zu seiner Zeit internationale Geltung erlangt hatte. Diessener scheint am Kasseler Hof bei Landgraf Wilhelm dem Gerechten und vielleicht auch in England gewirkt zu haben. Nach der Datierung der Werke zu schlies-sen, fällt seine zentrale Schaffenszeit zwischen die Jahre l660 und 1675.
    Mit dem zu Delmenhorst als Sohn eines Mecklenburgischen Kammermusikus geborenen August Kühnei findet die Blütezeit der deutschen Gambenschule ihren Abschluss. Ab 1664 betätigt sich Kühnei ein Jahr lang in der Zeitzer Hofkapelle & ging anschliessend auf Kunstreisen nach Frankreich. Später treffen wir ihn in München und London. SchiHesslich beschränkte er seinen Wirkungsbereich auf Dar istadt.
    Auch über die Laufbahn des holländischen Musikers Carolus Hacquart ist uns kaum mehr bekannt als das Geburts-& Todesdatum. Er weilte jedenfalls bis 1679 in Amsterdam, dann im Haag, wo er wöchentlich Konzerte veranstaltete & besonders als Gambist in hohem Ansehen stand.
    Johann Jakob Froberger verbrachte seine Jugend in Stuttgart, wo sein Vater al6 Tenorist und Kapellmeister Mitglied der Hofkapelle war. Bereits 1637 wird Froberger HofOrganist in Wien. Dieses Amt unterbrach er durch ein vierjähriges ^ptudium bei Frescobaldi in Rom, daB eine weitere Studienreise nach Italien ergänzte, ferner durch Aufenthalte in Dresden, Brüssel, Paris und wahrscheinlich in London. Er stirbt auf dem Schloss der Herzogin Sibylla von Württemberg in dem Basel benachbarten Hericourt bei Mömpelgart. Froberger ist der eigentliche Schöpfer der Klaviersuite und gilt als einer der grössten Klavier-& Orgelmeister vor Bach.In seiner Vorliebe für das Tasteninstrument erinnert er an]]></page>
<pb facs="CH_Bm_prg/pyr_CH_Bm_prg-0649.tif"/>
<page><![CDATA[﻿Chopin.
  Die Liehesaffairen haben AlesBandro Stradella - vor allem durch Flotovs Oper - fast mehr Ruhm verliehen als seine Werke und sind die einzig bekannten Spuren seines äusseren Lebenslaufs. Nachdem Stradella kurz vor der Aufführung einer für Venedig geschriebenen Oper die Geliebte eines venezianischen Edelmannes entführt hatte, verfolgte ihn der gekränkte Liebhaber über Rom nach Turin und verwundete ihn hier lebensgefährlich. Aber erst in Genua, unter dem Messer einer eifersüchtigen Schau- . Spielerin, ereilte ihn der Tod. "Ainsi perlt le plus exf cellent musicien de toute l’Italie environ l'an 1670", bemerkt der zeitgenössische Chronist.
  Die Komponisten des 17.Jahrhunderts sind uns im allgemeinen weniger bekannt als die Zeitgenossen Bachs und Händels. Oft wissen wir fast nichts aus ihrem Leben, obschon sie zu ihrer Zeit in hohem Ansehen standen. Dennoch lohnt es sich, sie der Vergessenheit zu entreissen. Dabei dürfen wir nicht vergessen, dass ihre Musik nicht die Musik des uns vertrauten 10.Jahrhunderts ist. Sie ist unter anderen Voraussetzungen entstanden. Wer sich liebevoll mit ihr beschäftigt, wird manchen feinen Zug in ihr wahrnehmen und entdecken, dass auch die Meister des 17.Jahrhunderts etwas Besonderes zu sagen wussten.]]></page>
       
        </p>
    </body>
  </text>
</TEI>
