<?xml version="1.0" encoding="UTF-8"?>
<?xml-model href="http://www.tei-c.org/release/xml/tei/custom/schema/relaxng/tei_all.rng" schematypens="http://relaxng.org/ns/structure/1.0"?>
<TEI xmlns="http://www.tei-c.org/ns/1.0">
  <teiHeader>
    <fileDesc>
        <titleStmt>
            <title>BASEL</title>
        </titleStmt>
        <editionStmt>
            <edition>TEI P5.1 Edition</edition>
            <respStmt>
                <resp>
                    <persName>Claudio Bacciagaluppi</persName>
                    <persName>Laurent Pugin</persName>
                    <persName>Rodolfo Zitellini</persName>
                    <date when="2016-01">Janvier 2016</date>
                </resp>
                <name>Bureau Suisse du RISM</name>
            </respStmt>
        </editionStmt>
        <publicationStmt>
            <publisher><orgName xml:base="http://www.rism-ch.org">Bureau Suisse du RISM</orgName></publisher>
        </publicationStmt>
	    <seriesStmt>
	     <idno type="collection">ch_famb</idno>
	    </seriesStmt>
      <sourceDesc>
		<bibl>
        <title>Concert<date when="19790424">24/04/1979</date></title>
<series>Concert</series>
<placeName>Basel, Grosser Saal der Musik-Akademie</placeName>
<orgName role="holding">Archiv des Vereins Freunde alter Musik Basel; <link target="http://famb.ch/"/></orgName>

		</bibl>
      </sourceDesc>
    </fileDesc>
  </teiHeader>
  <text>
    <body>
        <p> <!-- all the content of the program in one paragraph -->
            <pb facs="CH_Bm_prg/pyr_CH_Bm_prg-0436.tif"/>
<date when="19790424"/>
<name key="Marini, Biagio" type="person" role="cmp">Marini, Biagio</name>
<name key="Rossi, Michelangelo" type="person" role="cmp">Rossi, Michelangelo</name>
<name key="Buonamente, Giovanni Battista" type="person" role="cmp">Buonamente, Giovanni Battista</name>
<name key="Cesare, Giovanni Martino" type="person" role="cmp">Cesare, Giovanni Martino</name>
<name key="Frescobaldi, Girolamo Alessandro" type="person" role="cmp">Frescobaldi, Girolamo</name>
<name key="Corradini, Nicolò" type="person" role="cmp">Corradini, Nicolò</name>
<name key="Castello, Dario" type="person" role="cmp">Castello, Dario</name><name key="Dickey, Bruce" type="person" role="int">Dickey, Bruce</name>
<name key="Collver, Michael" type="person" role="int">Collver, Michael</name>
<name key="Schroeder, Jaap" type="person" role="int">Schroeder, Jaap</name>
<name key="Landolf, Beatrix" type="person" role="int">Landolf, Beatrix</name>
<name key="Gini, Roberto" type="person" role="int">Gini, Roberto</name>
<name key="Fitch, Francis" type="person" role="int">Fitch, Francis</name>
<name key="Weiner, Howard" type="person" role="int">Weiner, Howard</name><title>Concert</title>
<placeName key="Basel, Grosser Saal der Musik-Akademie"/>
<name key="Concert" type="series"/>
<page><![CDATA[﻿FREUNDE ALTER MUSIK IN BASEL
Dienstag, den 24. April 1979
          20.15	Uhr
Grösser Saal der Musik-Akademie]]></page>
<pb facs="CH_Bm_prg/pyr_CH_Bm_prg-0437.tif"/>
<page><![CDATA[﻿PROGRAMM
          Aus Sonate symphonle...Op. 8 (1629)
          Canzon prima per quattro violini o cornetti
                        Sonata senza cadenza per doi cornetti Capriccio, che due violini sonano quatro parti
                        Aus Affetti musicali, Op. 1 (1617)
                        "La Cornera"—Sinfonia ä 2.
                        "II Zontino"—Balletto ä 3.
                        "La Orlandina"—Sinfonia ä 1.
                        "La Foscarina"—Sonata ä 3. con il Tremolo
                        Aus Diversi generi di Sonate...Op. 22 (1655)
                        Sonata prima ä 3. sopra Fuggi dolenti core
Axis Toccate e Corenti d'Intavolatura d'organo e Clmbalo (1657)
Toccata 7
Gievanni B. Buonamente Aus Sonate et Canzoni, Libro sesto
1.	Hälfte 17. Jh.	(1636)
                        Sonata quinta ä 2.
                         Sonata prima ä 4.
Michel Angelo Rossi ca. 1600-1660
Biagio Marini 1597-1665
                 PAUSE
Martino Cesar^^
1.	Hälfte 17. Jh.
Aus Musicali Melodie (1621)
"La Massimiliano"
"La Famosa"
"La Foccarina"
"La Gioia"
Girolamo Frescobaldi 1583-1644
Nicolo Corradini 17. Jh.
Aus Libro Secondo di Toccate...(1637) Toccata per l'Elevazione
Suonata a 2 Cornetti in risposta "La Golferamma"
Dario Castello
1.	Hälfte 17. Jh.
Aus Sonate Concertate, Libro primo (1621)
Sonata duodecima ä 3.
Aus Sonate Concertate, Libro secondo (1627)
Sonata decima settima ä 4 in ecco.
AUSFUEHFENDE
Bruce Dickey Michael Collver Jaap Schröder Beatrix Landolf Roberto Gini Franees Fitch Howard Weiner
Zink
Zink
Violine
Violine
Violoncello
Cembalo, Orgelpositiv
Posaune]]></page>
<pb facs="CH_Bm_prg/pyr_CH_Bm_prg-0438.tif"/>
<page><![CDATA[﻿                INSTRUMENTE
Zinken von Philippe Matharel (1978) und Christopher Monk (1977) nach einem Original um 1600.
Posaune in alter Mensur von Meinl und Lauber (1978)
Violine von Francis Morris (1976)
Violine von Januarius Gagliano
Cembalo in italienischer Bauweise von Bernhard Fleig (1978) Kopie nach unsigniertem Instrument von 1693 aus dem Smithonian-Institute, Washington.
Renaissance-Truhenorgel von Bernhard Fleig (1976)
Hinweis: Interessenten für eine Mitgliedschaft können sich an das Sekretariat der FAMB, Leonhardsstr. 4, 4051 Basel (Tel. 25 57 22, intern 21) wenden.]]></page>
       
        </p>
    </body>
  </text>
</TEI>
