<?xml version="1.0" encoding="UTF-8"?>
<?xml-model href="http://www.tei-c.org/release/xml/tei/custom/schema/relaxng/tei_all.rng" schematypens="http://relaxng.org/ns/structure/1.0"?>
<TEI xmlns="http://www.tei-c.org/ns/1.0">
  <teiHeader>
    <fileDesc>
        <titleStmt>
            <title>BASEL</title>
        </titleStmt>
        <editionStmt>
            <edition>TEI P5.1 Edition</edition>
            <respStmt>
                <resp>
                    <persName>Claudio Bacciagaluppi</persName>
                    <persName>Laurent Pugin</persName>
                    <persName>Rodolfo Zitellini</persName>
                    <date when="2016-01">Janvier 2016</date>
                </resp>
                <name>Bureau Suisse du RISM</name>
            </respStmt>
        </editionStmt>
        <publicationStmt>
            <publisher><orgName xml:base="http://www.rism-ch.org">Bureau Suisse du RISM</orgName></publisher>
        </publicationStmt>
	    <seriesStmt>
	     <idno type="collection">ch_famb</idno>
	    </seriesStmt>
      <sourceDesc>
		<bibl>
        <title>Concert<date when="19620511">11/05/1962</date></title>
<series>Concert</series>
<placeName>Basel, Martinskirche</placeName>
<orgName role="holding">Archiv des Vereins Freunde alter Musik Basel; <link target="http://famb.ch/"/></orgName>

		</bibl>
      </sourceDesc>
    </fileDesc>
  </teiHeader>
  <text>
    <body>
        <p> <!-- all the content of the program in one paragraph -->
            <pb facs="CH_Bm_prg/pyr_CH_Bm_prg-1280.tif"/>
<date when="19620511"/>
<name key="Bach, Johann Sebastian" type="person" role="cmp">Bach, Johann Sebastian</name>
<name key="Scarlatti, Alessandro" type="person" role="cmp">Scarlatti, Alessandro</name>
<name key="Vivaldi, Antonio" type="person" role="cmp">Vivaldi, Antonio</name><name key="Linde, Hans-Martin" type="person" role="int">Linde, Hans-Martin</name>
<name key="Kägi, Valerie" type="person" role="int">Kägi, Valerie</name>
<name key="Hucke, Helmut" type="person" role="int">Hucke, Helmut</name>
<name key="Singer, Julien" type="person" role="int">Singer, Julien</name>
<name key="Fauquex, Hubert" type="person" role="int">Fauquex, Hubert</name>
<name key="Steinkopf, Otto" type="person" role="int">Steinkopf, Otto</name>
<name key="Niedecker, Gustav" type="person" role="int">Niedecker, Gustav</name>
<name key="Baccelli, Umberto" type="person" role="int">Baccelli, Umberto</name>
<name key="Schneidewind, Helmut" type="person" role="int">Schneidewind, Helmut</name>
<name key="Felicani, Rodolfo" type="person" role="int">Felicani, Rodolfo</name>
<name key="Kägi, Walter" type="person" role="int">Kägi, Walter</name>
<name key="Strauss, Ulrich" type="person" role="int">Strauss, Ulrich</name>
<name key="Flügel, Gertrud" type="person" role="int">Flügel, Gertrud</name>
<name key="Leisinger, Heidi" type="person" role="int">Leisinger, Heidi</name>
<name key="Neininger, Wolfgang" type="person" role="int">Neininger, Wolfgang</name>
<name key="Hoever, Helmut" type="person" role="int">Hoever, Helmut</name>
<name key="Majer, Marianne" type="person" role="int">Majer, Marianne</name>
<name key="Grahe, Konrad" type="person" role="int">Grahe, Konrad</name>
<name key="Müller, Hannelore" type="person" role="int">Müller, Hannelore</name>
<name key="Viale, Angelo" type="person" role="int">Viale, Angelo</name>
<name key="Müller, Eduard" type="person" role="int">Müller, Eduard</name>
<name key="Wenzinger, August" type="person" role="int">Wenzinger, August</name><title>Concert</title>
<placeName key="Basel, Martinskirche"/>
<name key="Concert" type="series"/>
<page><![CDATA[﻿Sreunfce alter tTiuftf in 23afel
Extrakonzert Freitag, 11. Mai 1962, 20.15 Uhr, Martinskirche
Konzertante Musik der Bach-Zeit
Die verstärkte Konzertgruppe der Schola Cantorum Basiliensis:
Hans-Martin Linde, Valerie Kägi (Blockflöte), Helmut Hucke, Julien Singer, Hubert Fauquex (Oboe), Otto Steinkopf (Fagott), Gustav Neudecker, Umberto Baccelli (Waldhorn), Helmut Schneidewind (Trompete), Ro-dolfo Felicani (Violine und Violino piccolo), Walter Kägi, Ulrich Strauss, Gertrud Flügel, Heidi Leisinger, Wolfgang Neininger, Helmut Hoever (Violine), Marianne Majer, Konrad Grahe (Bratsche), Hannelore Müller (Violoncello), Angelo Viale (Contrabaß), Eduard Müller (Cembalo)
Leitung: August Wenzinger
 Brandenburgisches Konzert Nr. 1, F-dur, für zwei Hörner, drei Oboen, Fagott, Violino piccolo, Streicher und Continuo (1721) (Allegro) / Adagio / Allegro / Menuetto — Trio I - Polacca — Trio II Sinfonie Nr. 4, e-moll, für Blockflöte, Oboe, Streicher und Continuo (1715)
 Vivace / Adagio / Allegro (Fuge) / Adagio / Allegro
 Konzert g-moll (F. XII, Nr. 3) «per l’orchestra di Dresda» für Violine, zwei Blockflöten, zwei Oboen, Fagott, Streicher und Continuo (Allegro) / Largo non molto / Allegro
 Solo-Violine: Walter Kägi
 Brandenburgisches Konzert Nr. 2, F-dur, für Trompete, Blockflöte, Oboe, Violine, Streicher und Continuo (1721)
 (Allegro) / Andante / Allegro assai
 Trompete: Helmut Schneidewind; Blockflöte: Hans-Martin Linde Oboe: Helmut Hucke; Solo-Violine: Walter Kägi
Die verwendeten Instrumente:
Ventiltrompete (Spezialanfertigung) / Waldhörner (Naturhörner) / Barockoboen / Barockfagott / Blockflöten und Streichinstrumente in alter Mensur / Cembalo J. C. Neupert, Bamberg (Spezialanfertigung)
Johann Sebastian Bach
1685-1750
Alessandro Scarlatti
1660-1725
Antonio Vivaldi
ca. 1678-1741
Johann Sebastian Bach
Programm 50 Rappen]]></page>
       
        </p>
    </body>
  </text>
</TEI>
