<?xml version="1.0" encoding="UTF-8"?>
<?xml-model href="http://www.tei-c.org/release/xml/tei/custom/schema/relaxng/tei_all.rng" schematypens="http://relaxng.org/ns/structure/1.0"?>
<TEI xmlns="http://www.tei-c.org/ns/1.0">
  <teiHeader>
    <fileDesc>
        <titleStmt>
            <title>BASEL</title>
        </titleStmt>
        <editionStmt>
            <edition>TEI P5.1 Edition</edition>
            <respStmt>
                <resp>
                    <persName>Claudio Bacciagaluppi</persName>
                    <persName>Laurent Pugin</persName>
                    <persName>Rodolfo Zitellini</persName>
                    <date when="2016-01">Janvier 2016</date>
                </resp>
                <name>Bureau Suisse du RISM</name>
            </respStmt>
        </editionStmt>
        <publicationStmt>
            <publisher><orgName xml:base="http://www.rism-ch.org">Bureau Suisse du RISM</orgName></publisher>
        </publicationStmt>
	    <seriesStmt>
	     <idno type="collection">ch_famb</idno>
	    </seriesStmt>
      <sourceDesc>
		<bibl>
        <title>Concert<date when="19771115">15/11/1977</date></title>
<series>Concert</series>
<placeName>Basel, Martinskirche</placeName>
<orgName role="holding">Archiv des Vereins Freunde alter Musik Basel; <link target="http://famb.ch/"/></orgName>

		</bibl>
      </sourceDesc>
    </fileDesc>
  </teiHeader>
  <text>
    <body>
        <p> <!-- all the content of the program in one paragraph -->
            <pb facs="CH_Bm_prg/pyr_CH_Bm_prg-0412.tif"/>
<date when="19771115"/>
<name key="Rubinus" type="person" role="cmp">Rubinus</name>
<name key="Berbignant" type="person" role="cmp">Berbignant</name>
<name key="Paulus de Roda (de Broda)" type="person" role="cmp">Paulus de Roda (de Broda)</name>
<name key="Paumann, Conrad" type="person" role="cmp">Paumann, Conrad</name>
<name key="Anonymus" type="person" role="cmp">Anonymus</name>
<name key="Brolo, Bartholomeus " type="person" role="cmp">Brolo, Bartholomeus </name>
<name key="Senfl, Ludwig" type="person" role="cmp">Senfl, Ludwig</name><name key="Vandersteene, Zeger" type="person" role="int">Vandersteene, Zeger</name>
<name key="Hildebrand, Renate" type="person" role="int">Hildebrand, Renate</name>
<name key="Wagner, Käthe" type="person" role="int">Wagner, Käthe</name>
<name key="Alpert, Lorenzo" type="person" role="int">Alpert, Lorenzo</name>
<name key="Erig, Richard" type="person" role="int">Erig, Richard</name>
<name key="Huber, Heinrich" type="person" role="int">Huber, Heinrich</name>
<name key="Zehnder, Jean-Claude" type="person" role="int">Zehnder, Jean-Claude</name><title>Concert</title>
<placeName key="Basel, Martinskirche"/>
<name key="Concert" type="series"/>
<page><![CDATA[﻿
FFEUNDE ALTER MUSIK IN BASEL
1.	Konzert
Dienstag, den 15. November, 20.15 Uhr in der Martinskirche
Musik aus deutschen Liederbüchern um 1500]]></page>
<pb facs="CH_Bm_prg/pyr_CH_Bm_prg-0413.tif"/>
<page><![CDATA[﻿AUSFUEHRENDE
Zeger Vandersteene (Gesang)
"i pifferi": Renate Hildebrand Käthe Wagner Lorenzo Alpert Richard Erig Heinrich Huber (Schalmei, Alt-, Tenor- und Basspommer, Tenorposaune, Bassdulzian, Blockflöten)
Jean-Claude Zehnder (Orgel)
Prozessionsorgel aus dem 18. Jahrhundert. (Das Instrument wurde uns freundlicherweise aus der Sammlung alter Musikinstrumente des Historischen Museums Basel zur Verfügung gestellt.)
PROGRAMM
Der bauern schwänz	(Rubinus) (1)*
Der pfauen schwänz	I und II (Berbignant) (2,3)
Der pfauen schwänz	(Paulus de Broda) (4)
Praeambulum super f (5)
Mit ganzem Willen wünsch ich dir (6)
Eilend du hast (7)
Tenor Benedicite allmächtiger got (8) Paumgartner (9)
Ich bins erfreut (10)
Früntlich begir senet sich nach dir (11)
Es taget vor dem Walde (12)
In feuers hitz (13)
Der entrepris (Bartolomeo Bruolo) (14)
Auf rief ein hübsches freuelein (15)
All voll (16)
Pause

Salve, virgo ^^.7)
Regina regnantium (18)
Bonum vinum (19)
Mein herz in hohen freuden ist (20)
Min Hertz in hohen froüden (21)
Christus surrexit (22)
Bekenne myn klag die mir an lyt (23)
Benedicite (24)
Chorea und Proportio (25)
Ich schell mein Horn in Jammers Ton (Ludwig Senfl) (26) Jetz bringt St.Martin Gsellschaft viel (Ludwig Senfl) (27) Es wollt ein Frau zuem Weine gahn (Ludwig Senfl) (28)
*(1), (3), (4), (10), (11), (13-19): "Glogauer Liederbuch" (um 1480); (5-9): Conrad Paumann, "Fundamentum organisandi" (1452-55); (21-24): "Buxheimer Orgelbuch" (um 1455-60);
(2), (12): Liederbuch von Hartmann Schedel (1460-67); (20): Handschrift Berlin, mus.ms. 40021 (Ende des 15. Jhs.);
(25): Handschrift Basel, F.X.5-9 (um 1535); (26), (27): Johann Ott, "115 guter neuer Liedlein" (1544); (28): Georg Förster, "Frische teutsche Liedlein" (1540) .]]></page>
<pb facs="CH_Bm_prg/pyr_CH_Bm_prg-0414.tif"/>
<page><![CDATA[﻿            Ich bins erfreut (10)
            Ich bins erfreut aus rotem mund von dir, du hochlibste mein, in deiner übe gar entzundt und wend mir grosse pein, die ich nun hab mit grösser klag bis ich dich wieder sehen mag.
            In hoffnung steht nach dir mein sin, du tust von mir nit keren, wann ich allein dein eigen bin, von dir so wil ich leren ganz freuden vil, mein libst gespil tu mir setzen ein rechtes zil.
            Mein augentrost, das tu gar bald, dass ich nicht trostes werde an*, gedank die sind so mannigfalt, die ich nach deiner libe hab.
            Vergiss mein nit, des ich dich bit ich bleib dir dein recht wie du wilt.
            *(trostes an = ohne Trost)
            Es taget vor dem Walde (12)
            Es taget vor dem Walde, stand auf, Kätherlein'.
            Die Hasen laufen balde, stand auf, Kätherlein, holder Buhl'. Heiaho'. Du bist mein, und ich bin dein; stand auf, Kätherlein.
            Es taget vor dem Holze, stand auf, Kätherlein!
            Die Jäger hürnen stolze, stand auf Kätherlein, holder Buhl. Heiaho'. Du bist mein, und ich bin dein; stand auf, Kätherlein.
            Es taget in den Auen, stand auf, Kätherlein'.
            Feins Lieb, lass dich anschauen, stand auf, Kätherlein, holder Buhl. Heiaho'. Du bist mein, und ich bin dein; stand auf, Kätherlein.

In_feuers_hi_^p (13)
In feuers hitz so brennet mein herz, mein sin und mein gedanken nach dir mein lib in grossem schmerz, in rechter treu ohn wanken.
Ich scheid von dir, wan es muss sein, verschleuss mich, lib, in deinen schrein, das herze mein sent sich so hart, ich freu mich mit der wiederfart.
Auf rief ein hübsches freuelein (15)
Auf rief ein hübsches freuelein ach got, soit heu'r ein sterben sein, so störbe mir der alte man, der zu freuden nicht hin kan.
Hoiho wie lang sol ich das leiden von dem alten greisen, got gebe ihm ach und weh.
All voll (16)
All voll ...
Bist du voll, so lege dich nieder, steh auf früh und folle dich wieder, das ganze jahr, den abend und den morgen.
Salve, virgo (17)	Regina regnantium
Salve, virgo, deo grata,	Regina regnantium,
ab aeterno ordinata,	virgo puellaris,
esto nostra advocata,	peperisti filium,
ut per tua suffragia,	mater singularis,
virgo clemens, virgo pia,	sacratum pallatium,
nobis detur caeli via	dei tu vocaris,
de hac saeculi miseria.	divinum auxilium
                              nobis largiaris.
(18)]]></page>
<pb facs="CH_Bm_prg/pyr_CH_Bm_prg-0415.tif"/>
<page><![CDATA[﻿           Mein herz in hohen freuden ist
           bei dir, mein allerliebste frau,
           wan du mir doch die allerliebste bist,
           so gar on argen list, die ich im herzen han,
           das soit du, frau, on zweifei teglich schauen an.
           Willt du es nu bedencken recht,
           das ich allzeit in hoffnung bin;
           du findest an mir deinen steten, treuen knecht,
           zu dir so stet herz, mut und all mein sinn:
           ich wart, zart lieb, der gnaden deinl
           Ich schell mein Horn in Jammers Ton (26)
           Ich schell mein Horn in Jammers Ton, mein Freud ist mir verschwunden.
           Ich hab gejagt ohn Abelon es lauft noch vor den Hunden ein edles Gwild, in diesem Gfild, als ichs hätt auserkoren.
           Es scheucht ab mir, als ich es spür.
           Mein Jagen ist verloren.
           Fahr hin, Gewild, in Waldes Lust'.
           Ich will nit mehr erschrecken mit Jagen dein schneeweisse Brust.
           Ein ander muess dich wecken
           und jagen frei
           mit Hundes Krei,
           da du nit magst entrinnen.
           Halt dich in Huet, mein Tierlein guet'.
           Mit Leid scheid ich von hinnen.
           Kein edlers Tier ich jagen kann, des muess ich oft entgelten.
           Noch halt ich stät auf rechter Bahn, wiewohl mir Glück kumbt selten.
           Mag mir nit gon / ein Hochwild schon, so lass ich mich begnüegen an Hasenfleisch. / Nit mehr ich heisch, das kann mich nit betriegen.

Jetz bringt S^Flartin Gsellschaft viel (27)
Jetz bringt St.Martin Gsellschaft viel mit Tanzen und mit Saitenspiel, der Liebsten zu hofieren.
Ich sprich, dass solchs sei auch mein Will, fröhlich zue sein im Gheim und Still, dann sie ist, die kann zieren den Reihen für ander in Zucht.
Deshalb billich der edlen Frucht ich gneigt bin, zue hofieren.
In Kurz darnach in einem Saal
sach ich die Zart, hätt ich die Wahl,
sie würd den Preis erlangen.
Deshalb ich sag: Sie mir gefallt.
Ihr Weis und Bärd ist wohl gestalt.
Sie kann in Ehren prangen.
Das S lässt sich da schauen wohl.
Deshalb ich ihr vertrauen soll.
Ich hab nach ihr Verlangen.
Gieng alls wohl hin. Nur scheiden macht mir Sehnen grossj bei Tag und Nacht gedenk allein der Zarten.
Ihr Tugend hat einn sundern Pracht.
Darumb ich sie die Liebste acht, hoff, wölls noch wohl erwarten.
Ihr Wiederfahrt mich sehr erfreut und bringt herwieder alls mein Leid.
Hoff noch, ich wills erwarten.
Es wollt ein Frau zuem Weine gahn (28)
Es wollt ein Frau zuem Weine gahn, / herorimatori -
sie wollt den Mann nit mit ihr lahn -
guretzch, guretzch, guritzi maretzch, / herorimatori
Wolist du mich dann nit zechen lahn, / herorimatori so wollt ich zue eim ändern gahn -
guretzch, guretzch, guritzi maretzch, / herorimatori
Der Mann muss jetz sein Narr im Haus, / herorimatori
die Frau lebt Tag und Nacht im Saus -
guretzch, guretzch, guritzi maretzch, / herorimatori]]></page>
       
        </p>
    </body>
  </text>
</TEI>
