<?xml version="1.0" encoding="UTF-8"?>
<?xml-model href="http://www.tei-c.org/release/xml/tei/custom/schema/relaxng/tei_all.rng" schematypens="http://relaxng.org/ns/structure/1.0"?>
<TEI xmlns="http://www.tei-c.org/ns/1.0">
  <teiHeader>
    <fileDesc>
        <titleStmt>
            <title>BASEL</title>
        </titleStmt>
        <editionStmt>
            <edition>TEI P5.1 Edition</edition>
            <respStmt>
                <resp>
                    <persName>Claudio Bacciagaluppi</persName>
                    <persName>Laurent Pugin</persName>
                    <persName>Rodolfo Zitellini</persName>
                    <date when="2016-01">Janvier 2016</date>
                </resp>
                <name>Bureau Suisse du RISM</name>
            </respStmt>
        </editionStmt>
        <publicationStmt>
            <publisher><orgName xml:base="http://www.rism-ch.org">Bureau Suisse du RISM</orgName></publisher>
        </publicationStmt>
	    <seriesStmt>
	     <idno type="collection">ch_famb</idno>
	    </seriesStmt>
      <sourceDesc>
		<bibl>
        <title>Concert<date when="19800506">06/05/1980</date></title>
<series>Concert</series>
<placeName>Basel, Predigerkirche</placeName>
<orgName role="holding">Archiv des Vereins Freunde alter Musik Basel; <link target="http://famb.ch/"/></orgName>

		</bibl>
      </sourceDesc>
    </fileDesc>
  </teiHeader>
  <text>
    <body>
        <p> <!-- all the content of the program in one paragraph -->
            <pb facs="CH_Bm_prg/pyr_CH_Bm_prg-1508.tif"/>
<date when="19800506"/>
<name key="Sweelinck, Jan Pieterszoon" type="person" role="cmp">Sweelinck, Jan Pieterszoon</name>
<name key="Buxtehude, Dietrich" type="person" role="cmp">Buxtehude, Dieterich</name>
<name key="Anglebert, Jean-Henry d'" type="person" role="cmp">Anglebert, Jean-Henry d'</name>
<name key="Corrette, Gaspard" type="person" role="cmp">Corrette, Gaspard</name>
<name key="Bach, Johann Sebastian" type="person" role="cmp">Bach, Johann Sebastian</name><name key="Zehnder, Jean-Claude" type="person" role="int">Zehnder, Jean-Claude</name><title>Concert</title>
<placeName key="Basel, Predigerkirche"/>
<name key="Concert" type="series"/>
<page><![CDATA[﻿FREUNDE ALTER MUSIK IN BASEL 3. Solistenkonzert Dienstag, den 6. Mai 1980 20.15 Uhr, Predigerkirche
Entwurf von Johann Andreas Silbermann für die Orgel der Predigerkirche, 1-66.
JEAN-CLAUDE ZEHNDER
ORGEL]]></page>
<pb facs="CH_Bm_prg/pyr_CH_Bm_prg-1509.tif"/>
<page><![CDATA[﻿PROGRAMM
Aus Rücksicht auf den sakralen Raum bitten wir, keinen Beifall zu spenden.
Jan Pieterszoon Sweelinck 1562-1621
Fantasia chromatica
Jacob Praetorius
1586-1651
"Was kann uns kommen an für Not" Der 23. Psalm (4 Verse)
Dietrich Buxtehude 1637-1707
Präludium in e-moll
Zwei Choralvorspiele:
"In dulci jubilo"
"Ein feste Burg ist unser Gott"
PAUSE
Jean-Henry d'Anglebert 1635-1691
Drei Fugen
Gaspard Corrette um 1670 - um 1720
Vier Stücke aus der Messe du huitifeme ton:
Plein jeu
Röcit tendre pour le Nasard Dialogue de Voix humaine Dialogue ä deux Choeurs
Johann Sebastian Bach 1685-1750
Fantasie und Fuge in g-moll BWV 542]]></page>
<pb facs="CH_Bm_prg/pyr_CH_Bm_prg-1510.tif"/>
<page><![CDATA[﻿Orgel von Johann Andreas Silbermann, vollendet 1767 (Rückpositiv 1769), rekonstruiert 1978 nach Plänen von Bernhardt Edskes.
HINWEISE
4.	Konzert: Dienstag, den 20. Mai 1980, 20.15 Uhr in der Martinskirche
           Johann Sebastian Bach Brandenburgisches Konezrt Nr. 5,
           2 Kantaten: "Actus Tragicus" (BWV 106) und "Hercules am Scheideweg" (BWV 213)
Judith Nelson, Ren£ Jacobs, Nigel Rogers, Kurt Widmer (Gesang). Instrumentalsolisten und das Streicherensemble der Schola Cantorum Basiliensis. Basler Madrigalisten, Leitung: Fritz Näf. Gesamtleitung und Cembalo: Jos van Immerseel. Einstudierung der zeitgenössischen Gestik Dene Barnett.
Interessenten für eine Mitgliedschaft können sich an das Sekretariat der FAMB, Leohardsstr. 4, 4051 Basel (Tel. 25 57 22, intern 21) wenden.]]></page>
       
        </p>
    </body>
  </text>
</TEI>
