<?xml version="1.0" encoding="UTF-8"?>
<?xml-model href="http://www.tei-c.org/release/xml/tei/custom/schema/relaxng/tei_all.rng" schematypens="http://relaxng.org/ns/structure/1.0"?>
<TEI xmlns="http://www.tei-c.org/ns/1.0">
  <teiHeader>
    <fileDesc>
        <titleStmt>
            <title>BASEL</title>
        </titleStmt>
        <editionStmt>
            <edition>TEI P5.1 Edition</edition>
            <respStmt>
                <resp>
                    <persName>Claudio Bacciagaluppi</persName>
                    <persName>Laurent Pugin</persName>
                    <persName>Rodolfo Zitellini</persName>
                    <date when="2016-01">Janvier 2016</date>
                </resp>
                <name>Bureau Suisse du RISM</name>
            </respStmt>
        </editionStmt>
        <publicationStmt>
            <publisher><orgName xml:base="http://www.rism-ch.org">Bureau Suisse du RISM</orgName></publisher>
        </publicationStmt>
	    <seriesStmt>
	     <idno type="collection">ch_famb</idno>
	    </seriesStmt>
      <sourceDesc>
		<bibl>
        <title>Concert<date when="19811119">19/11/1981</date></title>
<series>Concert</series>
<placeName>Basel, Martinskirche</placeName>
<orgName role="holding">Archiv des Vereins Freunde alter Musik Basel; <link target="http://famb.ch/"/></orgName>

		</bibl>
      </sourceDesc>
    </fileDesc>
  </teiHeader>
  <text>
    <body>
        <p> <!-- all the content of the program in one paragraph -->
            <pb facs="CH_Bm_prg/pyr_CH_Bm_prg-0469.tif"/>
<date when="19811119"/>
<name key="Gibbons, Orlando" type="person" role="cmp">Gibbons, Orlando</name>
<name key="Peerson, Martin" type="person" role="cmp">Peerson, Martin</name>
<name key="Bull, John" type="person" role="cmp">Bull, John</name>
<name key="Byrd, William" type="person" role="cmp">Byrd, William</name>
<name key="Frescobaldi, Girolamo Alessandro" type="person" role="cmp">Frescobaldi, Girolamo</name>
<name key="Purcell, Henry" type="person" role="cmp">Purcell, Henry</name>
<name key="Forqueray, Antoine" type="person" role="cmp">Forqueray, Antoine</name><name key="Leonhardt, Gustav" type="person" role="int">Leonhardt, Gustav</name><title>Concert</title>
<placeName key="Basel, Martinskirche"/>
<name key="Concert" type="series"/>
<page><![CDATA[﻿FREUNDE ALTER MUSIK IN BASEL
2.	Konzert
Donnerstag, den 19. November 1981
20.15	Uhr, Martinskirche
CEMBALO-RECITAL GUSTAV LEONHARDT]]></page>
<pb facs="CH_Bm_prg/pyr_CH_Bm_prg-0470.tif"/>
<page><![CDATA[﻿PROGRAMM
Orlando Gibbons 1583-1625
Martin Peerson um 1572-1651
John Bull um 1562-1628
William Byrd 1543-1623
Girolamo Frescobaldi 1583-1643
Henry Purcell 1659-1695
Pavan (Nr. 16]£
Alman
Fantasia (Nr. 12)
Pavan "Sir William Petre" -Galliard
Toccata (Nr. 10, 1615)
Capriccio sopra La Sol Fa Mi Re Ut (1624)
Cento Partite sopra Passacagli (1637)
Suite g-moll
  Prelude / Alman / Corant / Saraband
Ground d-moll
PAUSE
Antoine Forqueray 1672-1745
Suite d-moll
  Allemande: La Laborde (Noblement et avec Sentiment) La Forqueray (Vivement et d'aplomb)
  La Cottin (Galamment sans lenteur)
  La Beilmont (avec Gout et sans lenteur)
  La Portugaise (Marqu£ et d'aplomb)
  La Couperin (Noblement et marqu£)
(aus "Pifeces de Viole Compos£es par M. Forqueray Le Pfere, Mises en Piöces de Clavecin par M. Forqueray Le Fils")

Cembalo in italienischer Bauweise von Bernhard Edskes (Wohlen) 1978
Cembalo nach Blanchet von William Dowd (Paris) 1980
Titelbild: aus "My Layde Nevells Booke" (1591)
Hinweise:
EXTRAKONZERT: Sonntag, den 13. Dezember, 20.15 Uhr im Dom zu Arlesheim
Heinrich Schütz: Magnificat,Weihnachtshistorie
Rosmarie Hofmann (Sopran), Graham Pushee (Alt), Nigel Rogers (Tenor), Ulrich Studer (Bass), Chor des Konservatoriums Basel, Instrumentalisten der Schola Cantorum Basiliensis. Leitung: Hans-Martin Linde
(Gemeinschaftsveranstaltung mit den Konzerten im Dom zu Arlesheim)
nächstes reguläres Konzert: Montag, den 8. Februar 1982, *20.15 Uhr im Hans Huber-Saal
Sonaten für Klavier und Violine von W.A. Mozart
Jaap Schroeder (Violine in alter Mensur), Jos van Immerseel (Hammerklavier)
Eintritt für Mitglieder frei. Nichtmitglieder bezahlen Fr. 14.50; Jugendliche, Studenten und Berufsschüler der Musik-Akademie Fr. 8.80
Interessenten für eine Mitgliedschaft können sich an das Sekretariat der FAMB, Leonhardsstrasse 4,
4051 Basel (Telefon 25 57 22, intern 21), wenden.]]></page>
<pb facs="CH_Bm_prg/pyr_CH_Bm_prg-0471.tif"/>
<page><![CDATA[﻿Freunde Alter Musik Basel]]></page>
       
        </p>
    </body>
  </text>
</TEI>
