<?xml version="1.0" encoding="UTF-8"?>
<?xml-model href="http://www.tei-c.org/release/xml/tei/custom/schema/relaxng/tei_all.rng" schematypens="http://relaxng.org/ns/structure/1.0"?>
<TEI xmlns="http://www.tei-c.org/ns/1.0">
  <teiHeader>
    <fileDesc>
        <titleStmt>
            <title>BASEL</title>
        </titleStmt>
        <editionStmt>
            <edition>TEI P5.1 Edition</edition>
            <respStmt>
                <resp>
                    <persName>Claudio Bacciagaluppi</persName>
                    <persName>Laurent Pugin</persName>
                    <persName>Rodolfo Zitellini</persName>
                    <date when="2016-01">Janvier 2016</date>
                </resp>
                <name>Bureau Suisse du RISM</name>
            </respStmt>
        </editionStmt>
        <publicationStmt>
            <publisher><orgName xml:base="http://www.rism-ch.org">Bureau Suisse du RISM</orgName></publisher>
        </publicationStmt>
	    <seriesStmt>
	     <idno type="collection">ch_famb</idno>
	    </seriesStmt>
      <sourceDesc>
		<bibl>
        <title>Concert<date when="19470922">22/09/1947</date></title>
<series>Concert</series>
<placeName>Basel, St. Albansaal (St. Albanvorstadt 12)</placeName>
<orgName role="holding">Archiv des Vereins Freunde alter Musik Basel; <link target="http://famb.ch/"/></orgName>

		</bibl>
      </sourceDesc>
    </fileDesc>
  </teiHeader>
  <text>
    <body>
        <p> <!-- all the content of the program in one paragraph -->
            <pb facs="CH_Bm_prg/pyr_CH_Bm_prg-0611.tif"/>
<date when="19470922"/>
<name key="Bach, Johann Sebastian" type="person" role="cmp">Bach, Johann Sebastian</name><name key="Felicani, Rodolfo" type="person" role="int">Felicani, Rodolfo</name>
<name key="Amsler, Marie" type="person" role="int">Amsler, Marie</name>
<name key="Benda, Hans J." type="person" role="int">Benda, Hans J.</name>
<name key="Kägi, Walter" type="person" role="int">Kägi, Walter</name>
<name key="Majer, Marianne" type="person" role="int">Majer, Marianne</name>
<name key="Hamberger, Kurt" type="person" role="int">Hamberger, Kurt</name>
<name key="Flügel, Gertrud" type="person" role="int">Flügel, Gertrud</name>
<name key="Wenzinger, August" type="person" role="int">Wenzinger, August</name>
<name key="Viale, Angelo" type="person" role="int">Viale, Angelo</name>
<name key="Müller, Eduard" type="person" role="int">Müller, Eduard</name><title>Concert</title>
<placeName key="Basel, St. Albansaal (St. Albanvorstadt 12)"/>
<name key="Concert" type="series"/>
<page><![CDATA[﻿Freunde alter Musik in Basel
    Wiederholung aus den Programmen der zwei Herbstkonzerte 1947
                           Montag, 22. September 1947, 20.15 Uhr St. Albansaal (St. Albanvorstadt 12)
• Johann Sebastian Bach
   Drei Brandenburgische Konzerte SCHOLA CANTORUM BASILIENSIS
                                Joseph Bopp (Querflöte), Rodolfo Felicani, Marie Amsler, Hans J. Benda (Violine), Walter Kägi (Violine, Bratsche), Marianne Majer (Bratsche), Kurt Hamberger, Gertrud Flügel (Viola da gamba), August Wenzinger (Violoncello), Angelo Viale (Contrabaß), Eduard Müller (Cembalo).
                                   Verantwortlich für die Aufführung: August Wenzinger.
Brand.enburgisch.es Konzert Nr. 6, B-dur, für zwei Bratschen, zwei Gamben, Violoncello und Continuo Allegro / Adagio ma non tanto / Allegro
                                 Brandenburgisches Konzert Nr. 5, D-dur, für Querflöte, Violine, Cembalo, Streicher und Continuo Allegro / Affettuoso / Allegro
                                   Querflöte solo: Josef Bopp; Violine solo: Rodolfo Felicani; Cembalo solo: Eduard Müller
                                 Brandenburgisches Konzert Nr. 3, G-dur, für drei Violinen, drei Bratschen, drei Violoncelli und Continuo
                                      Allegro / Adagio / Allegro
            Programm 30 Rappen
              Karten zu Fr. 3.30, 4,40, 5.50 (Mitglieder Fr. 2.20, 3.30, 4.40) im Vorverkauf bei Hug & Co., Freiestraße 70a und an der Abendkasse.
             Jahresbeitrag für Mitglieder Fr. 10.—, für Freimitglieder Fr. 25.—, für Personen unter 20 Jahren, Studenten, interne Konservatoristen und Berufsschüler der Schola Cantorum Basiliensis Fr. 5.—. Anmeldung zur Mitgliedschaft an die Aktuarin, Frau
               E.	Stalder-Suter, Missionsstraße 31, Basel.
PROGRAMM
 Johann Sebastian Bach 1685-1750
]]></page>
       
        </p>
    </body>
  </text>
</TEI>
