<?xml version="1.0" encoding="UTF-8"?>
<?xml-model href="http://www.tei-c.org/release/xml/tei/custom/schema/relaxng/tei_all.rng" schematypens="http://relaxng.org/ns/structure/1.0"?>
<TEI xmlns="http://www.tei-c.org/ns/1.0">
  <teiHeader>
    <fileDesc>
        <titleStmt>
            <title>BASEL</title>
        </titleStmt>
        <editionStmt>
            <edition>TEI P5.1 Edition</edition>
            <respStmt>
                <resp>
                    <persName>Claudio Bacciagaluppi</persName>
                    <persName>Laurent Pugin</persName>
                    <persName>Rodolfo Zitellini</persName>
                    <date when="2016-01">Janvier 2016</date>
                </resp>
                <name>Bureau Suisse du RISM</name>
            </respStmt>
        </editionStmt>
        <publicationStmt>
            <publisher><orgName xml:base="http://www.rism-ch.org">Bureau Suisse du RISM</orgName></publisher>
        </publicationStmt>
	    <seriesStmt>
	     <idno type="collection">ch_famb</idno>
	    </seriesStmt>
      <sourceDesc>
		<bibl>
        <title>Season<date when="19530125">25/01/1953</date></title>
<series>Season</series>
<placeName>Basel, Haus zum Kirschgarten (Elisabethenstr. 27)</placeName>
<orgName role="holding">Archiv des Vereins Freunde alter Musik Basel; <link target="http://famb.ch/"/></orgName>

		</bibl>
      </sourceDesc>
    </fileDesc>
  </teiHeader>
  <text>
    <body>
        <p> <!-- all the content of the program in one paragraph -->
            <pb facs="CH_Bm_prg/pyr_CH_Bm_prg-0032.tif"/>
<date when="19530125"/>
<name key="Purcell, Daniel" type="person" role="cmp">Purcell, Daniel</name>
<name key="Sweelinck, Jan Pieterszoon" type="person" role="cmp">Sweelinck, Jan Pieterszoon</name>
<name key="Jenkins, John" type="person" role="cmp">Jenkins, John</name>
<name key="Simpson, Christopher" type="person" role="cmp">Simpson, Christopher</name>
<name key="Bach, Carl Philipp Emmanuel" type="person" role="cmp">Bach, Carl Philipp Emanuel</name>
<name key="Graun, Johann Gottlieb" type="person" role="cmp">Graun, Johann Gottlieb</name>
<name key="Bach, Johann Sebastian" type="person" role="cmp">Bach, Johann Sebastian</name>
<name key="Sweelinck, Jan Pieterszoon" type="person" role="cmp">Sweelinck, Jan Pieterszoon</name>
<name key="Scarlatti, Domenico" type="person" role="cmp">Scarlatti, Domenico</name>
<name key="Du Fay, Guillaume" type="person" role="cmp">Dufay, Guillaume</name>
<name key="Gregorian chant" type="person" role="cmp">Gregorian chant</name>
<name key="Dunstaple, John" type="person" role="cmp">Dunstaple, John</name>
<name key="Ockeghem, Johannes" type="person" role="cmp">Ockeghem, Johannes</name>
<name key="Obrecht, Jacob" type="person" role="cmp">Obrecht, Jacob</name>
<name key="Josquin des Prez" type="person" role="cmp">Josquin des Prez</name>
<name key="Brumel, Antoine" type="person" role="cmp">Brumel, Antoine</name>
<name key="La Rue, Pierre de" type="person" role="cmp">La Rue, Pierre de</name>
<name key="Brumel, Antoine" type="person" role="cmp">Brumel, Antoine</name>
<name key="Compère, Loyset" type="person" role="cmp">Compère, Loyset</name>
<name key="Josquin des Prez" type="person" role="cmp">Josquin des Prez</name>
<name key="Isaac, Heinrich" type="person" role="cmp">Isaac, Heinrich</name>
<name key="Senfl, Ludwig" type="person" role="cmp">Senfl, Ludwig</name>
<name key="Schein, Johann Hermann" type="person" role="cmp">Schein, Johann Hermann</name>
<name key="Schütz, Heinrich" type="person" role="cmp">Schütz, Heinrich</name>
<name key="Janequin, Clément" type="person" role="cmp">Janequin, Clément</name>
<name key="Josquin des Prez" type="person" role="cmp">Josquin des Prez</name>
<name key="Costeley, Guillaume" type="person" role="cmp">Costeley, Guillaume</name>
<name key="Janequin, Clément" type="person" role="cmp">Janequin, Clément</name>
<name key="Poulenc, Francis" type="person" role="cmp">Poulenc, Francis</name>
<name key="Messiaen, Olivier" type="person" role="cmp">Messiaen, Olivier</name>
<name key="Leclair, Jean-Marie" type="person" role="cmp">Leclair, Jean-Marie</name>
<name key="Rameau, Jean-Philippe" type="person" role="cmp">Rameau, Jean-Philippe</name>
<name key="Purcell, Henry" type="person" role="cmp">Purcell, Henry</name>
<name key="Couperin, François" type="person" role="cmp">Couperin, François</name>
<name key="Marais, Marin" type="person" role="cmp">Marais, Marin</name><name key="Scheck, Gustav" type="person" role="int">Scheck, Gustav</name>
<name key="Wenzinger, August" type="person" role="int">Wenzinger, August</name>
<name key="Neumeyer, Fritz" type="person" role="int">Neumeyer, Fritz</name>
<name key="Müller, Eduard" type="person" role="int">Müller, Eduard</name>
<name key="Barrington, Royston" type="person" role="int">Barrington, Royston</name>
<name key="Cannon, Clawson" type="person" role="int">Cannon, Clawson</name>
<name key="Heiz, Ida" type="person" role="int">Heiz, Ida</name>
<name key="Rüfenacht, Christine" type="person" role="int">Rüfenacht, Christine</name>
<name key="Schmidt, Christopher" type="person" role="int">Schmidt, Christopher</name>
<name key="Lohr, Ina" type="person" role="int">Lohr, Ina</name>
<name key="Pincherle, Marc" type="person" role="int">Pincherle, Marc</name>
<name key="Loréna, Claudie" type="person" role="int">Loréna, Claudie</name>
<name key="Josso, Simone" type="person" role="int">Josso, Simone</name>
<name key="Henry, Jacqueline" type="person" role="int">Henry, Jacqueline</name>
<name key="Boyer, Alice" type="person" role="int">Boyer, Alice</name>
<name key="Brunet, Hélène" type="person" role="int">Brunet, Hélène</name>
<name key="Tan, Suzanne" type="person" role="int">Tan, Suzanne</name>
<name key="Maurin, Pierre" type="person" role="int">Maurin, Pierre</name>
<name key="Husson, Jacques" type="person" role="int">Husson, Jacques</name>
<name key="List, Roger" type="person" role="int">List, Roger</name>
<name key="Robin, André" type="person" role="int">Robin, André</name>
<name key="Hochard, Jacques" type="person" role="int">Hochard, Jacques</name>
<name key="Hasquenoph, Pierre" type="person" role="int">Hasquenoph, Pierre</name>
<name key="Scherz-Meister, Elsa" type="person" role="int">Scherz-Meister, Elsa</name>
<name key="Olsen, Derrik" type="person" role="int">Olsen, Derrik</name>
<name key="Bopp, Joseph" type="person" role="int">Bopp, Joseph</name>
<name key="Kägi, Walter" type="person" role="int">Kägi, Walter</name>
<name key="Felicani, Rodolfo" type="person" role="int">Felicani, Rodolfo</name>
<name key="Reinert, Benedikt" type="person" role="int">Reinert, Benedikt</name>
<name key="Neininger, Wolfgang" type="person" role="int">Neininger, Wolfgang</name>
<name key="Heman, Christine" type="person" role="int">Heman, Christine</name>
<name key="Majer, Marianne" type="person" role="int">Majer, Marianne</name>
<name key="Wenzinger, August" type="person" role="int">Wenzinger, August</name>
<name key="Viale, Angelo" type="person" role="int">Viale, Angelo</name>
<name key="Kägi, Valerie" type="person" role="int">Kägi, Valerie</name>
<name key="Wenzinger, August" type="person" role="int">Wenzinger, August</name>
<name key="Majer, Marianne" type="person" role="int">Majer, Marianne</name>
<name key="Müller, Hannelore" type="person" role="int">Müller, Hannelore</name>
<name key="Koch, Johannes" type="person" role="int">Koch, Johannes</name>
<name key="Kägi, Valerie" type="person" role="int">Kägi, Valerie</name><title>Season</title>
<placeName key="Basel, Haus zum Kirschgarten (Elisabethenstr. 27)"/>
<name key="Season" type="series"/>
<page><![CDATA[﻿Freunde alter Musik in Basel
GENERALPROGRAMM 1953
Sehr geehrte Dame, sehr geehrter Herr!
  Durch die Ueberreichung unseres Generalprogramms laden wir Sie zum Besuch unserer Konzerte im kommenden XI. Konzertjahr unseres Vereins ein. Der Verein «Freunde alter Musik in Basel» hat es sich seit seiner Gründung im Jahre 1942 zur Aufgabe gemacht, durch den Zusammenschluss aller Liebhaber alter Musik zu einer organisierten Konzertgemeinde die stilgerechte Aufführung älterer Musikwerke durch einheimische und ausländische Künstler in regelmässigen Zyklen zu ermöglichen. Er veranstaltet jährlich zwei bis drei öffentliche Konzerte und drei bis vier Hauskonzerte in intimerem Rahmen. Als Mitglied haben Sie freien Eintritt zu allen Hauskonzerten und das Recht zum Bezug von stark ermässig-ten Einzelkarten für die öffentlichen Konzerte. Ueber die Höhe der Mitgliederbeiträge und die Vergünstigungen für Mitglieder orientiert Sie die Zusammenstellung auf der Rückseite.
  Das Generalprogramm 1953 führt diesmal nicht nur vom 15. bis ins 18., sondern ausnahmsweise sogar bis ins 20. Jahrhundert. Anlass dazu sind die zwei öffentlichen Konzerte, die zu einem kleinen Fest französischer Musik aus drei Jahrhunderten zusammengefasst und durch einen Vortrag in französischer Sprache eingeleitet werden sollen. Für die Darbietung alter und neuer Gesangsmusik im ersten Konzen konnte ein hervorragendes Pariser Ensemble gewonnen werden. Die vier Hauskonzerte bringen in reicher Abwechslung Kammermusik im Hause zum Kirschgarten, die Einweihung eines neuen Cembalos der Schola Cantorum Basiliensis, Motetten zum Gedächtnis an grosse Komponisten und Musik für Gamben und Cembalo.
Mit vorzüglicher Hochachtung Der Vorstand der «Freunde alter Musik in Basel»
Prof. Dr. Erwin Frey (Präsident)
Prof. Dr. Werner Kaegi (Vizepräsident) Max Leu (Kassier)
Frau Elisabeth Stalder-Suter (Aktuarin) Fräulein Edith Büchi (Sekretärin)
Paul Baumgartner Dr. med. Ernst Buchmann
Dr. Paul Gessler
Dr. Walter Nef
Dr. h. c. Paul Sacher
Frau Philis v. Salis
Frau Antoinette Sulger-Vischer
Alfred Von der Mühll
Frau Hildegard Zai]]></page>
<pb facs="CH_Bm_prg/pyr_CH_Bm_prg-0033.tif"/>
<page><![CDATA[﻿GENERALPROGRAMM 1953 SMer 5>au$tonjerte
              I.	HAUSKONZERT
Sonntag, 25. Januar, 20.15 Uhr, Kirschgarten-Museum
Kammertrio für alte Musik: Gustav Scheck (Blockflöte, Querflöte), August Wenzinger (Viola da gamba), Fritz Neumeyer (Cembalo)
Kammermusik im Hause zum Kirschgarten
D.	Purcell, Sweelinck, Jenkins, Simpson; C. Ph. E. Bach, J. G. Graun
              II.	HAUSKONZLRT
Mittwoch, 1. April, 20.15 Uhr, Konservatoriumssaal Eduard Müller (Cembalo)
Cembalo-Abend Sweelinck, D. Scarlatti, J. S. Bach
III.	HAUSKONZERT (KIRCHENKONZERT)
Freitag, 5. Juni, 20.15 Uhr, Theodorskirche
Ensemble für Kirchenmusik der Schola Cantorum Basiliensis (Leitung Ina Lohr)
Gedächtnismotetten für grosse Komponisten
Dunstable, Dufay, Ockeghem, Obrecht; Josquin des Pres, Brumel, Compere, Pierre de la Rue; Isaac, Senfl; Schein, Schütz
IV.	HAUSKONZERT
November, Münstersaal des Bischofshofs
Schola Cantorum Basiliensis: Viola da gamba-Quartett, Valerie Kägi (Cembalo)
Musik für Gamben und Cembalo
                      Jenkins, Marais, J. G. Graun
3toei öffentliche Äonjerte
Französische Musik aus drei Jahrhunderten
VORTRAG
gemeinsam mit der «Societe d’etudes fran^aises», in französischer Sprache, über ein Thema aus der französischen Musik. Datum, Ort und Redner werden später bekannt gegeben.
I.	KONZERT
Mitte September, Hans Hubersaal Ensemble Vocal Marcel Couraud, Paris (Leitung Marcel Couraud) A - cappella-Gesänge Janequin, Josquin des Pres, Costeley; Poulenc, Messiaen
II.	KONZERT
Mitte September, Hans Hubersaal
Konzertante Musik des Ancien Regime
Leclair, Violinkonzert; Rameau, Kantate «Les amants trahis», Pieces de concert en trio; Gretry, Flötenkonzert
Ausführende des II. Konzertes;
Die verstärkte Konzertgruppe der Schola Cantorum Basiliensis:
Elsa Scherz-Meister (Sopran), Derrik Olsen (Bariton); Joseph Bopp, Rodolfo Felicani, Walter Kägi, Marianne Majer, Eduard Müller, Angelo Viale, August Wenzinger u.a. (Flöte, Violine, Bratsche, Viola da gamba, Violoncello, Contrabass, Cembalo)
Verantwortlich für die Aufführung: August Wenzinger]]></page>
<pb facs="CH_Bm_prg/pyr_CH_Bm_prg-0034.tif"/>
<page><![CDATA[﻿93ergttnftiguttgen
FÜR MITGLIEDER
mit einem Jahresbeitrag von Fr. 15.—
(Personen unter 20 Jahren, Studenten, interne Konservatoristen und Berufsschüler der Schola Cantorum Basiliensis Fr. 10.—)
Freier Eintritt zu den Hauskonzerten
Vorbezugsrecht auf je eine ermässigte Einzelkarte zu den öffentlichen Konzerten
FÜR FREIMITGLIEDER mit einem Jahresbeitrag von mindestens Fr. 40.—
Freier Eintritt zu den Hauskonzerten und zu den öffentlichen Konzerten auf Platzkategorie I mit Vorbezugsrecht gegenüber allen ändern Mitgliedern
PREISE DER EINZELKARTEN
Hauskonzerte Fr. 4.60 (Mitglieder frei)
Öffentliche Konzerte Fr. 4.60 (Mitglieder 2.70), Fr. 5.75 (Mitglieder 3.80), Fr. 6.90 (Mitglieder 4.95)
Wir bitten Sie um baldige Einzahlung des Mitgliederbeitrages 1953 auf Postcheckkonto V 16 145 resp. Einsendung der Beitrittserklärung, damit wir ihnen die Mitgliederkarte, welche als Ausweis zum freien Eintritt in die Hauskonzerte gilt, rechtzeitig vor dem I. Hauskonzert zustellen können. Wir nehmen an, dass es Mitgliedern, welche bis zum 15. Januar 1953 ihren Beitrag nicht bezahlt haben, angenehmer ist, wenn er per Postnachnahme erhoben wird.
Anmeldung zur Mitgliedschaft an die Aktuarin, Frau E. Stalder-Suter,
Missionsstrasse 33, Basel]]></page>
       
        </p>
    </body>
  </text>
</TEI>
