<?xml version="1.0" encoding="UTF-8"?>
<?xml-model href="http://www.tei-c.org/release/xml/tei/custom/schema/relaxng/tei_all.rng" schematypens="http://relaxng.org/ns/structure/1.0"?>
<TEI xmlns="http://www.tei-c.org/ns/1.0">
  <teiHeader>
    <fileDesc>
        <titleStmt>
            <title>BASEL</title>
        </titleStmt>
        <editionStmt>
            <edition>TEI P5.1 Edition</edition>
            <respStmt>
                <resp>
                    <persName>Claudio Bacciagaluppi</persName>
                    <persName>Laurent Pugin</persName>
                    <persName>Rodolfo Zitellini</persName>
                    <date when="2016-01">Janvier 2016</date>
                </resp>
                <name>Bureau Suisse du RISM</name>
            </respStmt>
        </editionStmt>
        <publicationStmt>
            <publisher><orgName xml:base="http://www.rism-ch.org">Bureau Suisse du RISM</orgName></publisher>
        </publicationStmt>
	    <seriesStmt>
	     <idno type="collection">ch_famb</idno>
	    </seriesStmt>
      <sourceDesc>
		<bibl>
        <title>Concert<date when="19670106">06/01/1967</date></title>
<series>Concert</series>
<placeName>Basel, Grosser Saal der Musik-Akademie</placeName>
<orgName role="holding">Archiv des Vereins Freunde alter Musik Basel; <link target="http://famb.ch/"/></orgName>

		</bibl>
      </sourceDesc>
    </fileDesc>
  </teiHeader>
  <text>
    <body>
        <p> <!-- all the content of the program in one paragraph -->
            <pb facs="CH_Bm_prg/pyr_CH_Bm_prg-1716.tif"/>
<date when="19670106"/>
<name key="Taverner, John" type="person" role="cmp">Taverner, John</name>
<name key="East, Michael" type="person" role="cmp">East, Michael</name>
<name key="Byrd, William" type="person" role="cmp">Byrd, William</name>
<name key="Anonymus" type="person" role="cmp">Anonymus</name>
<name key="Purcell, Henry" type="person" role="cmp">Purcell, Henry</name>
<name key="Holborne, Antony" type="person" role="cmp">Holborne, Antony</name>
<name key="Handel, George Frideric" type="person" role="cmp">Händel, Georg Friedrich</name>
<name key="Telemann, Georg Philipp" type="person" role="cmp">Telemann, Georg Philipp</name>
<name key="Schickhardt, Johann Christian" type="person" role="cmp">Schickhardt, Johann Christian</name><name key="Linde, Hans-Martin" type="person" role="int">Linde, Hans-Martin</name>
<name key="Lüthi, Marianne" type="person" role="int">Lüthi, Marianne</name>
<name key="Fiechter, Margrit" type="person" role="int">Fiechter, Margrit</name>
<name key="Häfelfinger, René" type="person" role="int">Häfelfinger, René</name>
<name key="Jenne, Peter" type="person" role="int">Jenne, Peter</name>
<name key="Wenzinger, August" type="person" role="int">Wenzinger, August</name>
<name key="Müller, Hannelore" type="person" role="int">Müller, Hannelore</name>
<name key="Dombois, Eugen M." type="person" role="int">Dombois, Eugen M.</name><title>Concert</title>
<placeName key="Basel, Grosser Saal der Musik-Akademie"/>
<name key="Concert" type="series"/>
<page><![CDATA[﻿FREMDE ALTER MUSIK IN BASEL
2. Konzert
Freitag, 6. Januar 1967, 20.15 Uhr, im Grossen Saal der Musik-Akademie
ENSEMBLEMUSIK FUER BLOCKFLOETEN
Schola Cantorum Basiliensis:
Hans-Martin Linde, Marianne Lüthi, Margrit Fiechter, Rene Häfelfinger, Peter Jerine (Blockflöte), August Wenzinger, Hannelore Müller, (Viola da gamba), Eugen M. Dombois (Laute, Theorbe).^ Hans Goverts (Cenbalo).
Programm 50 Rappen. Eintritt für Mitglieder frei. Karten für Nichtmitglieder zu Fr. 6.90 (jugendliche, Studenten und Berufsschüler der Musik-Akademie Fr. 4« —) bei Hug & Co., Freie Strasse 70a, und an der Abendkasse.]]></page>
<pb facs="CH_Bm_prg/pyr_CH_Bm_prg-1717.tif"/>
<page><![CDATA[﻿Programm
John Taverner um 1495-1545
Michael East um 1580-1648
William Byrd 1543/44-1625
Anonymus um 1600
Henry Purcell 1658/59-1695
Anthony Holborne gest. 1602
In Nomine für vier Blockflöten
"Desperavi", Fantasie für fünf Blockflöten (1610)
"The leaves he green", Ground für fünf Blockflöten
Vier Stücke für Laute solo Fantasie in g
     "Ich ging einmal spazieren" Correnta in d Passomezzo moderno
Checonne ("Three parts upon a ground") füi drei Blockflöten und Continuo (Viola da gamba, Cembalo)
Tanzsätze für fünf Blockflöten und Continuo (Viola da gamba, Theorbe) aus "A Set of Pavans, Galliards, Almains and other short Airs" (1599)
     Sedet sola Galliard Pavana ploravit Almain
The Fairy Round
Pause
Georg Friedrich Händel 1685-1759
Sonate C-dur für Blockflöte und Continuo (Viola da gamba, Cembalo)
                               Larghetto / Allegro / Larghetto / A tempo di Gavotti / Allegro
Georg Philipp Telemann	Triosonate d-moll für
1681-1767	Blockflöte, Diskantgambe
                            und Continuo (Viola da gamba, Cembalo)
                               Andante / Vivace / Adagio / Allegro
Johann Christian Schiclchard "Concerto’1 F-dur für vier um 1680-1762	Blockflöten und Continuo
                             (Viola da gamba, Theorbe, Cembalo)
                               Allegro / Vivace / Largo e affettuoso / Menuett / Allegro
Die verwendeten Instrumente:
Blockflöten Hans Conrad Fehr, Zürich, und Arnold Dolmetsch, Haslemere
Diskantgambe Bugen Sprenger, Frankfurt a.M.
Bassgambe Jakob Stainer, Absam 1673 Renaissance-Laute Sandro H. Zanetti, Pontresina 1965 Theorbe Hans Neemann, Berlin 1938 Konzertcembalo Martin Scholz aus den Werkstätten von Hug & Co., Basel]]></page>
<pb facs="CH_Bm_prg/pyr_CH_Bm_prg-1718.tif"/>
<page><![CDATA[﻿]]></page>
       
        </p>
    </body>
  </text>
</TEI>
