<?xml version="1.0" encoding="UTF-8"?>
<?xml-model href="http://www.tei-c.org/release/xml/tei/custom/schema/relaxng/tei_all.rng" schematypens="http://relaxng.org/ns/structure/1.0"?>
<TEI xmlns="http://www.tei-c.org/ns/1.0">
  <teiHeader>
    <fileDesc>
        <titleStmt>
            <title>BASEL</title>
        </titleStmt>
        <editionStmt>
            <edition>TEI P5.1 Edition</edition>
            <respStmt>
                <resp>
                    <persName>Claudio Bacciagaluppi</persName>
                    <persName>Laurent Pugin</persName>
                    <persName>Rodolfo Zitellini</persName>
                    <date when="2016-01">Janvier 2016</date>
                </resp>
                <name>Bureau Suisse du RISM</name>
            </respStmt>
        </editionStmt>
        <publicationStmt>
            <publisher><orgName xml:base="http://www.rism-ch.org">Bureau Suisse du RISM</orgName></publisher>
        </publicationStmt>
	    <seriesStmt>
	     <idno type="collection">ch_famb</idno>
	    </seriesStmt>
      <sourceDesc>
		<bibl>
        <title>Concert<date when="19530401">01/04/1953</date></title>
<series>Concert</series>
<placeName>Basel, Konservatoriumssaal</placeName>
<orgName role="holding">Archiv des Vereins Freunde alter Musik Basel; <link target="http://famb.ch/"/></orgName>

		</bibl>
      </sourceDesc>
    </fileDesc>
  </teiHeader>
  <text>
    <body>
        <p> <!-- all the content of the program in one paragraph -->
            <pb facs="CH_Bm_prg/pyr_CH_Bm_prg-0703.tif"/>
<date when="19530401"/>
<name key="Bach, Johann Sebastian" type="person" role="cmp">Bach, Johann Sebastian</name>
<name key="Sweelinck, Jan Pieterszoon" type="person" role="cmp">Sweelinck, Jan Pieterszoon</name>
<name key="Scarlatti, Domenico" type="person" role="cmp">Scarlatti, Domenico</name><name key="Müller, Eduard" type="person" role="int">Müller, Eduard</name><title>Concert</title>
<placeName key="Basel, Konservatoriumssaal"/>
<name key="Concert" type="series"/>
<page><![CDATA[﻿  F A M B Freunde alter Musik in Basel
      Mittwoch, 1.April 1953.» 20.15 Uhr im Konservatoriumssaal
       II .HAUS KONZERT
  Cembalo-Abend
      Eduard Müller, Cembalo
          Programm ^0 cts. Eintritt für Mitglieder frei, für Nichtmitglieder Fr.!+.60 im Vorverkauf bei Hug & Co. Freiestrasse 70a und an der Abendkasse. Studenten, Konservatoristen und Berufsschüler der S.C.B. er-mässigte Eintrittskarten zu Fr.2.70. Anmeldung zur Mitgliedschaft an die Aktuarin Frau E.Stalder-Suter, Missionsstrasse 33*

JOH.SEB.BACH 1685-1750
Ä P.SWEELINCK 1562-1621
Englische Suite Mo.6 in d-tnoll Prelude/Allemande/Courante/ Sarabande avec Double/Gavotte I und' II/Gigue
Variationen über "Mein junges Leben hat ein End'"
DOMENICO SCARLATTI 1685-1757
 5 Sonaten D-dur g-moll G-dur D-dur f-moll
Cembalo J.C.Neupert 1952, Spezialanfertigung
•__________
Voranzeige: III.Hauskonzert 1953 der
             Freunde alter Musik in Basel:
             Freitag, 5-Juni, 20.15 Uhr in der Theodorskirche "Huldigungs- und Gedächtnismotetten"
             Das Ensemble für Kirchenmusik und ein Instrumentalensemble der Schola Cantorum Basiliensis unter Leitung von Ina Lohr.]]></page>
       
        </p>
    </body>
  </text>
</TEI>
