<?xml version="1.0" encoding="UTF-8"?>
<?xml-model href="http://www.tei-c.org/release/xml/tei/custom/schema/relaxng/tei_all.rng" schematypens="http://relaxng.org/ns/structure/1.0"?>
<TEI xmlns="http://www.tei-c.org/ns/1.0">
  <teiHeader>
    <fileDesc>
        <titleStmt>
            <title>BASEL</title>
        </titleStmt>
        <editionStmt>
            <edition>TEI P5.1 Edition</edition>
            <respStmt>
                <resp>
                    <persName>Claudio Bacciagaluppi</persName>
                    <persName>Laurent Pugin</persName>
                    <persName>Rodolfo Zitellini</persName>
                    <date when="2016-01">Janvier 2016</date>
                </resp>
                <name>Bureau Suisse du RISM</name>
            </respStmt>
        </editionStmt>
        <publicationStmt>
            <publisher><orgName xml:base="http://www.rism-ch.org">Bureau Suisse du RISM</orgName></publisher>
        </publicationStmt>
	    <seriesStmt>
	     <idno type="collection">ch_famb</idno>
	    </seriesStmt>
      <sourceDesc>
		<bibl>
        <title>Concert<date when="19900503">03/05/1990</date></title>
<series>Concert</series>
<placeName>Basel, Martinskirche</placeName>
<orgName role="holding">Archiv des Vereins Freunde alter Musik Basel; <link target="http://famb.ch/"/></orgName>

		</bibl>
      </sourceDesc>
    </fileDesc>
  </teiHeader>
  <text>
    <body>
        <p> <!-- all the content of the program in one paragraph -->
            <pb facs="CH_Bm_prg/pyr_CH_Bm_prg-1461.tif"/>
<date when="19900503"/>
<name key="Castello, Dario" type="person" role="cmp">Castello, Dario</name>
<name key="Vivaldi, Antonio" type="person" role="cmp">Vivaldi, Antonio</name>
<name key="Scarlatti, Alessandro" type="person" role="cmp">Scarlatti, Alessandro</name>
<name key="Mancini, Francesco" type="person" role="cmp">Mancini, Francesco</name><name key="Antonini, Giovanni" type="person" role="int">Antonini, Giovanni</name>
<name key="Onofri, Enrico" type="person" role="int">Onofri, Enrico</name>
<name key="Bianchi, Marco" type="person" role="int">Bianchi, Marco</name>
<name key="Beschi, Paolo" type="person" role="int">Beschi, Paolo</name>
<name key="Rizzi, Paolo" type="person" role="int">Rizzi, Paolo</name>
<name key="Pianca, Luca" type="person" role="int">Pianca, Luca</name>
<name key="Ghielmi, Lorenzo" type="person" role="int">Ghielmi, Lorenzo</name><title>Concert</title>
<placeName key="Basel, Martinskirche"/>
<name key="Concert" type="series"/>
<page><![CDATA[﻿Freunde alter Musik in Basel
  4. Konzert
Donnerstag, 3. Mai 1990, 20.15 Uhr In der Martinskirche
Ensemble II Giardino Armonico
Giovanni Antonini Enrico Onofri Marco Bianchi Paolo Beschi Paolo Rizzi Luca Pianca Lorenzo Ghielmi
 Blockflöte
Violine
Violine
Violoncello
Kontrabass
Laute, Theorbe
Cembalo
PROGRAMM
 Dario Castello (17. Jhd.)
Antonio Vivaldi 1675 -1741
 Alessandro Scarlatti 1660-1725
Antonio Vivaldi 1675 -1741
 Sonata IV d-moll für 2 Violinen und Basso Continuo
 Concerto a-moll RV 108 für Blockflöte, 2 Violinen und Basso Continuo Allegro - Largo - Allegro
 Sonata IX für Flöte. 2 Violinen
und Basso Continuo
 Allegro - Largo - Fuga - Piano - Allegro
 Sonata d-moll "La Follia" RV 63 für 2 Violinen und Basso Continuo
PAUSE
Francesco Mancini 1672 -1737
Antonio Vivaldi 1675 -1741
Antonio Vivaldi 1675 -1741
 Sonata d-moll für Blockflöte,
2 Violinen und Basso Continuo Amoroso - Allegro - Largo - Allegro
 Concerto D-Dur RV 93 für Laute, 2 Violinen und Basso Continuo Allegro - Largo -Allegro
Concerto g-moll "La Notte" RV 104
 für Blockflöte, 2 Violinen
und Basso Continuo
 Largo - Fantasmi (Presto-Largo-
 Andante-Presto) -
 II Sonno (Adagio) -Allegro
]]></page>
       
        </p>
    </body>
  </text>
</TEI>
