<?xml version="1.0" encoding="UTF-8"?>
<?xml-model href="http://www.tei-c.org/release/xml/tei/custom/schema/relaxng/tei_all.rng" schematypens="http://relaxng.org/ns/structure/1.0"?>
<TEI xmlns="http://www.tei-c.org/ns/1.0">
  <teiHeader>
    <fileDesc>
        <titleStmt>
            <title>BASEL</title>
        </titleStmt>
        <editionStmt>
            <edition>TEI P5.1 Edition</edition>
            <respStmt>
                <resp>
                    <persName>Claudio Bacciagaluppi</persName>
                    <persName>Laurent Pugin</persName>
                    <persName>Rodolfo Zitellini</persName>
                    <date when="2016-01">Janvier 2016</date>
                </resp>
                <name>Bureau Suisse du RISM</name>
            </respStmt>
        </editionStmt>
        <publicationStmt>
            <publisher><orgName xml:base="http://www.rism-ch.org">Bureau Suisse du RISM</orgName></publisher>
        </publicationStmt>
	    <seriesStmt>
	     <idno type="collection">ch_famb</idno>
	    </seriesStmt>
      <sourceDesc>
		<bibl>
        <title>Concert<date when="19800208">08/02/1980</date></title>
<series>Concert</series>
<placeName>Basel, Martinskirche</placeName>
<orgName role="holding">Archiv des Vereins Freunde alter Musik Basel; <link target="http://famb.ch/"/></orgName>

		</bibl>
      </sourceDesc>
    </fileDesc>
  </teiHeader>
  <text>
    <body>
        <p> <!-- all the content of the program in one paragraph -->
            <pb facs="CH_Bm_prg/pyr_CH_Bm_prg-1505.tif"/>
<date when="19800208"/>
<name key="Balbastre, Claude-Bénigne" type="person" role="cmp">Balbastre, Claude</name>
<name key="Bach, Johann Sebastian" type="person" role="cmp">Bach, Johann Sebastian</name>
<name key="Bach, Carl Philipp Emmanuel" type="person" role="cmp">Bach, Carl Philipp Emanuel</name><name key="Leonhardt, Gustav" type="person" role="int">Leonhardt, Gustav</name><title>Concert</title>
<placeName key="Basel, Martinskirche"/>
<name key="Concert" type="series"/>
<page><![CDATA[﻿
FREUNDE ALTER MUSIK IN BASEL 1. Solistenkonzert Freitag, den 8. Februar 1980 20.15 Uhr, Martinskirche
GUSTAV LEON HARDT, CEMBALO]]></page>
<pb facs="CH_Bm_prg/pyr_CH_Bm_prg-1506.tif"/>
<page><![CDATA[﻿PROGRAMM
Claude-Benigne Balbastre 1727-1799
Aus den "Pifeces de Clavecin, Premier Livre" (1759)
La D'Höricourt La De Caze La Marmontel La Lugeac
Ol.
Johann Sebastian Bach 1685-1750
Sinfoniae
   Es-dur (BWV 791) F-dur (BWV 794) f-moll (BWV 795) g-moll (BWV 797)
Carl Philipp Emmanuel Bach 1714-1788
"Würtembergische" Sonate e-moll (1743)
  Allegro
   Adagio
   Vivace
PAUSE
Johann Sebastian Bach
Suite D-dur
(nach der Suite für Violoncello piccolo BWV 1012)
   Prölude
  Allemande
   Courante
   Sarabande
  Gavotte I und II
   Gigue
Cembalo nach Taskin von William Dowd, Paris
Eintrittspreise:
Für Mitglieder der FAMB Fr. 10.—
Nichtmitglieder Fr. 14.50; Jugendliche, Studenten und Berufsschüler der Musik-Akademie Fr. 10.70
HINWEISE
weitere Solistenkonzerte der FAMB:
Mittwoch, 23. und Donnerstag, 24. April 1980, 20.15 Uhr im Konzilssaal des Bischofshofs, Freitag, 25. April 1980,
20.15	Uhr, im Chor der Peterskirche HOPKINSON SMITH, Barocklaute
Dienstag, 6. Mai 1980, 20.15 Uhr in der Predigerkirche JEAN-CLAUDE ZEHNDER, Orgel
4.	reguläres Konzert der FAMB:
Dienstag, 20. Mai 1980, 20.15 Uhr in der Martinskirche Johann Sebastian Bach
Interessenten für eine Mitgliedschaft können sich an das Sekretariat der FAMB, Leonhardsstr. 4, 4051 Basel (Tel. 25 57 22, intern 21) wenden.]]></page>
<pb facs="CH_Bm_prg/pyr_CH_Bm_prg-1507.tif"/>
<page><![CDATA[﻿]]></page>
       
        </p>
    </body>
  </text>
</TEI>
