<?xml version="1.0" encoding="UTF-8"?>
<?xml-model href="http://www.tei-c.org/release/xml/tei/custom/schema/relaxng/tei_all.rng" schematypens="http://relaxng.org/ns/structure/1.0"?>
<TEI xmlns="http://www.tei-c.org/ns/1.0">
  <teiHeader>
    <fileDesc>
        <titleStmt>
            <title>BASEL</title>
        </titleStmt>
        <editionStmt>
            <edition>TEI P5.1 Edition</edition>
            <respStmt>
                <resp>
                    <persName>Claudio Bacciagaluppi</persName>
                    <persName>Laurent Pugin</persName>
                    <persName>Rodolfo Zitellini</persName>
                    <date when="2016-01">Janvier 2016</date>
                </resp>
                <name>Bureau Suisse du RISM</name>
            </respStmt>
        </editionStmt>
        <publicationStmt>
            <publisher><orgName xml:base="http://www.rism-ch.org">Bureau Suisse du RISM</orgName></publisher>
        </publicationStmt>
	    <seriesStmt>
	     <idno type="collection">ch_famb</idno>
	    </seriesStmt>
      <sourceDesc>
		<bibl>
        <title>Concert<date when="19791106">06/11/1979</date></title>
<series>Concert</series>
<placeName>Basel, Hans Huber-Saal des Stadtcasinos Basel</placeName>
<orgName role="holding">Archiv des Vereins Freunde alter Musik Basel; <link target="http://famb.ch/"/></orgName>

		</bibl>
      </sourceDesc>
    </fileDesc>
  </teiHeader>
  <text>
    <body>
        <p> <!-- all the content of the program in one paragraph -->
            <pb facs="CH_Bm_prg/pyr_CH_Bm_prg-0439.tif"/>
<date when="19791106"/>
<name key="Scarlatti, Alessandro" type="person" role="cmp">Scarlatti, Alessandro</name>
<name key="Corelli, Arcangelo" type="person" role="cmp">Corelli, Arcangelo</name>
<name key="Bononcini, Giovanni" type="person" role="cmp">Bononcini, Giovanni</name>
<name key="Picchi, Giovanni" type="person" role="cmp">Picchi, Giovanni</name><name key="Jacobs, René" type="person" role="int">Jacobs, René</name>
<name key="Banchini, Chiara" type="person" role="int">Banchini, Chiara</name>
<name key="Fernandez, François" type="person" role="int">Fernandez, François</name>
<name key="Coin, Christophe" type="person" role="int">Coin, Christophe</name>
<name key="Koopman, Ton" type="person" role="int">Koopman, Ton</name><title>Concert</title>
<placeName key="Basel, Hans Huber-Saal des Stadtcasinos Basel"/>
<name key="Concert" type="series"/>
<page><![CDATA[﻿                                 E FREUNDE ALTER MUSIK IN BASEL Konzert
                                 Dienstag, den 6. November 1979
                                 20.15	Uhr, Hans Huber-Saal]]></page>
<pb facs="CH_Bm_prg/pyr_CH_Bm_prg-0440.tif"/>
<page><![CDATA[﻿PROGRAMM
"Bella madre de'fiori"
"Cantata ä Canto Solo, con Violini"
Concerto grosso, op.6, Nr.l
           "Con duoi Violini e Violoncello di Concertino obligati e duoi altri Violini, Viola e Basso di Concerto grosso ad arbotrio."
                                 Largo-Allegro Largo Allegro Largo Allegro Allegro
"Ecco Dorinda"
         Kantate für Singstiimne, zwei Violinen und basso continuo
                              Aus: "Cantate e Duetti",
London 1721
                     PAUSE
Giovanni Picchi	Passo e Mezzo
Anfang 17. Jh.
Giovanni Bononcini	"Siedi Amarilli"
                             Kantate für Singstimme, zwei Violinen und basso continuo
                              Aus: "Cantate e Duetti"
Alessandro Scarlatti 1660-1725
Arcangelo Corelli 1653-1713
Giovanni Bononcini 1670-1747

AUSFUEHRENDE
Renä Jacobs Chiara Banchini Francois Fernandez Christophe Coin Ton Koopman
Gesang
Violine in alter Mensur Violine in alter Mensur Violoncello in alter Mensur Cembalo
Cembalo in italienischer Bauweise von Bernhardt Edskes HINWEISE
2.	Konzert: Dienstag, den 27. und Mittwoch, den 28. November (Wiederholung) im Münstersaal des Bischofs-
Emma Kirkby (Gesang), Anthony Bailes (Laute), Pere Ros (Viola da gamba)
Eintritt für Mitglieder frei.
Karten für Nichtmitglieder zu Fr. 14.50 (Jugendliche, Studenten und Berufsschüler der Musik-Akademie Fr. 8.80) im Vorverkauf beim Musikhaus "au concert", Aeschenvorstadt Tel. 23 11 76 und an der Abendkasse.
Interessenten für eine Mitgliedschaft können sich an das Sekretariat der FAMB, Leonhardsstr. 4, 4051 Basel, (Tel. 25 57 22, intern 21) wenden.
hof s:
"A collection of the Choicest songs" Werke von Purcell, Lanier, Lawes u.a]]></page>
<pb facs="CH_Bm_prg/pyr_CH_Bm_prg-0441.tif"/>
<page><![CDATA[﻿]]></page>
       
        </p>
    </body>
  </text>
</TEI>
