<?xml version="1.0" encoding="UTF-8"?>
<?xml-model href="http://www.tei-c.org/release/xml/tei/custom/schema/relaxng/tei_all.rng" schematypens="http://relaxng.org/ns/structure/1.0"?>
<TEI xmlns="http://www.tei-c.org/ns/1.0">
  <teiHeader>
    <fileDesc>
        <titleStmt>
            <title>BASEL</title>
        </titleStmt>
        <editionStmt>
            <edition>TEI P5.1 Edition</edition>
            <respStmt>
                <resp>
                    <persName>Claudio Bacciagaluppi</persName>
                    <persName>Laurent Pugin</persName>
                    <persName>Rodolfo Zitellini</persName>
                    <date when="2016-01">Janvier 2016</date>
                </resp>
                <name>Bureau Suisse du RISM</name>
            </respStmt>
        </editionStmt>
        <publicationStmt>
            <publisher><orgName xml:base="http://www.rism-ch.org">Bureau Suisse du RISM</orgName></publisher>
        </publicationStmt>
	    <seriesStmt>
	     <idno type="collection">ch_famb</idno>
	    </seriesStmt>
      <sourceDesc>
		<bibl>
        <title>Concert<date when="19550131">31/01/1955</date></title>
<series>Concert</series>
<placeName>Basel, Vortragssaal des Kunstmuseums</placeName>
<orgName role="holding">Archiv des Vereins Freunde alter Musik Basel; <link target="http://famb.ch/"/></orgName>

		</bibl>
      </sourceDesc>
    </fileDesc>
  </teiHeader>
  <text>
    <body>
        <p> <!-- all the content of the program in one paragraph -->
            <pb facs="CH_Bm_prg/pyr_CH_Bm_prg-0744.tif"/>
<date when="19550131"/>
<name key="Bach, Carl Philipp Emmanuel" type="person" role="cmp">Bach, Carl Philipp Emanuel</name>
<name key="Bach, Johann Christoph Friedrich" type="person" role="cmp">Bach, Johann Christoph Friedrich</name>
<name key="Bach, Wilhelm Friedemann" type="person" role="cmp">Bach, Wilhelm Friedemann</name>
<name key="Bach, Johann Christian" type="person" role="cmp">Bach, Johann Christian</name><name key="Bopp, Joseph" type="person" role="int">Bopp, Joseph</name>
<name key="Felicani, Rodolfo" type="person" role="int">Felicani, Rodolfo</name>
<name key="Majer, Marianne" type="person" role="int">Majer, Marianne</name>
<name key="Müller, Hannelore" type="person" role="int">Müller, Hannelore</name>
<name key="Kägi, Valerie" type="person" role="int">Kägi, Valerie</name><title>Concert</title>
<placeName key="Basel, Vortragssaal des Kunstmuseums"/>
<name key="Concert" type="series"/>
<page><![CDATA[﻿F A M B
Freunde alter Musik in Basel
                   Montag, 31.Januar 1955.» 20.15 Uhr Kunstmuseum (Eingang Dufourstrasse)
I.	HAUSKONZERT
    KAMMERMUSIK DER SÖHNE J.S.B ACHS
        Carl Philipp Emanuel, Johann Christoph Friedrich, Wilhelm Friedemann, Johann Christian
Ausführende
Konzertgruppe der SCHOLA CANTORUM BASILIENSIS:
Joseph B o p p (Flöte), Rodolfo Felicani (Violine), Marianne M a j e r (Violine, Viola), Hannelore Müller (Violoncello), Valerie Kägi (Cembalo).
        Programm 30 Cts. Eintritt für Mitglieder frei, für Nichtmitglieder Fr*k.60 im Vorverkauf bei Hug & Co. und an der Abendkasse. Studenten, Konservatoristen, Berufsschüler der Schola Cantorum Basiliensis und Jugendliche unter 20 ermässigte Eintrittskarten zu Fr.2.70. Anmeldung zur Mitgliedschaft an die Aktuarin, Frau T.Hoffmann-Boller, Allschwilerweg 53.» Binningen oder an das Sekretariat, Leonhardsstrasse 4, Tel.2^.20.51*

Programm
Carl Phil.Em.Bach 1714-1788
Joh.Christ.Fried.Bach
^32-1795
Wilh.Friedemann Bach 1710-1784
Joh.Christ .Bach 1735-1782
Carl Phil.Em.Bach
 Sonate h-moll für Cembalo und Violine Allegro moderato / Poco Andante / Allegretto siciliano
 Sonate D-dur für Cembalo, Flöte und
 Violoncello ad lib.
  Allegro con spirito / Andante /
  Rondo Scherzo
 Sonate Nr.4 D-dur für Cembalo Poco Allegro /Adagio / Vivace
 Zwei Streichtrios aus op.4 für 2 Violinen und Violoncello
 Streichtrio op.4, Nr.6, C-dur Largo / Menuetto
 Streichtrio op.4, Nr.2, A-dur Andante / Menuetto
 3.Quartett G-dur für Cembalo, Flöte,
 Viola und Violoncello
  Allegretto / Adagio / Presto
Voranzeige : II.Hauskonzert 1955 der
             "FREUNDE ALTER MUSIK IN BASEL":
             Montag, l4.März, 20.15 Uhr im Münstersaal des Bischofshofs
             Solomusik für Viola da gamba und Cembalo Werke von Forqueray, Marais, Schenck, Graun Schola Cantorum Basiliensis: August Wenzinger, Hannelore Müller, Eduard Müller]]></page>
       
        </p>
    </body>
  </text>
</TEI>
