<?xml version="1.0" encoding="UTF-8"?>
<?xml-model href="http://www.tei-c.org/release/xml/tei/custom/schema/relaxng/tei_all.rng" schematypens="http://relaxng.org/ns/structure/1.0"?>
<TEI xmlns="http://www.tei-c.org/ns/1.0">
  <teiHeader>
    <fileDesc>
        <titleStmt>
            <title>BASEL</title>
        </titleStmt>
        <editionStmt>
            <edition>TEI P5.1 Edition</edition>
            <respStmt>
                <resp>
                    <persName>Claudio Bacciagaluppi</persName>
                    <persName>Laurent Pugin</persName>
                    <persName>Rodolfo Zitellini</persName>
                    <date when="2016-01">Janvier 2016</date>
                </resp>
                <name>Bureau Suisse du RISM</name>
            </respStmt>
        </editionStmt>
        <publicationStmt>
            <publisher><orgName xml:base="http://www.rism-ch.org">Bureau Suisse du RISM</orgName></publisher>
        </publicationStmt>
	    <seriesStmt>
	     <idno type="collection">ch_famb</idno>
	    </seriesStmt>
      <sourceDesc>
		<bibl>
        <title>Concert<date when="19580929">29/09/1958</date></title>
<series>Concert</series>
<placeName>Basel, Hans Huber-Saal des Stadtcasinos Basel</placeName>
<orgName role="holding">Archiv des Vereins Freunde alter Musik Basel; <link target="http://famb.ch/"/></orgName>

		</bibl>
      </sourceDesc>
    </fileDesc>
  </teiHeader>
  <text>
    <body>
        <p> <!-- all the content of the program in one paragraph -->
            <pb facs="CH_Bm_prg/pyr_CH_Bm_prg-1706.tif"/>
<date when="19580929"/>
<name key="Telemann, Georg Philipp" type="person" role="cmp">Telemann, Georg Philipp</name>
<name key="Graun, Johann Gottlieb" type="person" role="cmp">Graun, Johann Gottlieb</name>
<name key="Quantz, Johann Joachim" type="person" role="cmp">Quantz, Johann Joachim</name>
<name key="Guillemain, Louis-Gabriel" type="person" role="cmp">Guillemain, Louis-Gabriel</name><name key="Linde, Hans-Martin" type="person" role="int">Linde, Hans-Martin</name>
<name key="Bopp, Joseph" type="person" role="int">Bopp, Joseph</name>
<name key="Felicani, Rodolfo" type="person" role="int">Felicani, Rodolfo</name>
<name key="Wenzinger, August" type="person" role="int">Wenzinger, August</name>
<name key="Müller, Hannelore" type="person" role="int">Müller, Hannelore</name>
<name key="Kägi, Valerie" type="person" role="int">Kägi, Valerie</name><title>Concert</title>
<placeName key="Basel, Hans Huber-Saal des Stadtcasinos Basel"/>
<name key="Concert" type="series"/>
<page><![CDATA[﻿        FREUNDE ALTER MUSIK IN BASEL
         k. KONZERT
Montag, 29.September 1958/ 20.15 Uhr im Grossen Saal der Mus ik-Akademie
        KAMMERMUSIK MIT BLOCKFLÖTE UND TRAVERSFLÖTE
              SCHOLA CANTORUM BASILIENSIS:
Hans-Martin Linde (Blockflöte), Joseph B o p p (Traversflöte), Rodolfo Felicani (Violine), August Wenzinger, Hannelore Müller (Viola da gamba), Valerie K ä g i (Cembalo)
Programm 30 Cts
Eintritt für Mitglieder frei, für Nichtmitglieder Karten zu Fr.^f-.öO (Jugendliche unter 20 Jahren, Studenten und Berufsschüler der Musik-Akademie bezahlen Fr.2.70) bei Hug & Co. und an der Abendkasse. Anmeldung zur Mitgliedschaft bei der Aktuarin, Frau Trudi Hoffmann-Boller, Allschwilerweg 55/ Binningen.
Voranzeige: Nächstes Konzert .der "Freunde alter Musik in Basel" Freitag, 1^.November, 20.15 h im Hans Hubersaal Konzerte der Bachzeit.
Programm
Georg Philipp Telemann 1681-1767
Johann Gottlieb Graun 1702/03-1771
Johann Joachim Quantz
1697-1773
Sonate a-moll für Blockflöte, Violine und Continuo
  Largo / Vivace / Affettuoso / Allegro
Trio G-dur für zwei Gamben und Continuo
  Adagio / Allegro / Allegro
Sonate C-dur für Blockflöte, Traversflöte und Continuo
  Affettuoso / Alla breve / Largo / Vivace
Louis-Gabriel Guillemain 1705-1770
Sonate G-dur, op.17 Nr.1, für Traversflöte, Violine, Viola da gamba und Continuo (aus dem zweiten Buch der "Conversations galantes et amüsantes entre une flute traversiere, un violon, une basse de viole et basse continue")
  Allegro / Aria I / Aria II /
  Presto
Die verwendeten Instrumente:
Blockflöte in Elfenbein Hans Conrad Fehr, Zürich Trav^rsflöte Frarg Küng, Schaffhausen
Violine Joannes Varotti, Bologna 1788, in Originalmensur Zwei Violen da gamba Jakob Stainer, Absam 1673 Cembalo J.C.Neupert, Bamberg, Spezialanfertigung]]></page>
       
        </p>
    </body>
  </text>
</TEI>
