<?xml version="1.0" encoding="UTF-8"?>
<?xml-model href="http://www.tei-c.org/release/xml/tei/custom/schema/relaxng/tei_all.rng" schematypens="http://relaxng.org/ns/structure/1.0"?>
<TEI xmlns="http://www.tei-c.org/ns/1.0">
  <teiHeader>
    <fileDesc>
        <titleStmt>
            <title>BASEL</title>
        </titleStmt>
        <editionStmt>
            <edition>TEI P5.1 Edition</edition>
            <respStmt>
                <resp>
                    <persName>Claudio Bacciagaluppi</persName>
                    <persName>Laurent Pugin</persName>
                    <persName>Rodolfo Zitellini</persName>
                    <date when="2016-01">Janvier 2016</date>
                </resp>
                <name>Bureau Suisse du RISM</name>
            </respStmt>
        </editionStmt>
        <publicationStmt>
            <publisher><orgName xml:base="http://www.rism-ch.org">Bureau Suisse du RISM</orgName></publisher>
        </publicationStmt>
	    <seriesStmt>
	     <idno type="collection">ch_famb</idno>
	    </seriesStmt>
      <sourceDesc>
		<bibl>
        <title>Concert<date when="19810226">26/02/1981</date></title>
<series>Concert</series>
<placeName>Basel, Hans Huber-Saal des Stadtcasinos Basel</placeName>
<orgName role="holding">Archiv des Vereins Freunde alter Musik Basel; <link target="http://famb.ch/"/></orgName>

		</bibl>
      </sourceDesc>
    </fileDesc>
  </teiHeader>
  <text>
    <body>
        <p> <!-- all the content of the program in one paragraph -->
            <pb facs="CH_Bm_prg/pyr_CH_Bm_prg-0466.tif"/>
<date when="19810226"/>
<name key="Buxtehude, Dietrich" type="person" role="cmp">Buxtehude, Dieterich</name>
<name key="Schenck, Johannes" type="person" role="cmp">Schenck, Johannes</name>
<name key="Handel, George Frideric" type="person" role="cmp">Händel, Georg Friedrich</name>
<name key="Mondonville, Jean-Joseph Cassanéa de" type="person" role="cmp">Mondonville, Jean-Joseph Cassanéa de</name>
<name key="Couperin, Armand-Louis" type="person" role="cmp">Couperin, Armand-Louis</name>
<name key="Chupin de Laguitonnière" type="person" role="cmp">Chupin de Laguitonnière</name><name key="Kweksilber, Marjanne" type="person" role="int">Kweksilber, Marjanne</name>
<name key="Leonhardt, Marie" type="person" role="int">Leonhardt, Marie</name>
<name key="Müller, Hannelore" type="person" role="int">Müller, Hannelore</name>
<name key="Wilson, Glen" type="person" role="int">Wilson, Glen</name><title>Concert</title>
<placeName key="Basel, Hans Huber-Saal des Stadtcasinos Basel"/>
<name key="Concert" type="series"/>
<page><![CDATA[﻿FREUNDETiLTER MUSIK IN BASEL
3.	Konzert
          Donnerstag, den 26. Februar 1981
          20.15	Uhr im Hans Huber-Saal
LUG DU INI BATAVORUM.Apud THEODOBUM HAAK]]></page>
<pb facs="CH_Bm_prg/pyr_CH_Bm_prg-0467.tif"/>
<page><![CDATA[﻿        PROGRAMM
Dietrich Buxtehude 1637-1707
Johann Schenck 1660-um 1715
Triosonate D-dur, op. 2, Nr. 2 (1696) für Violine, Viola da gamba und basso continuo
                         Adagio-Allegro-Largo Arietta con Variazioni Largo-Vivace
        Sonate a-moll, op. 9 "Echo de Danube", Nr. 6
                         Adagio-Allegro-Adagio Presto Adagio
                         Aria. Largo-Vivace-Aria-Allegro-Largo-Aria Aria. Adagio Giga
Georg Friedrich Händel "Pastorella, vagha bella" (auch G.P. Telemann Kantate für Sopran und zugeschrieben)	basso continuo
1685-1759
Georg Friedrich Händel Lucretia
168 5-1759	Kantate für Sopran und
                       basso continuo
          Pause

Jean-Joseph Cassan6a de Mondonville 1711-1772
Armand-Louis Couperin 1727-1789
Sonate g-moll, op. 1, Nr. (1733) für Violine und basso continuo Lentement Allegro Sarabande Presto
Pi&ces de Clavecin (1751) Allemande
 Courante. La De Croissy L'afflig^e L'Italienne
Chupin De la Guittonni&re
18. Jahrhundert	"Les amants malheureux"
                       IIIe cantatille ä voix seule et simphonie (um 1750)]]></page>
<pb facs="CH_Bm_prg/pyr_CH_Bm_prg-0468.tif"/>
<page><![CDATA[﻿Ausführende:
Marjanne Kweksilber Marie Leonhardt Hannelore Mueller Gien Wilson
Sopran
Violine
Viola da gamba Cembalo
HINWEIS
3.	Extrakonzert
Montag, 27. und Dienstag, 28. April 1981 (Wiederholung), jeweils um 20.15 Uhr auf der Kleinen Bühne der Basler Theater
Jean-Philippe Rameau: Dardanus Tragödie Lyrique
Inszenierung: Filippo Sanjust, musikalische Leitung: Alan Curtis, Choreographie: Shirley Wynne
Weitere Vorstellungen am: 25. April (Premifere),
                           2.	Mai, 3. Mai, 5. Mai,
                           6. Mai und 7. Mai
Eintritt für Mitglieder frei. Nichtmitglieder bezahlen Fr. 14.50; Jugendliche, Studenten und Berufsschüler der Musik-Akademie Fr. 8.80
Interessenten für eine Mitgliedschaft können sich an das Sekretariat der FAMB, Leonhardsstrasse 4, 4051 Basel (Telefon 25 57 22, intern 21), wenden.
]]></page>
       
        </p>
    </body>
  </text>
</TEI>
