<?xml version="1.0" encoding="UTF-8"?>
<?xml-model href="http://www.tei-c.org/release/xml/tei/custom/schema/relaxng/tei_all.rng" schematypens="http://relaxng.org/ns/structure/1.0"?>
<TEI xmlns="http://www.tei-c.org/ns/1.0">
  <teiHeader>
    <fileDesc>
        <titleStmt>
            <title>BASEL</title>
        </titleStmt>
        <editionStmt>
            <edition>TEI P5.1 Edition</edition>
            <respStmt>
                <resp>
                    <persName>Claudio Bacciagaluppi</persName>
                    <persName>Laurent Pugin</persName>
                    <persName>Rodolfo Zitellini</persName>
                    <date when="2016-01">Janvier 2016</date>
                </resp>
                <name>Bureau Suisse du RISM</name>
            </respStmt>
        </editionStmt>
        <publicationStmt>
            <publisher><orgName xml:base="http://www.rism-ch.org">Bureau Suisse du RISM</orgName></publisher>
        </publicationStmt>
	    <seriesStmt>
	     <idno type="collection">ch_famb</idno>
	    </seriesStmt>
      <sourceDesc>
		<bibl>
        <title>Concert<date when="19840125">25/01/1984</date></title>
<series>Concert</series>
<placeName>Basel, Grosser Saal der Musik-Akademie</placeName>
<orgName role="holding">Archiv des Vereins Freunde alter Musik Basel; <link target="http://famb.ch/"/></orgName>

		</bibl>
      </sourceDesc>
    </fileDesc>
  </teiHeader>
  <text>
    <body>
        <p> <!-- all the content of the program in one paragraph -->
            <pb facs="CH_Bm_prg/pyr_CH_Bm_prg-1339.tif"/>
<date when="19840125"/>
<name key="Dowland, John" type="person" role="cmp">Dowland, John</name>
<name key="Ferrabosco, Alfonso" type="person" role="cmp">Ferrabosco, Alfonso</name>
<name key="Daniel, John" type="person" role="cmp">Daniel, John</name>
<name key="Bartlet, John" type="person" role="cmp">Bartlet, John</name>
<name key="Lawes, William" type="person" role="cmp">Lawes, William</name>
<name key="Lawes, Henry" type="person" role="cmp">Lawes, Henry</name>
<name key="Purcell, Henry" type="person" role="cmp">Purcell, Henry</name><name key="Kirkby, Emma" type="person" role="int">Kirkby, Emma</name>
<name key="Rooley, Anthony" type="person" role="int">Rooley, Anthony</name><title>Concert</title>
<placeName key="Basel, Grosser Saal der Musik-Akademie"/>
<name key="Concert" type="series"/>
<page><![CDATA[﻿Freunde Alter Musik in Basel
Fr. 2.—
]]></page>
<pb facs="CH_Bm_prg/pyr_CH_Bm_prg-1340.tif"/>
<page><![CDATA[﻿FREUNDE ALTER MUSIK IN BASEL
2.	Konzert
Mittwoch, 25. und Donnerstag, 26. Januar 1984,
20.15	Uhr, Grösser Saal der Musik-Akademie.
THE ENGLISH ORPHEUS
Lautenlieder und Lautenmusik von Dowland bis Purcell
HINWEIS :
Freitag, 10. Februar 1984,
20.15	Uhr, Grösser Saal der Musik-Akademie NEUE MUSIK FUER ALTE INSTRUMENTE
Sänger und Instrumentalisten der Schola Cantorum Basiliensis Leitung : Rudolf Kelterborn
Werke : Haselbach, Kelterborn, Suter und Kompositionen aus
Dienstag, 21. Februar 1984,
20.15	Uhr, Hans Huber-Saal des Stadtcasinos
FAMB - EXTRAKONZERT
G.	P. Telemann : Kantate "INO"
J. Haydn : Kantate "QUAL DUBBIO OMAI"
Rosmarie Hofmann (Sopran), Rolf Junghanns (Cembalo) Streicherensemble der Schola Cantorum Basiliensis und Kammerchor des Konservatoriums Leitung : Hans-Martin Linde
Tonaufnahmen des Konzertes sind nicht gestattet. Wir bitten um Verständnis I
ANTHONY ROOLEY
EMMA KIRKBY
(Sopran)
(Laute)
        dem 16./17. Jahrhundert]]></page>
       
        </p>
    </body>
  </text>
</TEI>
