<?xml version="1.0" encoding="UTF-8"?>
<?xml-model href="http://www.tei-c.org/release/xml/tei/custom/schema/relaxng/tei_all.rng" schematypens="http://relaxng.org/ns/structure/1.0"?>
<TEI xmlns="http://www.tei-c.org/ns/1.0">
  <teiHeader>
    <fileDesc>
        <titleStmt>
            <title>BASEL</title>
        </titleStmt>
        <editionStmt>
            <edition>TEI P5.1 Edition</edition>
            <respStmt>
                <resp>
                    <persName>Claudio Bacciagaluppi</persName>
                    <persName>Laurent Pugin</persName>
                    <persName>Rodolfo Zitellini</persName>
                    <date when="2016-01">Janvier 2016</date>
                </resp>
                <name>Bureau Suisse du RISM</name>
            </respStmt>
        </editionStmt>
        <publicationStmt>
            <publisher><orgName xml:base="http://www.rism-ch.org">Bureau Suisse du RISM</orgName></publisher>
        </publicationStmt>
	    <seriesStmt>
	     <idno type="collection">ch_famb</idno>
	    </seriesStmt>
      <sourceDesc>
		<bibl>
        <title>Concert<date when="19470422">22/04/1947</date></title>
<series>Concert</series>
<placeName>Basel, St. Albansaal (St. Albanvorstadt 12)</placeName>
<orgName role="holding">Archiv des Vereins Freunde alter Musik Basel; <link target="http://famb.ch/"/></orgName>

		</bibl>
      </sourceDesc>
    </fileDesc>
  </teiHeader>
  <text>
    <body>
        <p> <!-- all the content of the program in one paragraph -->
            <pb facs="CH_Bm_prg/pyr_CH_Bm_prg-0602.tif"/>
<date when="19470422"/>
<name key="Scarlatti, Alessandro" type="person" role="cmp">Scarlatti, Alessandro</name>
<name key="Handel, George Frideric" type="person" role="cmp">Händel, Georg Friedrich</name>
<name key="Bach, Carl Philipp Emmanuel" type="person" role="cmp">Bach, Carl Philipp Emanuel</name>
<name key="Loeillet, Jean-Baptiste" type="person" role="cmp">Loeillet, Jean-Baptiste</name>
<name key="Couperin, François" type="person" role="cmp">Couperin, François</name>
<name key="Platti, Giovanni Benedetto" type="person" role="cmp">Platti, Giovanni Benedetto</name><name key="Scheck, Gustav" type="person" role="int">Scheck, Gustav</name>
<name key="Neumeyer, Fritz" type="person" role="int">Neumeyer, Fritz</name>
<name key="Wenzinger, August" type="person" role="int">Wenzinger, August</name><title>Concert</title>
<placeName key="Basel, St. Albansaal (St. Albanvorstadt 12)"/>
<name key="Concert" type="series"/>
<page><![CDATA[﻿Freunde alter Musik in Basel
                                       Dienstag, 22. April 1947, 20.15 Uhr St. Albansaal (St. Albanvorstadt 12)
                                         Gustav Scheck, Freiburg i. Br. (Blockflöte, Flauto traverso),Fritz Neumeyer, Freiburg i. Br. (Cembalo), August Wenzinger (Viola da gamba)
Programm 30 Cts.
Eintritt für Mitglieder frei, für Nichtmitglieder Fr. 3.30 im Vorverkauf bei Hug & Co., Freiestraße 70 a, und au der Abendkasse.
Jahresbeitrag für Mitglieder Fr. 10.—,für Freimitglieder Fr. 25.—, für Personen unter 20 Jahren, Studenten, interne Konservatoristen und Berufsschüler der Schola Cantorum Basiliensis Fr. 5.—. Anmeldung zur Mitgliedschaft an die Aktuarin, Frau E. Stalder-Suter, Missionsstraße 31, Basel.]]></page>
<pb facs="CH_Bm_prg/pyr_CH_Bm_prg-0603.tif"/>
<page><![CDATA[﻿            PROGRAMM
Alessandro Scarlatti	Toccata g-moll für Cembalo
1659—1725	Toccata A-dur für Cembalo
Sonate e-moll für Flauto traverso und Continuo Adagio-Allegro-Grave-Minu et Chaconne G-dur für Cembalo
Sonate D-dur für Flauto traverso und Continuo Andante-Allegretto-Allegro
Sonate d-moll für Blockflöte und Continuo Adagio-Allegro-Largo-Giga-Gavotte
Acht Stücke für Cembalo
La Conti ou les graces incomparables - La Favorite - Les Sentiments (Sarabande) - Le Tic-Toc-Choc ou les Maillotins - Le Carillon deCythöre -Musette de Taverny - Les Bagatelles - Passa-caille
Giovanni Platti	Sonate G-dur für Flauto traverso und Continuo
18. Jahrhundert	Grave-Allegro-Adagio-Allegro molto
Cembalo Neuwert aus dem Hause Hug & Co.
Georg Friedrich Händel 1685—1759
Carl Philipp Emanuel Bach 1714—1787
Jean Baptiste Loeillet 1680—1730
Francois Couperin 1668—1733
]]></page>
       
        </p>
    </body>
  </text>
</TEI>
