<?xml version="1.0" encoding="UTF-8"?>
<?xml-model href="http://www.tei-c.org/release/xml/tei/custom/schema/relaxng/tei_all.rng" schematypens="http://relaxng.org/ns/structure/1.0"?>
<TEI xmlns="http://www.tei-c.org/ns/1.0">
  <teiHeader>
    <fileDesc>
        <titleStmt>
            <title>BASEL</title>
        </titleStmt>
        <editionStmt>
            <edition>TEI P5.1 Edition</edition>
            <respStmt>
                <resp>
                    <persName>Claudio Bacciagaluppi</persName>
                    <persName>Laurent Pugin</persName>
                    <persName>Rodolfo Zitellini</persName>
                    <date when="2016-01">Janvier 2016</date>
                </resp>
                <name>Bureau Suisse du RISM</name>
            </respStmt>
        </editionStmt>
        <publicationStmt>
            <publisher><orgName xml:base="http://www.rism-ch.org">Bureau Suisse du RISM</orgName></publisher>
        </publicationStmt>
	    <seriesStmt>
	     <idno type="collection">ch_famb</idno>
	    </seriesStmt>
      <sourceDesc>
		<bibl>
        <title>Concert<date when="19530605">05/06/1953</date></title>
<series>Concert</series>
<placeName>Basel, Theodorskirche</placeName>
<orgName role="holding">Archiv des Vereins Freunde alter Musik Basel; <link target="http://famb.ch/"/></orgName>

		</bibl>
      </sourceDesc>
    </fileDesc>
  </teiHeader>
  <text>
    <body>
        <p> <!-- all the content of the program in one paragraph -->
            <pb facs="CH_Bm_prg/pyr_CH_Bm_prg-0704.tif"/>
<date when="19530605"/>
<name key="Du Fay, Guillaume" type="person" role="cmp">Dufay, Guillaume</name>
<name key="Gregorian chant" type="person" role="cmp">Gregorian chant</name>
<name key="Dunstaple, John" type="person" role="cmp">Dunstaple, John</name>
<name key="Ockeghem, Johannes" type="person" role="cmp">Ockeghem, Johannes</name>
<name key="Obrecht, Jacob" type="person" role="cmp">Obrecht, Jacob</name>
<name key="Josquin des Prez" type="person" role="cmp">Josquin des Prez</name>
<name key="Brumel, Antoine" type="person" role="cmp">Brumel, Antoine</name>
<name key="La Rue, Pierre de" type="person" role="cmp">La Rue, Pierre de</name>
<name key="Brumel, Antoine" type="person" role="cmp">Brumel, Antoine</name>
<name key="Compère, Loyset" type="person" role="cmp">Compère, Loyset</name>
<name key="Josquin des Prez" type="person" role="cmp">Josquin des Prez</name>
<name key="Isaac, Heinrich" type="person" role="cmp">Isaac, Heinrich</name>
<name key="Senfl, Ludwig" type="person" role="cmp">Senfl, Ludwig</name>
<name key="Schein, Johann Hermann" type="person" role="cmp">Schein, Johann Hermann</name>
<name key="Schütz, Heinrich" type="person" role="cmp">Schütz, Heinrich</name><name key="Barrington, Royston" type="person" role="int">Barrington, Royston</name>
<name key="Cannon, Clawson" type="person" role="int">Cannon, Clawson</name>
<name key="Heiz, Ida" type="person" role="int">Heiz, Ida</name>
<name key="Rüfenacht, Christine" type="person" role="int">Rüfenacht, Christine</name>
<name key="Schmidt, Christopher" type="person" role="int">Schmidt, Christopher</name>
<name key="Lohr, Ina" type="person" role="int">Lohr, Ina</name><title>Concert</title>
<placeName key="Basel, Theodorskirche"/>
<name key="Concert" type="series"/>
<page><![CDATA[﻿Freunde alter Musik in Basel
     Kirchenkonzert
                                                     Anstelle des III. Hauskonzertes
                                                     Freitag, 5. luni 1955, 20.15 Uhr Theodorskirche
    Huldigungsund Gedäclitnismotetten
                                        Schola Cantorum Basiliensis
                                         Ensemble für Kirchenmusik unter Leitung von Ina Lohr
            Programm mit Text 60 Cts.
             Eintritt für Mitglieder frei, für Nichtmitglieder Fr. 4.60, für Studenten, interne Konservatoristen und Berufsschüler der Schola Cantorum Basiliensis Fr. 2.70 im Vorverkauf bei Hug & Co., Freiestrasse 70 a und an der Abendkasse.
            Jahresbeitrag für Mitglieder Fr. 15.—, für Freimitglieder Fr. 40.—, für Personen unter 20 Jahren, Studenten, interne Konservatoristen und Berufsschüler der Schola Cantorum Basiliensis Fr. 10.—. Anmeldung zur Mitgliedschaft an die Aktuarin, Frau E. Stalder-Suter, Missionsstrasse 33, Basel.
            Voranzeige: (Jeff entliehe Konzerte, 14. und 17. September 1953, Hans Hubersaal. Französische Musik aus drei Jahrhunderten.
]]></page>
<pb facs="CH_Bm_prg/pyr_CH_Bm_prg-0705.tif"/>
<page><![CDATA[﻿ PROGRAMM
Guillaume Dufay um 1400—1474
«Osanna» aus der Messe «Se la face ay pale», vierstimmig, instrumental
Aus dem gregorianischen Graduale «Haec dies» der Ostermesse Choral
Guilla
: Dufay
John Dunstable um 1370—1453
Johannes Ockeghem um 1430—1495
Jakob Obrecht um 1430—1505
Johannes Ockeghem
Aus dem gregorianischen Choral
Josquin des Pres um 1450—1521
Antoine Brumel um 1460 — nach 1505
Pierre de la Rue um 1460—1518
Antoine Brumel
Loyset Compere gest. 1518
Josquin des Pres
Heinrich Isaac um 1450—1517
Ludwig Senfl um 1488 — 1542/43
«Osanna» als Nachspiel Motette «Quam pulchra es»
Instrumentalstück (Malor me bat) in e, dreistimmig Motette «Landes Christo»
Instrumentalstück (Fors solament) in g, dreistimmig «Sanctus» aus der Messe Mi-Mi
Graduale «Requiem aeternam» der Totenmesse
Deploration de Jehan Ockeghem «Requiem» • «.Nymphet des bois»
Instrumentalstück in g, vierstimmig
Motette «Sicut cervus desiderat»
Instrumentalstück in f, dreistimmig Motette «O vos omnes»
Deploration de Jehan Ockeghem «Requiem» - «Nymphes des bois»
Instrumentalstück La mi la sol, vierstimmig Liedsatz «Lust hab ich ghabt zuer Musica»
              Johann Hermann Schein Motette «Wende dich, Herr, und sei mir gnädig» 1586—1630
 Heinrich Schütz
 1585—1672
Motette «Das ist je gewisslich wahr» Motette «Selig sind die Toten»
              Blockflöten: Boyston Barrington, Clawson Camion, Ida Heiz, Christine Rüfenacht; Leitung Christopher Schmidt.

Texte und Anmerkungen
Zur Einführung
Der gesungene Nachruf war einstmals die angemessene Form der Ehrung eines verstorbenen Musikers. Die uns erhaltenen Stücke, von denen unserem Programm drei zugrunde liegen, geben ein oft ergreifendes Bild der Zusammengehörigkeit grösser Komponisten und darüber hinaus auch ein Bild ihrer Haltung in der Frage nach dem Sinn von Leben und Tod.
                    Son dict finy, tous instruments cesserent,
                   Et sur ce poinct les chantres commencerent.
                   La Dufay, le bon homme survint,
                    Bunoys aussi et aultres plus de vingt,
                    Fede, Binchois, Barbingant et Donstable,
                    Pasquin, Lannoy, Barizon tresnotable,
                    Copin, Regis, Gille Joye et Constant...
                    Lors se chanta la messe de «Mi-Mi».
Diese Verse aus dem langen Trauergedicht für Johannes Ockeghem vom Dichter-Musiker Guillaume Cretin, wie auch die von Ockeghems Schüler Josquin des Pres vertonte «Deploration», welche die französischen Worte «Nymphes des bois» mit dem lateinischen «Requiem» verbindet, zeigen, wie hoch ein Komponist, der uns fast nur als Name bekannt ist, geschätzt und als Lehrer verehrt wurde. Der erste und zweite Teil des Programms ist darum Ockeghem, seinen Vorgängern und Schülern gewidmet. Die beiden gregorianischen Gesänge, das Graduale der Ostermesse und das der Totenmesse, sind melodisch verwandt, zum Teil sogar gleich. So wird durch die Melodik in der Feier für die Verstorbenen auf die Auferstehung hingewiesen. Ludwig Senfl hat seinen Lehrer Heinrich Isaac im autobiographischen Liede «Lust hab ich ghabt zuer Musica» geehrt, das wir im dritten Teil des Programms hören. Die dem Liede vorangestellte Fantasie des Lehrers ist mehr als ein Lehrstück; das musikalische «Wort» la-mi-la-sol wird in allen Lagen und Formen betrachtet und in vier Stimmen durchgeführt. Dasselbe geistreiche Spiel findet sich in Senfls Satz wieder.
Der vierte Teil des Programms führt ins 17. Jahrhundert. Im November 1630 besuchte Heinrich Schütz seinen kranken Freund Johann Hermann Schein, der ihn hat, den Episteltext 1. Timotheus 1, 15-17 für sein Begräbnis zu vertonen. Schütz nahm das Werk 1648 in etwas geänderter Form in seine Geistliche Chormusik auf. Aus der gleichen Sammlung stammt die Motette «Selig sind die Toten», die als «Nachruf» unser Programm beschliesst.]]></page>
<pb facs="CH_Bm_prg/pyr_CH_Bm_prg-0706.tif"/>
<page><![CDATA[﻿Aut dem	Graduale «Haec die*» der Ottermesse gregorianischen Choral	einstimmig a cappella
Haec dies, quam fecit Dominus: exultemus, et laetemur in ea.
Confitemini Domino, quoniam bonus: quoniam in saeculum misericordia ejus. Haec dies ...
 Dies ist der Tag, den der Herr gemacht; lasset uns freuen und fröhlich darinnen
 sein.
Danket dem Herrn; denn er ist freundlich, und seine Güte währet ewiglich. Dies ist der Tag... (Psalm 118, 24, 29)
lohn Dunstable	Motette «Quam pulchra et»
                             dreistimmig a cappella
Quam pulchra es et quam decora, carissima, in deliciis!
Statura tua assimilata est palmae et ubera tua botris.
Caput tuum ut Carmelus, collum tuum sicut turris eburnea.
Veni, dilecte mi, egrediamur in agrum et videamus si flores fructus parturiunt, si floruerunt mala Punica: ibi dabo tibi ubera mea. Alleluja.
 (Er) Wie schön du bist, wie hold, Geliebte, du Wonnevolle!
 Wie du dastehst, gleichst du der Palme und deine Brüste den Trauben.
 Dein Haupt ist gleich dem Karmel, dein Hals wie ein Turm von Elfenbein.
 (Sie) Komm, mein Geliebter, hinaus auf die Flur; schauen wir aus, ob die Blüten Früchte treiben, ob die Granaten im Bluste stehn. Dort will ich dir meine Brüste schenken. Alleluia.
(Hohes Lied 7, 4-7 und 11)
Jakob Obrecht
Motette «Laudes Christo»
vierstimmig a cappella
Laudes Christo redemptori Voce modulemur supplici:
In hac die rerum natura Jubilans personet immensas Filio Dei gratias:
In ara crucis hostiam Se pro nobis Christus obtulit Deo patri, morte sua Nostra mortificans crimina: Alleluia, alleluia, alleluia.
Lobpreis Christus dem Erlöser wollen wir anstimmen mit flehendem Mund; heute lasse die Natur jubelnd unendlichen Dank dem Sohn Gottes erklingen.
Auf dem Kreuzesaltar hat Christus sich für uns als Opferlamm dargebracht Gott, dem Vater, durch seinen Tod unsere Sünden vernichtigend. Alleluia, Alleluia, Alleluia.

Johanns! Ockeghem
«Sanctus» aus der Messe Mi-Mi
vierstimmig a cappella
Sanctus, Sanctus, Sanctus Dominus Deus Sabaoth, pleni sunt coeli et terra gloria tua.
Hosanna in excelsis! Benedictus qui venit in nomine Domini.
Hosanna in excelsis!
Heilig, heilig, heilig ist der Herr Zebaoth; alle Lande sind deiner Ehren voll.	(Jesaja 6, 3)
Hosanna in der Höhe! Hochgelobt sei, der da kommt im Namen des Herrn. Hosanna in der Höhe! (Psalm 118, 26)
Aus dem	Graduale «Requiem aeternam» der Totenmesse
gregorianischen Choral einstimmig a cappella
Requiem aeternam dona eis Domine: et lux perpetua luceat eis. In memoria aeterna erit justus: ab auditione mala non timebit.
Bequiem aeternam ...
Ewige Ruhe schenke ihnen, Herr, immerwährendes Licht leuchte ihnen. Der Gerechte bleibt in ewigem Gedenken, vor schlimmer Kunde braucht er nicht zu bangen.
Ewige Ruhe ...	(Psalm 112, 6-7)
Josquin des Pr6s
Deploration de Jehan Ockeghem «Requiem» -«Nymphes des bois» fünfstimmig a cappella
 Nymphes des bois, deesses des fontaines,
 | Chantres expers de toutes nations,
 Changez vos voix fort claires et haultaines En cris tranchants et lamentations:
 Car d’Atropos la molestation
Vostre Ockeghem par sa rigueur attrappe,
 Le vrai tresoir de musique et chcf d’ceuvre, Qui de trepas desormais plus n’echappe.
Dont grand doumage est que la terre coeuvre, Accoustrez-vous d’hahits de deuil,
Josquin, Brumel, Pierchon, Compere.
 Et plorez grosses larmes d’ceuil.
Perdu avez vostre bon pere.
Bequiem aeternam dona eis, Domine: et lux aeterna luceat eis. Requieacat in pace. Amen.]]></page>
<pb facs="CH_Bm_prg/pyr_CH_Bm_prg-0707.tif"/>
<page><![CDATA[﻿               Nymphen in Hainen und Göttinnen der Quellen,
                Und ihr, feine Sänger aller Völker,
               stimmt eure hell und hoch tönenden Lieder um
                in gellende Schreie und Wehklagen:
                denn die Anfeindung der Todesgöttin ’)
               packt euren Ockeghem mit aller Schärfe,
                den Schatz und Inbegriff eurer Kunst;
              dem Tode kann er nimmermehr entrinnen.
               Deshalb kommt grosses Unglück über die Erde.
              Vermummt euch in Trauergewandung,
               Josquin, Brumel, Pierchon, Compere.
               Vergiesset Ströme von Tränen.
                Verloren habt ihr euren guten Vater.
*) eigentlich eine der drei Parzen, «die Unerbittliche».
Pierre de la Ru*	Motette «Sicut cervu« desiderat»
                              vierstimmig a cappella
Sicut cervus desiderat ad fontes aquarum, ita desiderat anima mea ad te Deus.
Sitivit anima mea ad Deum vivum: quando veniam et apparebo ante faciem Dei mei?
Fuerunt lacrimae meae panes die ac nocte, dum dicitur mihi per singulos dies: Ubi est Deus tuus?
Wie der Hirsch schreiet nach frischem Wasser, so schreiet meine Seele, Gott, nach Dir.
Meine Seele dürstet nach Gott, nach dem lebendigen Gott. Wann werde ich dahin kommen, dass ich Gottes Angesicht schaue?
Meine Tränen sind meine Speise Tag und Nacht, weil man täglich zu mir sagt: «Wo ist nun dein Gott?»
(Psalm 42)
Loyset Compire
Motette «O vos omnes»
dreistimmig a cappella
0 vos omnes, qui transitis per viam, attendite et videte si est dolor similis sicut dolor meus.
Euch sage ich allen, die ihr vorüber-gehet: schauet doch und Behet, ob irgend ein Schmerz sei wie mein Schmerz.
(Klagelieder 1, 12)

Ludwig Senfl
Liedsatz «Lust hab ich ghabt zuer Musica»
vierstimmig, Singstimmen mit Instrumenten
1.	Lust hab ich ghabt zuer Musica Von Jugend auf wie noch bisher Von erst ut, re, mi, fa, sol, la Geübt, darnach durch weiter Lehr’ Kam es darzue,
   Dass ich kein Rueh Mehr haben mocht’; dann nur im Gsang Stuend mein Begier.
   Da half nichts für;
   Aus dem erfolgt der erst’ Anfang.
^2. Und bald *) ich das ergriffen hätt’, Dass ich kunnt’ von mir selber wohl Den Gsang verstehn, darnach ich tat Mehr fragen, wie dann einer soll, Dem solichs liebt *)
   Und sich selbs üebt,
   Dass er erlang’ den rechten Grund. Hueb mich darzue Spat und auch frue,
   Ze dienen wohl, wie ich nur kunnt’,
  3.	Dem Herren mein mit ganzem Fleiss, Daran er dann ein Gfallen trueg.
  Es schicket sich mit solcher Weis’, Dass er mir gab zue schreiben gnueg. Was von ihm gmacht,
  Ward wohl betracht’t,
  Darnach ich mich auch richten sollt’.
  Das gfiel mir sehr
  Weil er stets mehr
  Mir zeigen tat, was ich nur wollt’.
  4.	Wie er mit seinem Namen gnannt, Dag tue ich nachher melden schon ’) Er ist in aller Welt bekannt.
  Lieblich an Kunst, fröhlich im Ton Sein Melodei
  Was gstellt gar frei.
  Dorab man sich verwundern tat.
  Es was guet Ding,
  Zue singen ring,
  Künstlich darzue die Gnad’ es hätt.
                         5.	Isaac, das was der Name sein.
                          Halt’ wohl, es werd’ vergessen nit,
                        Wie er sein Kompositz so fein Und klar hat gsetzt, darzue auch mit Mensur 4) geziert.
                         Dardurch probiert6),
                        Noch heutige Tags sein Lob und Kunst Verhanden ist.
                          Herr Jesus Christ,
                          Teil" ihm dort mit göttlicher Gunst!
l) sobald, *) gefällt, 3) wie es sich gehört, 4) mit aller rhythmischen Feinheit, 5) erwiesen, bewährt.
Johann Hermann Schein Motette «Wende dich, Herr, und sei mir gnädig»
  fünfstimmig a cappella
                Wende dich, Herr, und sei mir gnädig,
               denn ich bin einsam und elend. Die Angst
                meines Herzens ist gross; führe mich aus
               meinen Nöten! Siehe an meinen Jammer und Elend
               und vergib mir alle meine Sünde. (Psalm 25, 16—18)]]></page>
<pb facs="CH_Bm_prg/pyr_CH_Bm_prg-0708.tif"/>
<page><![CDATA[﻿Heinrich Schütz	Motette «Da* ist je gewitslich wahr»
sechsstimmig a cappella
                Das ist je gewisslich wahr und ein teuer wertes Wort, dass Christus Jesus kommen ist in die Welt, die Sünder selig zu machen, unter welchen ich der fürnehmste *) bin. Aber darum ist mir Barmherzigkeit widerfahren, auf dass an mir fürnehmlich Jesus Christus erzeigete alle Geduld zum Exempel denen, die an ihn glauben sollen zum ewigen Leben. Gott dem ewigen Könige, dem Unvergänglichen und Unsichtbaren und allein Weisen, sei Ehre und Preis in Ewigkeit! Amen.
(1. Timotheus 1, 15-17)
’) der grösste.
Heinrich Schütz	Motette «Selig tind die Toten»
sechsstimmig a cappella
                Selig sind die Toten, die in dem Herren sterben, von nun an. Ja, der Geist spricht:
Sie ruhen von ihrer Arbeit und ihre Werke
           folgen ihnen nach.	(Offenbarung 14, 13)]]></page>
       
        </p>
    </body>
  </text>
</TEI>
