<?xml version="1.0" encoding="UTF-8"?>
<?xml-model href="http://www.tei-c.org/release/xml/tei/custom/schema/relaxng/tei_all.rng" schematypens="http://relaxng.org/ns/structure/1.0"?>
<TEI xmlns="http://www.tei-c.org/ns/1.0">
  <teiHeader>
    <fileDesc>
        <titleStmt>
            <title>BASEL</title>
        </titleStmt>
        <editionStmt>
            <edition>TEI P5.1 Edition</edition>
            <respStmt>
                <resp>
                    <persName>Claudio Bacciagaluppi</persName>
                    <persName>Laurent Pugin</persName>
                    <persName>Rodolfo Zitellini</persName>
                    <date when="2016-01">Janvier 2016</date>
                </resp>
                <name>Bureau Suisse du RISM</name>
            </respStmt>
        </editionStmt>
        <publicationStmt>
            <publisher><orgName xml:base="http://www.rism-ch.org">Bureau Suisse du RISM</orgName></publisher>
        </publicationStmt>
	    <seriesStmt>
	     <idno type="collection">ch_famb</idno>
	    </seriesStmt>
      <sourceDesc>
		<bibl>
        <title>Concert<date when="19811110">10/11/1981</date></title>
<series>Concert</series>
<placeName>Basel, Grosser Saal der Musik-Akademie</placeName>
<orgName role="holding">Archiv des Vereins Freunde alter Musik Basel; <link target="http://famb.ch/"/></orgName>

		</bibl>
      </sourceDesc>
    </fileDesc>
  </teiHeader>
  <text>
    <body>
        <p> <!-- all the content of the program in one paragraph -->
            <pb facs="CH_Bm_prg/pyr_CH_Bm_prg-1515.tif"/>
<date when="19811110"/>
<name key="Anonymus" type="person" role="cmp">Anonymus</name>
<name key="Godrich, von Finchale " type="person" role="cmp">Godrich, von Finchale </name>
<name key="Power, Lionel" type="person" role="cmp">Power, Lionel</name>
<name key="Dunstaple, John" type="person" role="cmp">Dunstaple, John</name>
<name key="Fayrfax, Robert" type="person" role="cmp">Fayrfax, Robert</name>
<name key="Sheryngham" type="person" role="cmp">Sheryngham</name><name key="James, David" type="person" role="int">James, David</name>
<name key="Elliott, Paul" type="person" role="int">Elliott, Paul</name>
<name key="Nixon, Leigh" type="person" role="int">Nixon, Leigh</name>
<name key="Hillier, Paul" type="person" role="int">Hillier, Paul</name><title>Concert</title>
<placeName key="Basel, Grosser Saal der Musik-Akademie"/>
<name key="Concert" type="series"/>
<page><![CDATA[﻿FREUNDE ALTER MUSIK IN BASEL
1.	Konzert
Dienstag, 10. und Mittwoch, 11. November 1981 jeweils 20.15 Uhr
im Grossen Saal der Musik-Akademie
THE HILLIARD ENSEMBLE
David James Paul Elliott Leigh Nixon Paul Hillier
Countertenor
Tenor
Tenor
Bariton
               Programm: Fr. 1.—
]]></page>
<pb facs="CH_Bm_prg/pyr_CH_Bm_prg-1516.tif"/>
<page><![CDATA[﻿GLORIA (anonymus 14. Jh.)
 Ehre sei Gott in der Höhe. Und auf Erden Friede den Menschen, die guten Willens sind. Wir loben Dich. Wir preisen Dich. Wir beten Dich an. Wir verherrlichen Dich. Wir sagen Dir Dank ob Deiner grossen Herrlichkeit. Herr und Gott, König des Himmels, Gott allmächtiger Vater. Herr Jesus Christus, eingeborener Sohn. Herr und Gott, Lamm Gottes, Sohn des Vaters. Du nimmst hinweg die Sünden der Welt, erbarme Dich unser. Du nimmst hinweg die Sünden der Welt, nimm unser Flehen gnädig auf.
 Du sitzest zur Rechten des Vaters: erbarme Dich unser. Denn Du allein bist der Heilige. Du allein der Herr. Du allein der Höchste. Jesus Christus. Mit dem Heiligen Geiste, in der Herrlichkeit Gottes des Vaters. Amen.
 St. Godric (gest. 1170) drei Gesänge
 Sainte Marie viergene
 (l)Heilige Jungfrau Maria, Mutter Jesu Christi des Nazareners, nimm mich auf. Beschütze deinen Godrich und helfe ihm; wenn du ihn aufgenommen hast, nimm ihn in Ehren mit dir in Gottes Königreich.
 Crist and Sainte Marie
   Kyrieleison, Christe eleison [Gott, erbarme dich, Christus, erbarme dich]. Christus und die Heilige Maria brachten mich so zum Altar, damit ich nicht mit blossen Füssen auf dieser Erde schreite.
(2)Heilige Maria, Christi Schlafgemach
   (Jungfräuliche Reinheit, Blume der Mütter), tilge meine Sünde,regiere in meinem Geist^^ führe mich zur Glückseligkeit mit dem wahren Gott.
 Sainte Nicholas, Godes druth
   Heiliger Nikolaus, Liebling Gottes, bereite
   uns gnädig herrliche Wohnsitze.
   Durch die Verdienste deiner Geburt,
                                                              0
   durch die Verdienste deines Todes,
   Heiliger Nikolaus, bringe uns sicher dorthin.
 Singularis laudis digna (anonymus 14. Jh.)
 Ein religiöses, aber auch ein politisches Lied aus der Zeit der kriegerischen Auseinandersetzungen zwischen England und Frankreich im 14. Jahrhundert.
 Stond wel moder under roode (Sequenz, anonymus spätes 13. Jh.)
 Christus: "Harre aus, Mutter, unter dem Kreuz, sieh deinen Sohn mit frohem Sinn; sei eine glückliche Mutter."
Maria: "Sohn, kann ich froh hier stehen?
          Ich sehe deine Füsse, deine Hände an das harte Holz genagelt."
 Christus: "Mutter, lass dein Weinen; ich erleide diesen Tod zum Heil der Menschheit -für meine eigene Schuld sterbe ich nicht."
Maria: 'Sohn, ich fühle die Qualen des Todes, das Schwert, das Simon mir versprach, steckt tief in meinem Herzen."]]></page>
<pb facs="CH_Bm_prg/pyr_CH_Bm_prg-1517.tif"/>
<page><![CDATA[﻿Christus: "Mutter, erbarme dich deines Kindes.
          Wasch deine blutigen Tränen fort, die mich mehr quälen als mein Tod."
Maria: "Sohn, wie könnte ich mich der Tränen enthalten? Ich sehe Blutströme von deinem Herzen zu meinen Füssen laufen."
Christus: "Mutter, nun kann ich dir sagen, es ist besser, dass ich allein sterbe, als dass die ganze Menschheit zur Hölle fährt."
Maria: "Sohn, ich sehe, wie dein Körper geschlagen wird, deine Brust, deine Füsse, deine Hände durchstochen, es ist kein Wunder, dass ich unglücklich bin."
Christus: "Mutter, darf ich dir sagen, dass,
          wenn ich nicht sterbe, du zur Hölle fährst. Ich erleide diesen Tod für dich."
Maria: "Sohn, du bist so rücksichtsvoll; tadele mich nicht, es ist meine Natur, dass ich dies Leid für dich zeige."
Christus: "Danke, Mutter. Lass mich sterben, um Adam und die verlorene Menschheit aus der Hölle freizukaufen."
Maria: "Sohn, was soll ich tun? Deine Folter quält mich zu Tode, lass mich vor dir sterben."
Christus:
Maria:
"Mutter, nun kannst du zum ersten Mal erfahren, was für Schmerzen die erleiden, die Kinder gebären und was für Kummer die, die ein Kind verlieren."
"Sohn, ich weiss, ich kann dir davon berichten - ich kenne keinen grösseren Schmerz, es sei denn den Höllenschmerz."
Christus:
Maria:
"Mutter, erbarme dich der Aengste der Mütter, nun, da du etwas über das Wesen einer Mutter weisst, obwohl du eine reine Jungfrau bist."
"Sohn, hilf all denjenigen, die mich anrufen, Mädchen, Frau und törichtes Weib.
Christus: "Mutter, ich kann nicht länger bleiben, die Zeit ist gekommen, dass ich zur Hölle fahre, ich werde am dritten Tag auferstehen."
J&ria: "Sohn, ich gehe mit dir. Ich sterbe in der Tat an deinen Wunden, nie war ein Tod so schmerzensreich."
Als er auferstand, liess dein Schmerz nach; dein Glück erwachte am dritten Tag, dann warst du wirklich eine glückliche Mutter. Mutter, um desselben Glückes willen, flehe unseren Gott an, unsere Sünden zu erlassen, sei unser Schutz gegen unseren Feind.
Gelobt seist du, Himmelskönigin, führe uns aus den Flammen der Hölle, durch die Macht deines kostbaren Sohnes. Mutter, um des edlen Blutes willen, das er am Kreuz vergossen hat, führe uns ins Licht des Himmels. Amen.]]></page>
<pb facs="CH_Bm_prg/pyr_CH_Bm_prg-1518.tif"/>
<page><![CDATA[﻿Thomas gemma / Thomas cesus (Motette, anonymus 14. Jh.)
Die beiden gleichzeitig gesungenen Texte preisen den Heiligen Thomas von Canterbury bzw. den Mönch Thomas de la Haie, der bei einem französischen Angriff auf die Benediktinerabtei von St. Martin in Dover 1295 getötet wurde.
Lullay; Als I lay on Yoolis night (Carol, anonymus 14. Jh.)
Eiapopeia, eiapopeia, meine liebe Mutter, sing eiapopeia
(1)Als ich in der Weihnachtsnacht allein	(2)Die junge Frau wollte ihr Kind ohne
    in meiner Sehnsucht dalag, schien es mir als ob ich etwas sehr Schönes sähe, ein Mädchen, das sein Kind wiegte.
 (3)"Sing jetzt, Mutter", sagte das Kind, "davon, was mir die Zukunft bringt, denn alle Mütter tun das.
 (5)Süsse Mutter, lieb und gnädig, weil
    das so ist, bitte ich dich, mich in den Schlaf zu wiegen und mir etwas zu singen.
 (7)Er grüsste mich höflich, kniend,
    und sagte: ’Gegrüsset seist du, Maria, voll der Gnade. Gott ist mit dir, du wirst den Messias gebären'.
 (9)'Der Heilige Geist wird alles tun', sagte er ohne Zögern, und dass ich der Menschheit Segen und Gottes Sohn gebären sollte.
 (ll)Er sagte, dass Elisabeth, die bis
    dahin unfruchtbar gewesen war, einen Knaben empfangen hatte - 'schenk mir desto mehr Glauben'.
 (13)Wie er gesagt hatte, gebar ich dich in einer Nacht mitten im Winter, in Jungfräulichkeit, ohne Schmerzen, durch die Gnade des allmächtigen Gottes.
 (15)Süsser Sohn, ich kann dir wirklich nicht mehr erzählen, und wenn ich es könnte, täte ich mit Freude alles erzählen, was du dir wünschst."
    Schlaflied ins Bett bringen; das Kind fühlte sich
    betrogen und bat seine Mutter zu singen.
%
 (4)Jede Mutter, fürwahr, die weiss, wie man über eine Wiege wacht, ist daran gewöhnt, ihr Kind lieblich in den Schlaf zu singen.
 (6)"Süsser Sohn", sagte sie, "wovon soll ich singen? Ich wusste nie mehr über dich als Gabriels Gruss.
 (8)Ich war sehr erstaunt, denn ich wollte ja gar keinen Ehemann. 'Maria', sagte er, 'fürchte dich nicht, lass nur Gott walten' .
 (10)Er sagte: 'Du sollst einen König
    auf König Davids Thron gebären, über das Haus Jakob soll er regieren'.
 (12)Ich antwortete froh, da seine Worte mir gefielen: 'Siehe, hier bin ich,
Gottes Dienerin, es sei, wie du mir gesagt
                                          hast'.
 (14)Wo Schäfer im Hochlande wachten,
    hörten sie einen wundersamen Engelsgesang, der ihnen die Botschaft von deiner Geburt brachte.
 (16)Dies Schauspiel sah ich wirklich, ich hörte dies Lied, als ich am Weihnachtstag allein lag in meiner Sehnsucht.]]></page>
<pb facs="CH_Bm_prg/pyr_CH_Bm_prg-1519.tif"/>
<page><![CDATA[﻿Tu civium primas / O cuius vita fulsit / Congaudens super te / Tu celestium prias (4-stimmige und 4-textige Motette, anonymus 14. Jh.)
Salve Regina Leonei Power (gest. 1445)
Gegrüsst seist Du, Königin des Mitleids,
Unser Leben, Liebe und Hoffnung, sei gegrüsst!
Wir, die verbannten Söhne Evas, rufen Dich,
Zu Dir seufzen wir, klagend und weinend,
In diesem Tal der Tränen.
Darum bitten wir Dich, unsere FürSprecherin,
Wende Deine mitleidsvollen Augen auf uns,
Und zeige uns Jesum, die gesegnete Frucht Deines Leibes, Nach dieser Verbannung.
Jungfrau, Mutter der Kirche,
Ewiges Tor zur Herrlichkeit,
Sei unsere Zuflucht
Vor dem Vater und dem Sohn.
Oh Mitleidsvolle I
Mitleidsvolle Jungfrau, fromme Jungfrau,
Süsse Jungfrau, oh Maria!
Erhöre die Gebete aller,
Die Dich fromm anrufen.
Oh Fromme!
Ergiesse Gebete an Deinen Sohn,
Den Gekreuzigten, Verwundeten,
Der für uns gegeisselt wurde,
Von Dornen durchstochen, gezwungen, Gift zu trinken,
Oh süsse Maria!
Salve scema sanctitatis / Salve salus servulo John Dunstable (um 1380-1453)
Diese Motette an die heilige Katharina (der Königin Katharina zu Ehren, der Frau Heinrichs V.) besteht aus drei Teilen, deren Länge genau in der Proportion 3:2:1 steht. Jeder Teil hat noch einmal zwei Abschnitte, wovon der zweite jeweils eine exakte Wiederholung der Rhythmik, aber nicht der Melodik des ersten Abschnitts darstellt.
                   PAUSE
Tappster! Dryngker! (anonymus 15. Jh.)
"Gib uns noch ein Bier!" - "Ist hier!"
Gott geb uns gutes Bier.
Trinke, trinke, hier kann man das Bier preisen. Trink auf mich wie ich auf dich und lass den Becher kreisen.]]></page>
<pb facs="CH_Bm_prg/pyr_CH_Bm_prg-1520.tif"/>
<page><![CDATA[﻿Go hert, hurt with adversite (anonymus 15. Jh.)
Geh, Herz, vom Unglück verletzt, und lass meine Dame deine Wunden sehen, und sag ihr dies: Lebwohl, meine Freude; Schmerz, sei willkommen, bis ich meine Dame wiedersehe.
Now wolde y fayn sum merthis mak (Carol, anonymus 15. Jh.)
(l)Nun möchte ich gern fröhlich sein, das nur meiner Dame wegen, wenn ich sie sehe.
  Jetzt bin ich so weit von ihr; es kann nicht sein.
(3)Wenn sie fröhlich ist, bin ich froh, ist sie traurig, bin ich es auch, und dies ist der Grund: es gibt niemanden, der sie so liebt wie ich.
(2)Obwohl so weit von ihr entfernt,
  bin ich doch Tag und Nacht ihr Freund und werde es bleiben. Deshalb möchte ich, dass sie mich ebenso liebt wie ich sie.
*
(4)Sie sagt, sie habe etwas gelesen, wie "Aus den Augen, aus dem Sinn"; es ist so nicht, denn in gutem Glauben sehe nur sie, ich liebe niemanden mehr.
(5)Wofür ich bete Tag und Nacht: dass sie alle Sorgen vergessen und in Frieden leben möge und dass sie immer, wo sie auch sei, mich am liebsten habe.
(6)Und dass ich ihr immer treu bleibe, und mir nie eine andere suche bis an mein Ende, und dass ich immer in ihren Diensten stehe.
0	potores exquisiti (anonymus 1,5. Jh.)
Dieses lateinische Trinklied ist nicht nur in einer englischen Handschrift erhalten sondern auch in der bekannten Sammlung Carmina burana. Der Text ermuntert die Zecher und beschimpft alle diejenigen, die nicht mittrinken wollen (Str. 1-3) . In den Strophen 4-7 wird das Mischen von Wasser und Wein verurteilt, da die Königin der Meere für Bacchus keine würdige Braut sei. Bacchus allein hat die Kraft, den Menschen von Kummer und Schmerzen zu befreien (8. Str.).
Ecce quod natura (Carol, anonymus 15. Jh.)
"Siehe da, die Natur hat ihre Gesetze geändert, eine Jungfrau hat den Gottessohn geboren. .. . "
Madame defrain (anonymus aus dem Fayrfax-Manuskript, um 1500)
(1) Madame, lasst mich los!	(2)Ich würde mich sehr gern
  Ihr fügt mir	bei Euch beklagen,
  nur Kummer zu.	damit Ihr mir von meinem Schmerz
                                                abhelfen könnt.]]></page>
<pb facs="CH_Bm_prg/pyr_CH_Bm_prg-1521.tif"/>
<page><![CDATA[﻿(4)Ich habe mich mit guten Absichten Euch zugewandt, mein Herz ist von aufrichtigen Gefühlen erfüllt.
   Ich bin froh
   so mein Leben zu verbringen, obwohl ich verwirrt bin, alles andere will ich vermeiden.
Most clear of colour Robert Fayrfax [1464-1521]
Sie hat ein ganz klares Gesicht, ist ein Quell von Standhaftigkeit, ihr Benehmen ist von Tugend geleitet, damit will ich singen von ihrer Güte, ihrer Schönheit und Fraulichkeit.
Sie ist der hellste Spiegel, eine anmutige Blume,
das weiss ein jeder, mehr oder weniger gut.
Diese Tugenden sind in ihr eingeprägt.
Ah gentill Jhesu (Carol Sheryngham, um 1500)
"Oh, lieber Jesul"
"Wer ruft mich da?"
"Ich, ein Sünder, der oft fehlt."
"Was möchtest du?"
"Gnade, Herr, nach dir verlange ich."
"Wie, liebst du mich?"
"Ja, meinen Schöpfer nenne ich dich."
"Dann lasse ab von deinen Sünden, oder ich werde dich verwerfen, und bedenke die Lehre, die ich dir jetzt erteile."
"Oh, das werde ich, das werde ich, lieber Jesu."
"Ans Kreuz genagelt wurde ich, erlitt den Tod um dich zu erlösen, entsage deiner Sünde, Mensch, um meiner Liebe willen.
Bereue, beichte alles.
Zerknirschten Herzen erteile ich Vergebung.
Sei nicht verzweifelt, denn ich bin nicht rachsüchtig.
Gegen geistige Feinde denk an meine Passion, warum bist du trotzig, da ich gnädig bin?
Das Blut aus meinen Wunden läuft
am Kreuz herunter,
sieh es gut an und hab Erbarmen.
Die Dornenkrone, die Lanze, die drei Nägel zerstachen empört Hände und Füsse.
Mein Herz ist zerrissen für deine Erlösung.
Lass uns zwei nun darin folgsam sein:
Liebe gegen Liebe im gerechten Bund.
Warum bist du trotzig, wenn ich gnädig bin?
]]></page>
<pb facs="CH_Bm_prg/pyr_CH_Bm_prg-1522.tif"/>
<page><![CDATA[﻿Ich hatte mit Petrus und Magdalena Mitleid, mit dir, der du zerknirscht bist.
Der Heilige Thomas legte
seine Hände vor Ungläubigkeit in meine Seite.
Versteh dies, grabe es in dein Gedächtnis ein.
Da ich freundlich bin, warum wankest du?
Mein Blut ist beste Medizin für deine Uebertretungen.
Sei du nicht trotzig, da ich gnädig bin.
Denk noch einmal, Stolzer, an meine Erniedrigung, komm zur Schule, behalte diese Lehre gut:
Gegen falschen Neid denke an meine Nächstenliebe, an mein Blut, das Tropfen für Tropfen geopfert wurde. Warum tat ich dies?
Um dich vor dem Gefängnis zu schützen.
Vor dein Herz häng diese kleine Inschrift, süsser als Salbe, gegen geistiges Gift:
Fürchte dich nicht, da ich gnädig bin."
"Herr, alle Sünder, die hier knien,
erinnern sich, mit demütiger Liebe, deines Todes.
Oh Jesu,gib in deiner Güte,
dass deine fünf Brunnen, die reichlich fHessen, genannt deine fünf Wunden,
uns alle von tadelnswerter Uebersättigung reinwaschen. Nun, um deiner Mutter sanfter Fürbitte willen, durch ihre Bitte, sei uns gnädig."
Verbum caro factum est (anonymus 15. Jh.)
                                                                                 o
Und das Wort ward Fleisch...., (Joh.1.14)
                                                Uebersetzung der englischen Texte A. Grob-Thabor
]]></page>
       
        </p>
    </body>
  </text>
</TEI>
