<?xml version="1.0" encoding="UTF-8"?>
<?xml-model href="http://www.tei-c.org/release/xml/tei/custom/schema/relaxng/tei_all.rng" schematypens="http://relaxng.org/ns/structure/1.0"?>
<TEI xmlns="http://www.tei-c.org/ns/1.0">
  <teiHeader>
    <fileDesc>
        <titleStmt>
            <title>BASEL</title>
        </titleStmt>
        <editionStmt>
            <edition>TEI P5.1 Edition</edition>
            <respStmt>
                <resp>
                    <persName>Claudio Bacciagaluppi</persName>
                    <persName>Laurent Pugin</persName>
                    <persName>Rodolfo Zitellini</persName>
                    <date when="2016-01">Janvier 2016</date>
                </resp>
                <name>Bureau Suisse du RISM</name>
            </respStmt>
        </editionStmt>
        <publicationStmt>
            <publisher><orgName xml:base="http://www.rism-ch.org">Bureau Suisse du RISM</orgName></publisher>
        </publicationStmt>
	    <seriesStmt>
	     <idno type="collection">ch_famb</idno>
	    </seriesStmt>
      <sourceDesc>
		<bibl>
        <title>Concert<date when="19440204">04/02/1944</date></title>
<series>Concert</series>
<placeName>Basel, Vortragssaal des Kunstmuseums</placeName>
<orgName role="holding">Archiv des Vereins Freunde alter Musik Basel; <link target="http://famb.ch/"/></orgName>

		</bibl>
      </sourceDesc>
    </fileDesc>
  </teiHeader>
  <text>
    <body>
        <p> <!-- all the content of the program in one paragraph -->
            <pb facs="CH_Bm_prg/pyr_CH_Bm_prg-0547.tif"/>
<date when="19440204"/>
<name key="Bach, Johann Sebastian" type="person" role="cmp">Bach, Johann Sebastian</name><name key="Wenzinger, August" type="person" role="int">Wenzinger, August</name>
<name key="Müller, Eduard" type="person" role="int">Müller, Eduard</name><title>Concert</title>
<placeName key="Basel, Vortragssaal des Kunstmuseums"/>
<name key="Concert" type="series"/>
<page><![CDATA[﻿A
Freunde alter Musik in Basel
    Uauskonzert
                                   Freitag, 4. Februar 1944,20.15 Uhr
                                 Vortragssaal des Kunstmuseums (Eingang Dufourstraße)
     SehoU Cantornm Basiliensis
                                    August Wenzinger (Viola da Gamba), Eduard Müller (Cembalo)
         Joh. Seb. Bach Die Sonaten für Viola da Gamba und Cembalo
           1685—1750
                                   Sonate G-dur
                                        Adagio — Allegro ma non tanto — Andante — Allegro moderato Sonate D-dur
                                       Adagio — Allegro — Andante — Allegro
                                   Sonate g-moll
                                        Vivace — Adagio — Allegro
          Programm 30 Cts	Viola da gamba Stainer, Absam; Cembalo Neupert
               Die Mitgliederkarte 1944 gilt als Ausweis zum freien Eintritt in die Hauskonzerte. Eintritt für Nichtmitglieder Fr. 3.30 im Vorverkauf bei Hug & Co. und an der Abendkasse. Jahresbeitrag für Freimitglieder Fr. 25.— (freier Eintritt zu allen Konzerten der F. A. M. B. mit Vorbezugsrecht), für Mitglieder Fr. 10.—, für Personen unter 20 Jahren, Studenten, interne Konservatoristen und Berufsschüler der Schola Cantorum Basiliensis Fr. 5.— (freier Eintritt zu den Hauskonzerten, Ermäßigung für die öffentlichen Konzerte)
                       Voranzeige: 2. Hauskonzert: Sonntag, 26. März 1944
                                      Ausführende: Gustav Scheck, Berlin (Blockflöte, Querflöte) Fritz Neumeyer, Berlin (Cembalo)
                                  Programm : Kammermusik von Telemann, Rameau, J. S. Bach und C. Ph. E. Bach
]]></page>
       
        </p>
    </body>
  </text>
</TEI>
