<?xml version="1.0" encoding="UTF-8"?>
<?xml-model href="http://www.tei-c.org/release/xml/tei/custom/schema/relaxng/tei_all.rng" schematypens="http://relaxng.org/ns/structure/1.0"?>
<TEI xmlns="http://www.tei-c.org/ns/1.0">
  <teiHeader>
    <fileDesc>
        <titleStmt>
            <title>BASEL</title>
        </titleStmt>
        <editionStmt>
            <edition>TEI P5.1 Edition</edition>
            <respStmt>
                <resp>
                    <persName>Claudio Bacciagaluppi</persName>
                    <persName>Laurent Pugin</persName>
                    <persName>Rodolfo Zitellini</persName>
                    <date when="2016-01">Janvier 2016</date>
                </resp>
                <name>Bureau Suisse du RISM</name>
            </respStmt>
        </editionStmt>
        <publicationStmt>
            <publisher><orgName xml:base="http://www.rism-ch.org">Bureau Suisse du RISM</orgName></publisher>
        </publicationStmt>
	    <seriesStmt>
	     <idno type="collection">ch_famb</idno>
	    </seriesStmt>
      <sourceDesc>
		<bibl>
        <title>Concert<date when="19631004">04/10/1963</date></title>
<series>Concert</series>
<placeName>Basel, Grosser Saal der Musik-Akademie</placeName>
<orgName role="holding">Archiv des Vereins Freunde alter Musik Basel; <link target="http://famb.ch/"/></orgName>

		</bibl>
      </sourceDesc>
    </fileDesc>
  </teiHeader>
  <text>
    <body>
        <p> <!-- all the content of the program in one paragraph -->
            <pb facs="CH_Bm_prg/pyr_CH_Bm_prg-1297.tif"/>
<date when="19631004"/>
<name key="Attaingnant, Pierre" type="person" role="cmp">Attaingnant, Pierre</name>
<name key="Anonymus" type="person" role="cmp">Anonymus</name>
<name key="Sermisy, Claudin de" type="person" role="cmp">Sermisy, Claudin de</name>
<name key="Susato, Tielman" type="person" role="cmp">Susato, Tielman</name>
<name key="Rore, Cipriano de" type="person" role="cmp">Rore, Cipriano de</name>
<name key="Bassano, Giovanni" type="person" role="cmp">Bassano, Giovanni</name>
<name key="Merulo, Claudio" type="person" role="cmp">Merulo, Claudio</name>
<name key="Ferrabosco, Alfonso (senior)" type="person" role="cmp">Ferrabosco, Alfonso (senior)</name>
<name key="Molinaro, Simone" type="person" role="cmp">Molinaro, Simone</name>
<name key="Phalèse, Pierre" type="person" role="cmp">Phalèse, Pierre</name><name key="Tarr, Edward H." type="person" role="int">Tarr, Edward H.</name>
<name key="Steinkopf, Otto" type="person" role="int">Steinkopf, Otto</name>
<name key="Rudin, Emil" type="person" role="int">Rudin, Emil</name>
<name key="Linde, Hans-Martin" type="person" role="int">Linde, Hans-Martin</name>
<name key="Wenzinger, August" type="person" role="int">Wenzinger, August</name>
<name key="Müller, Hannelore" type="person" role="int">Müller, Hannelore</name>
<name key="Majer, Marianne" type="person" role="int">Majer, Marianne</name>
<name key="Koch, Johannes" type="person" role="int">Koch, Johannes</name>
<name key="Dombois, Eugen M." type="person" role="int">Dombois, Eugen M.</name>
<name key="Müller, Eduard" type="person" role="int">Müller, Eduard</name><title>Concert</title>
<placeName key="Basel, Grosser Saal der Musik-Akademie"/>
<name key="Concert" type="series"/>
<page><![CDATA[﻿                             Steunfce alter fltufft in Bafel
                           1. Konzert
Freitag, 4. Oktober 1963, 20.15 Uhr im Großen Saal der Musik-Akademie
Kammermusik der Renaissance
                             Edward H. Tarr (Zink), Otto Steinkopf (Dulcian), Emil Rudin (Posaune) und die Konzertgruppe der Schola Cantorum Basiliensis: Hans-Martin \T k*itwmUü	Linde (Baß, BlockflötdjjCAugust Wenzinger, Hannelore Müller, Marianne
Majer, Johannes Koch (Viola da gamba-Quartett), Eugen M. Dombois (Laute), Eduard Müller (Cembalo)
Programm 50 Rappen Eintritt für Mitglieder frei. Karten für Nichtmitglieder zu Fr. 6.90 (Jugendliche unter 20 Jahren, Studenten und Berufsschüler der Musik-Akademie Fr. 4.—) bei Hug & Co., Freiestraße 70 a, und an der Abendkasse]]></page>
<pb facs="CH_Bm_prg/pyr_CH_Bm_prg-1298.tif"/>
<page><![CDATA[﻿PROGRAMM
1. Tanzsätze
 Pierre Attaingnant vor 1500 - um 1553
 Anonymus
 Pierre Attaingnant
 Pavane und Galliarde, vierstimmig (Bläser, Streicher, Laute, Cembalo)
 Welscher Tanz, dreistimmig
(Blockflöte, Viola da gamba, Laute)
 Pavane und Galliarde (Cembalo)
 Basse dance «La Magdalena» und Tourdion, vierstimmig (Bläser, Streicher, Laute, Cembalo)
3’
7'3o"
 4* Jo» 2' W
2.	Französische Chansons in verschiedenen Bearbeitungen
Claudin de Sermisy um 1490-1562
«Jouyssance vous donneray»
    a)	für Viola da gamba-Quartett
b)	für BltuliflMi) Viula du ymitoa, Laanj
    c)	für Cembalo
,Lcudtc ^ Jo*
          4'
Anonymus
«Amy souffres» (C. Marot)
a)	für Singstimme (Baß) und Laute
    b)	für Laute
    c)	für Cembalo
 * *
Anonymus
 «Le cueur est bon»
     a)	für Cembalo
b)	für Viola da gamba-Quartett
A'W
 Tilman Susato gest. nach 1561
 Basse dance «Le cueur est bon»
(Bläser, Streicher, Laute, Cembalo)
 Pause

3.	Italienische Madrigale, Ricercare und Canzonen
Cyprian de Rore 1516-1565
Giovanni Bassano um 1600
Claudio Merulo
1533-1604
Alfonso Ferrabosco (I) 1543-1588
Simone Molinaro um 1565 - nach 1613
Pierre Phalese
um 1510-1573 (?)
«Signor mio caro »	Q,
        (Viola da gamba-Quartett)
  Variation über «Signor mio caro» von C. de Rore,	3 *
   verzierte Oberstimme
        (Tenorviole und Cembalo)
   Ricercata Nr. 1 (Blockflöte)
   Canzone «La Bo via»
        a)	für Blockflöte, Zink, Dulcian, Posaune
       b)	für Cembalo
Vio"
 3
4.	Tanzsätze
Pavane für Laute	J'
Passamezzo für Laute	3 *
Pavane und Galliarde «des Dieux», vierstimmig	\ 1 (Bläser, Streicher, Laute, Cembalo)
Ungares ca und Saltarello, vierstimmig	\ 1 3ow (Blockflöte, Zink, Violen da gamba, Cembalo)
Branles de Poictou, vierstimmig	Q. *
     (Bläser, Streicher, Laute, Cembalo)]]></page>
<pb facs="CH_Bm_prg/pyr_CH_Bm_prg-1299.tif"/>
<page><![CDATA[﻿Clement Marot «Amy souffres»
Amy souffres qui ie vous ayme, Et ne me tenes la rigueur De me dire que vostre cueur Porte moy douleur extreme.
Erlaubt mir, Freundin, euch zu lieben, Und setzt mir so nicht zu mit Strenge, Daß ich bekenne: euer Herz Schafft mir das Äußerste an Qualen.
Die verwendeten Instrumente:
Zink Otto Steinkopf, Berlin / Dulcian Otto Steinkopf, Berlin / Tenorposaune, Kopie nach Erasmus Schnitzer, Nürnberg 1551, gebaut von Wilhelm Monke, Köln / Alt- und Tenorblockflöte Hans Conrad Fehr, Zürich / 1 Diskant- und 2 Tenorgamben Eugen Sprenger, Frankfurt a. M. / Baßgambe Joachim Tielke, Hamburg 1677 / Renaissance-Laute Hans Jordan, Markneukirchen / Cembalo, Kopie nach Andreas Rückers, Antwerpen 1623, gebaut von Martin Scholz, Pianohaus Wilhelm Rück, Nürnberg.]]></page>
       
        </p>
    </body>
  </text>
</TEI>
