<?xml version="1.0" encoding="UTF-8"?>
<?xml-model href="http://www.tei-c.org/release/xml/tei/custom/schema/relaxng/tei_all.rng" schematypens="http://relaxng.org/ns/structure/1.0"?>
<TEI xmlns="http://www.tei-c.org/ns/1.0">
  <teiHeader>
    <fileDesc>
        <titleStmt>
            <title>BASEL</title>
        </titleStmt>
        <editionStmt>
            <edition>TEI P5.1 Edition</edition>
            <respStmt>
                <resp>
                    <persName>Claudio Bacciagaluppi</persName>
                    <persName>Laurent Pugin</persName>
                    <persName>Rodolfo Zitellini</persName>
                    <date when="2016-01">Janvier 2016</date>
                </resp>
                <name>Bureau Suisse du RISM</name>
            </respStmt>
        </editionStmt>
        <publicationStmt>
            <publisher><orgName xml:base="http://www.rism-ch.org">Bureau Suisse du RISM</orgName></publisher>
        </publicationStmt>
	    <seriesStmt>
	     <idno type="collection">ch_famb</idno>
	    </seriesStmt>
      <sourceDesc>
		<bibl>
        <title>Concert<date when="19681203">03/12/1968</date></title>
<series>Concert</series>
<placeName>Basel, Hans Huber-Saal des Stadtcasinos Basel</placeName>
<orgName role="holding">Archiv des Vereins Freunde alter Musik Basel; <link target="http://famb.ch/"/></orgName>

		</bibl>
      </sourceDesc>
    </fileDesc>
  </teiHeader>
  <text>
    <body>
        <p> <!-- all the content of the program in one paragraph -->
            <pb facs="CH_Bm_prg/pyr_CH_Bm_prg-1783.tif"/>
<date when="19681203"/>
<name key="Couperin, François" type="person" role="cmp">Couperin, François</name>
<name key="Bach, Johann Christian" type="person" role="cmp">Bach, Johann Christian</name>
<name key="Bach, Carl Philipp Emmanuel" type="person" role="cmp">Bach, Carl Philipp Emanuel</name>
<name key="Bach, Wilhelm Friedemann" type="person" role="cmp">Bach, Wilhelm Friedemann</name><name key="Müller, Eduard" type="person" role="int">Müller, Eduard</name>
<name key="Goverts, Hans" type="person" role="int">Goverts, Hans</name><title>Concert</title>
<placeName key="Basel, Hans Huber-Saal des Stadtcasinos Basel"/>
<name key="Concert" type="series"/>
<page><![CDATA[﻿FREUNDE ALTEd MUSIK IN BASEL
2• KONZERT
Dienstag, 3* Dezember 1968, 20.15 Uhr im Hans Huber-Saal
MUSIK FUER ZWEI CEMBALI
Schola Cantorum Basiliensis: EDUARD MÜLLER, HANS GOVERTS
Programm 50 Rappen
Eintritt für Mitglieder frei.
Karten für Nichtmitglieder zu Fr. 6.90 (Jugendliche, Studenten und Berufsschüler der Musik-Akademie Fr. 4. — ) bei Hug & Co., Freie Strasse 70a, und an der Abendkasse. Umtausch der Nitoba-Lose bis 30. November nur bei Hug & Co.]]></page>
<pb facs="CH_Bm_prg/pyr_CH_Bm_prg-1784.tif"/>
<page><![CDATA[﻿           Programm
Fran<?ois Couperin	"L * Imperiale" (3me Ordre aus
1668-1733	"Les Nations”; Paris 1726)
                               L’Imperiale / Allemande / Courante / Sarabande / Bourrse / Gigue / Rondeau
Johann Christian Bach	Sonate G-d.ur, op. 15, Nr.5
1735-1782	London 1779)
                               Allegro - Tempo di Menuetto
Carl Philipp Bnanuel Bach Vier Duette (Wotquenne 115) 1714-1788
                                     B-d.ur
                                     F-d.ur
                                a-moll
                                     Es-d.ur
Wilhelm Friederiann Bach Concerto F-dur (um 1733)
1710-1784	/Ann	, A x ,
                                (Allegro moderato) /
                               Andante / Presto
Die verwendeten Instrumente
Zwei Konzertcembali Martin Scholz aus den Werkstätten von Hug & Co., Basel]]></page>
<pb facs="CH_Bm_prg/pyr_CH_Bm_prg-1785.tif"/>
<page><![CDATA[﻿]]></page>
       
        </p>
    </body>
  </text>
</TEI>
