<?xml version="1.0" encoding="UTF-8"?>
<?xml-model href="http://www.tei-c.org/release/xml/tei/custom/schema/relaxng/tei_all.rng" schematypens="http://relaxng.org/ns/structure/1.0"?>
<TEI xmlns="http://www.tei-c.org/ns/1.0">
  <teiHeader>
    <fileDesc>
        <titleStmt>
            <title>BASEL</title>
        </titleStmt>
        <editionStmt>
            <edition>TEI P5.1 Edition</edition>
            <respStmt>
                <resp>
                    <persName>Claudio Bacciagaluppi</persName>
                    <persName>Laurent Pugin</persName>
                    <persName>Rodolfo Zitellini</persName>
                    <date when="2016-01">Janvier 2016</date>
                </resp>
                <name>Bureau Suisse du RISM</name>
            </respStmt>
        </editionStmt>
        <publicationStmt>
            <publisher><orgName xml:base="http://www.rism-ch.org">Bureau Suisse du RISM</orgName></publisher>
        </publicationStmt>
	    <seriesStmt>
	     <idno type="collection">ch_famb</idno>
	    </seriesStmt>
      <sourceDesc>
		<bibl>
        <title>Concert<date when="19990420">20/04/1999</date></title>
<series>Concert</series>
<placeName>Basel, Hans Huber-Saal des Stadtcasinos Basel</placeName>
<orgName role="holding">Archiv des Vereins Freunde alter Musik Basel; <link target="http://famb.ch/"/></orgName>

		</bibl>
      </sourceDesc>
    </fileDesc>
  </teiHeader>
  <text>
    <body>
        <p> <!-- all the content of the program in one paragraph -->
            <pb facs="CH_Bm_prg/pyr_CH_Bm_prg-0972.tif"/>
<date when="19990420"/>
<name key="Chopin, Fryderyk Franciszek" type="person" role="cmp">Chopin, Fryderyk Franciszek</name><name key="Colliard, Gilles" type="person" role="int">Colliard, Gilles</name>
<name key="Coin, Christophe" type="person" role="int">Coin, Christophe</name>
<name key="Cohen, Patrick" type="person" role="int">Cohen, Patrick</name><title>Concert</title>
<placeName key="Basel, Hans Huber-Saal des Stadtcasinos Basel"/>
<name key="Concert" type="series"/>
<page><![CDATA[﻿Freunde alter Musik.S
      Dienstag, 20.4.99, 20.15 Uhr Casino Basel, Hans Huber-Saal
Konzert IV
   Kammermusik von Frederic Chopin
                   Kartenvorverkauf: Musik Hug AG Freie Strasse 70, Basel Tel. 061-272 33 95
Basel
]]></page>
<pb facs="CH_Bm_prg/pyr_CH_Bm_prg-0973.tif"/>
<page><![CDATA[﻿Am 17. Oktober 1999 jährt sich Chopins Todestag zum 150. Mal, und die FREUNDE ALTER MUSIK nehmen dies zum Anlass, einmal nicht das Klavierwerk, sondern die viel seltener gespielte Kammermusik zu Gehör zu bringen. In Chopins CEuvre ist dies eine kleine Werkgruppe, zu der neben den heute abend gespielten Werken nur noch das Grand Duo concertant für Violoncello und Klavier E-Dur und die Varialions pour la flute avec accompognement de piano gehören. Zwei der Stücke - das Trio in g-moll und die Polonaise brillante - schrieb der neunzehnjährige Komponist in seiner Warschauer Jugendzeit, und beide sind „Salonmusik” in des Wortes eigentlicher Bedeutung: Sie waren für das gesellige Musizieren im Hause des Fürsten Radziwill bestimmt, eines einflussreichen Staatsmannes und Statthalters der damaligen Preussen-Provinz Posen. Fürst Radziwill war ein grösser Musikfreund, selbst Sänger, Cellist und Komponist einer „Faust"-Musik, die 1 820 von der Berliner Singakademie unter Karl Friedrich Zelter uraufgeführt worden war und dort in regelmässigen Abständen Wiederaufführungen erlebte. Im übrigen war es das Warschauer Stadtpalais des Fürsten gewesen, in dem Chopin als Achtjähriger sein erstes öffentliches Konzert gegeben hatte. Als gern gesehenem Gast der Familie galt Chopins besondere Bewunderung der Tochter Wanda, einer begabten Pianistin. Für sie und den cellospielenden Hausherrn schrieb er seine Polonaise brillante op. 3 in C-Dur, einen ausgesprochenen Reisser, in dem er nicht nur dem polnischen genius loci seine Reverenz erwies: „Ich habe," schreibt er über dieses ganz auf Wirkung angelegte Stück an seinen Schulfreund Titus Wojciecnowsky, „während meines Besuches bei dem Fürsten Radziwill Alla Polacca' mit Violoncello geschrieben. Es ist dies nichts weiter als ein brillantes Salonstück, so recht für Damen. Ich möchte gern, daß die Fürstin Wanda sie einstudierte. Es soll so heissen, als ob ich ihr Stunden gegeben hätte. Sie ist erst siebzehn Jahre alt, schön, und es wäre eine Wonne, ihre zierlichen Fingerauf die Tasten setzen zu dürfen".
        Auch das 1 828/29 entstandene Trio in g-moll op. 8 für Klavier, Violine und Violoncello schrieb Chopin für den privaten Rahmen der Radziwillschen Hausmusik; bei der 1833 erfolgten Drucklegung widmete er es „Ä son Altesse Monsieur le Prince Antoine Radziwill." Das Stück - eher ein Klavierwerk mit begleitenden Streichern - hat unter den Liebhabern der Kammermusik nicht nur Freunde gefunden. Denn zum einen ist das konzertierende Gespräch der beteiligten Stimmen zum Nachteil der Streicher nicht eben ausgeprägt, und zum anderen lässt der Komponist die Fähigkeit der Violine, in den höheren Lagen zu strahlen, nahezu ungenutzt. Chopin muß diese dunkle Klangfärbung aber beabsichtigt haben, denn er dachte später daran, die Violinstimme zu einem Bratschenpart umzuschreiben.
         Auch Robert Schumann, Chopin-Enthusiast der ersten Stunde, liebte das Stück so, wie es war. Zwar räumte er ein, dass das Trio ein Jugendwerk sei, „wo er dem pianistischen Virtuosen noch etwas Vorrecht einräumte." Trotzdem sei es ganz von Chopins
echter Künstlernatur geprägt: „Ist es nicht so edel als möglich, s^^ schwärn^kch wie noch kein Dichter gesungen hat, eigentümlich^ im Kleinsten wie im Ganzen, jede Note Musik und Leben? Armer Berliner Recensent", - gemeint wai Ludwig Reilstab, der sich Chopin über Jahre hinweg zum Lieblingsfeind erkoren hatte - „der Du von all' diesem noch nichts geahnet; nie etwas ahnen wirst, armer Mann!"
         Bekanntlich beruhte Schumanns Chopin-Enthusiasmus nicht auf Gegenseitigkeit. Chopin, der nach den Aussagen von Zeitzeugen im persönlichen Umgang ebenso auf Distanz und Eleganz wie auf Ironie hielt, zeigte sich der Musik der deutschen Romantiker gegenüber reserviert. Sie war ihm zu persönlich, zu gefühlsbetont, zu wenig abstrakt. Er ertrug, so sein Freund Franz Liszt, keine Musik, „deren Umrisse seinem Ohr zu scharf erschienen, wo das Gefühl sich gleichsam entblösst zeigt, wo man so zu sagen den körperlichen Ausdruck des Schmerzes fühlt." Und: „In der Musik, wie in der Litteratur und im Leben war ihm Alles, was an das Melodrama erinnert, ein Gräuel. Die wahnwitzigen Ausschreitungen der Ro mantik waren ihm zuwider." Immerhin widmete Chopin Schumann
1	838 seine zweite Ballade op. 38, die er ihm zweiJahre zuvor bei einem Besuch in Leipzig vorgespielt hatte. Aber diese Widmung war wohl eher ein Akt der Höflichkeit, denn bei der Drucklegung ordnete Chopin kühl kalkulierend an: „Ich möchte sehr gern, dass meine Preludes Pleyel dediziert werden. Und die Ballade ä Mr. Schumann." Wenn hingegen Pleyel unbedingt die Ballade haben wolle, dann solle „A Mr. Schumann" eben über den Preludes stehen...
        Das letzte Werk dieser Gruppe - und gleichzeitig das letzte, das Chopin selbst herausgab - ist die Sonate für Violoncello und Klavier in g-moll op. 65, die wohl als Chopins kammermusikalisches Hauptwerk gelten darf. Ungewöhnlich lange und skrupulös hat der damals schon todkranke Komponist an diesem Werk gearbeitet. Die große Zahl überlieferter Entwürfe und Skizzen belegt einen mühevollen Kompositionsprozess, in dessen Folge vieles komponiert, verworfen, neu komponiert und abermals verworfen wurde. „Mit meiner Sonate für Violoncello bin ich einmal zufrieden, ein andermal nicht. Ich werfe sie in die Ecke und sammele sie dann wieder auf", hatte Chopin 1 846 an seine Schwester geschrieben. Das ging so fort bis zur Uraufführung des Werkes anlässlich eines Konzerts, das am 16. Februar 1 848 stattfand und das zu Chopins letztem öffentlichem Pariser Auftritt werden sollte. Es war ein illustrer, ausverkaufter Abend, denn der publikumsscheüe Meister ließ sich kaum noch hören, und als Chopin zusammen mit Franchomme die Cellosonate spielte, liess er den ersten Satz weg.
„Der Hof hat vierzig Billette gekauft", hatte er im Hinblick auf das Konzert erfreut seinen Angehörigen nach Warschau gemeldet. Vielleicht mochte er diesen gewichtigen, anspruchsvollen Kopfsatz mit seiner ausgeprägte Kontrapunktik, seiner differenzierten Themenverarbeitung und der zurückgenommenen, so gar nicht auf Brillanz angelegten Cello-Klanglichkeit den hohen Häuptern nicht zumuten.
Kammermusik von Frederic Chopin (1810- 1 849)
Polonaise brillante C-Dur, op. 3, für Violoncello und Klavier
               Introduction: Lento
 Alla Polacca: Allegro con spirito
Trio g-moll, op. 8, für Violine, Violoncello und Klavier Allegro con fuoco Scherzo: Con moto, ma non troppo Adagio sostenuto Finale: Allegretto
            Pause
Sonate g-moll, op. 65, für Violoncello und Klavier Allegro moderato Scherzo Largo
              Finale: Allegro
 Gilles Colliard	Viol ine
          Christophe Coin Violoncello Patrick Cohen	Klavier
Flügel von Sebastien Erard, Paris ca. 1 856, aus der Sammlung der Schola Cantorum Basiliensis
Dagmar Hoffmann-Axthelm]]></page>
<pb facs="CH_Bm_prg/pyr_CH_Bm_prg-0974.tif"/>
<page><![CDATA[﻿Christophe Coin stammt aus Caen und studierte Violoncello in seiner Heimatstadt sowie am Pariser Conservatoire bei Andre Navarra. Ab 1976 arbeitete er mit Nicolaus Harnoncourt zusammen und studierte 1977 bis 1979 Viola da gamba bei Jordi Savall an der Schola Cantorum Basiliensis . Die breite Beschäftigung mit Alter Musik öffnete ihm den Zugang zu vielen bedeutenden Ensembles (Concentus Musicus Wien, Hesperion XX, Academy of Ancient Music etc.). 1984 gründete er in Paris das Ensemble MosaTque, dessen Streichquartett-Formation weltweite Erfolge feiert. Mit seinem Ensemble Baroque de Limoges widmet er sich vor allem dem barocken Repertoire.
Daneben verfolgt Christophe Coin konsequent eine Karriere als Solist, häufig in der Partnerschaft mit Patrick Cohen am Hammerflügel. Christoph Coin unterrichtet barockes und klassisches Violoncello sowie Viola da gamba am Pariser Conservatoire und an der Schola Cantorum Basiliensis. Er gehört heute zweifellos zu den bedeutendsten Cellisten nicht nur im Bereich der Alten Musik.
Patrick Cohen stammt aus Mulhouse. Er begann als Siebenjähriger mit dem Klavierspiel und konnte schon zwei Jahre später das Conservatoire seiner Heimatstadt besuchen, das er als Fünfzehnjähriger mit herausragendem Erfolg abschloss. Danach studierte er an der Musik-Akademie der Stadt Basel bei Klaus Linder. An der Musik-Akademie unterrichtete er auch für einige Jahre. Anschliessend war er freischaffend tätig, häufig als Begleiter bedeutender Gesangssolisten oder Kammermusikgruppen. Es folgten einige Jahre der Zurückgezogenheit, die er dazu nutzte, sich mit historischen Klavieren vertraut zu machen. Heute gehört Patrick Cohen zu den profiliertesten Hammerflügel-Spielern überhaupt. Seine Diskographie weist zahlreiche Kammermusikwerke sowie solistische Einspie-lungen auf. Neben dem zentralen Repertoire, wie Mozarts und Haydns Klaviersonaten und den „grossen" Klavierkonzerten des 19. Jahrhunderts widmet er sich häufig auch unbekannten Kostbarkeiten. So etwa der Musik aus Spanien des frühen 19. Jahrhunderts oder den Klaviersonaten von Hyacinthejadin. Mit Christophe Coin verbindet ihn eine längjährige Zusammenarbeit.
Gilles Colliard ist in Genf geboren und erhielt die Ausbildung zum Geiger am Konservatorium seiner Heimatstadt. Als Musiker mit vielen Facetten ist er einerseits als Solist mit modernen Orchestern tätig und wirkt andererseits als Konzertmeister des Ensemble Baroque de Limoges auf historischem Instrumentarium. Hierzu führte ihn seine Bekannschaft mit Christophe Coin seit dem Jahr 1996. Seit 1998 ist Gilles Colliard ausserdem Primarius des „Quatuor Ravel“.
Neben seinen Aktivitäten als ausführender Musiker - von denen auch zahlreiche Einspielungen auf CD zeugen -gibt er Interpretationskurse und betätigt sich darüber hinaus als Komponist und Schriftsteller.

vnla
i
Mit freundlicher Unterstützung der
UBS AG
Kultur*
Basel-Stadt]]></page>
       
        </p>
    </body>
  </text>
</TEI>
