<?xml version="1.0" encoding="UTF-8"?>
<?xml-model href="http://www.tei-c.org/release/xml/tei/custom/schema/relaxng/tei_all.rng" schematypens="http://relaxng.org/ns/structure/1.0"?>
<TEI xmlns="http://www.tei-c.org/ns/1.0">
  <teiHeader>
    <fileDesc>
        <titleStmt>
            <title>BASEL</title>
        </titleStmt>
        <editionStmt>
            <edition>TEI P5.1 Edition</edition>
            <respStmt>
                <resp>
                    <persName>Claudio Bacciagaluppi</persName>
                    <persName>Laurent Pugin</persName>
                    <persName>Rodolfo Zitellini</persName>
                    <date when="2016-01">Janvier 2016</date>
                </resp>
                <name>Bureau Suisse du RISM</name>
            </respStmt>
        </editionStmt>
        <publicationStmt>
            <publisher><orgName xml:base="http://www.rism-ch.org">Bureau Suisse du RISM</orgName></publisher>
        </publicationStmt>
	    <seriesStmt>
	     <idno type="collection">ch_famb</idno>
	    </seriesStmt>
      <sourceDesc>
		<bibl>
        <title>Concert<date when="19840529">29/05/1984</date></title>
<series>Concert</series>
<placeName>Basel, Münstersaal des Bischofshofs</placeName>
<orgName role="holding">Archiv des Vereins Freunde alter Musik Basel; <link target="http://famb.ch/"/></orgName>

		</bibl>
      </sourceDesc>
    </fileDesc>
  </teiHeader>
  <text>
    <body>
        <p> <!-- all the content of the program in one paragraph -->
            <pb facs="CH_Bm_prg/pyr_CH_Bm_prg-1351.tif"/>
<date when="19840529"/>
<name key="Anonymus" type="person" role="cmp">Anonymus</name>
<name key="Jacopo da Bologna" type="person" role="cmp">Jacopo da Bologna</name>
<name key="Lorenzo da Firenze" type="person" role="cmp">Lorenzo da Firenze</name>
<name key="Andrea da Firenze" type="person" role="cmp">Andrea da Firenze</name>
<name key="Gherardello da Firenze" type="person" role="cmp">Gherardello da Firenze</name><name key="Lablaude, Anne-Marie" type="person" role="int">Lablaude, Anne-Marie</name>
<name key="Pushee, Graham" type="person" role="int">Pushee, Graham</name>
<name key="Vellard, Dominique" type="person" role="int">Vellard, Dominique</name>
<name key="Cook, Randall" type="person" role="int">Cook, Randall</name>
<name key="Zuckerman, Kenneth" type="person" role="int">Zuckerman, Kenneth</name>
<name key="Young, Crawford" type="person" role="int">Young, Crawford</name>
<name key="Arfken, Katharina" type="person" role="int">Arfken, Katharina</name>
<name key="Lommer, Valerie" type="person" role="int">Lommer, Valerie</name><title>Concert</title>
<placeName key="Basel, Münstersaal des Bischofshofs"/>
<name key="Concert" type="series"/>
<page><![CDATA[﻿Freunde Alter Musik in Basel
4.	KONZERT
Dienstag, 29. und Mittwoch, 30. Mai 1984, 20.15 Uhr, Münstersaal des Bischofshofes
MUSIK UND TEXTE DES TRECENTO
MITWIRKENDE
Anne-Marie Lablaude Graham Pushee Dominique Vellard Randall Cook Crawford R. Young Kenneth Zuckerman Katharina Arfken Valerie Loomer
Sopran
Altus
Tenor
Pommer, Fidel Laute, Cetula Laute
Pommer, Sprecherin Mime]]></page>
<pb facs="CH_Bm_prg/pyr_CH_Bm_prg-1352.tif"/>
<page><![CDATA[﻿PROGRAMM
Codex Vatican Rossi 215
Anfang 14. Jahrhundert
Jacopo da Bologna
Mitte 14. Jahrhundert
 I»	I»
Codex Vatican Rossi 215
London add. ms. 2998 7
14. Jahrhundert
Dal Bel Castel
(Instrumental)
Si Come Al Canto
(Madrigal)
Posando Sopra Un'acqua
(Madrigal - Instrumental)
Lucente STELLA
(Ballata)
Chominciamento di Gioia
(Instrumental)
********
Text nach Boccaccios Decameron Jacopo da Bologna
Lorenzo da Firenze
Um 1370 tätig
Codex Vatican Rossi 215
Andrea da Firenze
Spätes 14. Jh., gest. 1415
-	Vierter Tag, Siebte Geschichte
    I'senti ga
    (Madrigal)
    Apposte Messe
    (Cacoia - Instrumental)
    Per Troppo Fede
    (Ballata)
    Dolce Speranga
    (Ballata)
              Pause
London add. ms. 2998 7	Tre fontane
                                     (Instrumental)
Codex Vatican Rossi 215	Che ti zova
                                      (Ballata)
Jacopo da Bologna	Non al so amante
                                     (Madrigal)
Text nach Boccaccios Decameron
Gherardellus di Firenze
Anfang 14. Jh., gest. 1362/64
Jacopo da Bologna Codex Vatican Rossi 215 London add. ms. 2998 7 Jacopo da Bologna
-	Fünfter Tag, Vierte Geschichte
    De poni amor
    ( Ballata)
    Giunge'l bei tempo
    (Caooia - Instrumental)
    Cum altre ucele
    (Madrigal)
    Salterello
    (Instrumental)
    Nel mio parlar
    (Ballata)
]]></page>
       
        </p>
    </body>
  </text>
</TEI>
