<?xml version="1.0" encoding="UTF-8"?>
<?xml-model href="http://www.tei-c.org/release/xml/tei/custom/schema/relaxng/tei_all.rng" schematypens="http://relaxng.org/ns/structure/1.0"?>
<TEI xmlns="http://www.tei-c.org/ns/1.0">
  <teiHeader>
    <fileDesc>
        <titleStmt>
            <title>BASEL</title>
        </titleStmt>
        <editionStmt>
            <edition>TEI P5.1 Edition</edition>
            <respStmt>
                <resp>
                    <persName>Claudio Bacciagaluppi</persName>
                    <persName>Laurent Pugin</persName>
                    <persName>Rodolfo Zitellini</persName>
                    <date when="2016-01">Janvier 2016</date>
                </resp>
                <name>Bureau Suisse du RISM</name>
            </respStmt>
        </editionStmt>
        <publicationStmt>
            <publisher><orgName xml:base="http://www.rism-ch.org">Bureau Suisse du RISM</orgName></publisher>
        </publicationStmt>
	    <seriesStmt>
	     <idno type="collection">ch_famb</idno>
	    </seriesStmt>
      <sourceDesc>
		<bibl>
        <title>Concert<date when="19461016">16/10/1946</date></title>
<series>Concert</series>
<placeName>Basel, St. Albansaal (St. Albanvorstadt 12)</placeName>
<orgName role="holding">Archiv des Vereins Freunde alter Musik Basel; <link target="http://famb.ch/"/></orgName>

		</bibl>
      </sourceDesc>
    </fileDesc>
  </teiHeader>
  <text>
    <body>
        <p> <!-- all the content of the program in one paragraph -->
            <pb facs="CH_Bm_prg/pyr_CH_Bm_prg-0599.tif"/>
<date when="19461016"/>
<name key="Handel, George Frideric" type="person" role="cmp">Händel, Georg Friedrich</name>
<name key="Hasse, Johann Adolf" type="person" role="cmp">Hasse, Johann Adolf</name>
<name key="Couperin, François" type="person" role="cmp">Couperin, François</name>
<name key="Vivaldi, Antonio" type="person" role="cmp">Vivaldi, Antonio</name>
<name key="Telemann, Georg Philipp" type="person" role="cmp">Telemann, Georg Philipp</name>
<name key="Bach, Johann Sebastian" type="person" role="cmp">Bach, Johann Sebastian</name><name key="Blot, Dominique" type="person" role="int">Blot, Dominique</name>
<name key="Ortmans-Bach, Edmée" type="person" role="int">Ortmans-Bach, Edmée</name>
<name key="Caratgé, Fernand" type="person" role="int">Caratgé, Fernand</name>
<name key="Alliaume, Jacqueline" type="person" role="int">Alliaume, Jacqueline</name>
<name key="Crussard, Claude" type="person" role="int">Crussard, Claude</name><title>Concert</title>
<placeName key="Basel, St. Albansaal (St. Albanvorstadt 12)"/>
<name key="Concert" type="series"/>
<page><![CDATA[﻿Freunde alter Musik in Basel
    3.1 yskonmt
                                                    Mittwoch, 16. Oktober 1946,20.15 Uhr St. Albansaal (St. Albanvorstadt 12)
    in reilivivi, Piriü
                                             Claude Crussard (Leitung und Cembalo), Dominique Blot,Edmde Ortmans-Bach (Violine), Fernand Caratgö (Flöte), Jacqueline Alliaume (Violoncello)
             Programm 30 Cts.
               Eintritt für Mitglieder frei, für Nichtmitglieder Fr. 3.30 im Vorverkauf bei Hug & Co., Freiestraße 70a, und an der Abendkasse.
               Jahresbeitrag für Mitglieder Fr. 10.—, für Freimitglieder Fr. 25.—, für Personen unter 20 Jahren, Studenten, interne Konservatoristen und Berufsschüler der Schola Cantorum Basiliensis Fr. 5.—. Anmeldung zur Mitgliedschaft an die Aktuarin, Frau E. Stalder-Suter, MissioDsstraße 31, Basel.
]]></page>
<pb facs="CH_Bm_prg/pyr_CH_Bm_prg-0600.tif"/>
<page><![CDATA[﻿            PROGRAMM
Georg Friedrich Händel Sonate op. 2, Nr. 9, E-dur für zwei Violinen, Violon-1685—1759	cello und Cembalo
Andante - Allegro - Adagio - Allegro
Sonate h-moll für Flöte und Cembalo (unveröffentlicht)
                           Andante - Vivace - Arioso - Allegro
Sonate „La Pucelle” für zwei Violinen, Violoncello und Cembalo (unveröffentlichte Fassung)
                          Andante - Viste - Lente - Gayment - Viste
         Suite aus op. 2 für Violine und Cembalo (unveröffentlicht)
          Prelude - Gavotte - Adagio - Capriccio
Georg Philipp Telemann Quintett D-dur für Flöte, zwei Violinen, Violon-1681—1767	cello und Cembalo (unveröffentlicht)
Andante - Allegro - Adagio - Allegro
Sonate C-dur für zwei Violinen, Violoncello und Cembalo
                           Adagio - Alla breve - Largo - Gigue Alle Werke sind eingerichtet von Claude Crussard
                         Cembalo Pleyel deH Basler Kammerorchesters (Alleinvertretung Hug & Co.)
Johann Sebastian Bach 1685 — 1750
Antonio Vivaldi um 1680—1743
Francois Couperin 1668—1733
Johann Adolf Hasse 1699-1783
]]></page>
       
        </p>
    </body>
  </text>
</TEI>
