<?xml version="1.0" encoding="UTF-8"?>
<?xml-model href="http://www.tei-c.org/release/xml/tei/custom/schema/relaxng/tei_all.rng" schematypens="http://relaxng.org/ns/structure/1.0"?>
<TEI xmlns="http://www.tei-c.org/ns/1.0">
  <teiHeader>
    <fileDesc>
        <titleStmt>
            <title>BASEL</title>
        </titleStmt>
        <editionStmt>
            <edition>TEI P5.1 Edition</edition>
            <respStmt>
                <resp>
                    <persName>Claudio Bacciagaluppi</persName>
                    <persName>Laurent Pugin</persName>
                    <persName>Rodolfo Zitellini</persName>
                    <date when="2016-01">Janvier 2016</date>
                </resp>
                <name>Bureau Suisse du RISM</name>
            </respStmt>
        </editionStmt>
        <publicationStmt>
            <publisher><orgName xml:base="http://www.rism-ch.org">Bureau Suisse du RISM</orgName></publisher>
        </publicationStmt>
	    <seriesStmt>
	     <idno type="collection">ch_famb</idno>
	    </seriesStmt>
      <sourceDesc>
		<bibl>
        <title>Season<date when="19791106">06/11/1979</date></title>
<series>Season</series>
<placeName>Basel, Hans Huber-Saal des Stadtcasinos Basel</placeName>
<orgName role="holding">Archiv des Vereins Freunde alter Musik Basel; <link target="http://famb.ch/"/></orgName>

		</bibl>
      </sourceDesc>
    </fileDesc>
  </teiHeader>
  <text>
    <body>
        <p> <!-- all the content of the program in one paragraph -->
            <pb facs="CH_Bm_prg/pyr_CH_Bm_prg-0137.tif"/>
<date when="19791106"/>
<name key="Scarlatti, Alessandro" type="person" role="cmp">Scarlatti, Alessandro</name>
<name key="Corelli, Arcangelo" type="person" role="cmp">Corelli, Arcangelo</name>
<name key="Bononcini, Giovanni" type="person" role="cmp">Bononcini, Giovanni</name>
<name key="Picchi, Giovanni" type="person" role="cmp">Picchi, Giovanni</name>
<name key="Johnson, Robert" type="person" role="cmp">Johnson, Robert</name>
<name key="Lanier, Nicholas" type="person" role="cmp">Lanier, Nicholas</name>
<name key="Lawes, Henry" type="person" role="cmp">Lawes, Henry</name>
<name key="Ballard, Robert" type="person" role="cmp">Ballard, Robert</name>
<name key="Guédron, Pierre" type="person" role="cmp">Guédron, Pierre</name>
<name key="Boësset, Jean-Baptiste de" type="person" role="cmp">Boësset, Jean-Baptiste de</name>
<name key="Lawes, William" type="person" role="cmp">Lawes, William</name>
<name key="Wilson, John" type="person" role="cmp">Wilson, John</name>
<name key="Anonymus" type="person" role="cmp">Anonymus</name>
<name key="Jeffreys, George" type="person" role="cmp">Jeffreys, George</name>
<name key="Locke, Matthew" type="person" role="cmp">Locke, Matthew</name>
<name key="Blow, John" type="person" role="cmp">Blow, John</name>
<name key="Purcell, Henry" type="person" role="cmp">Purcell, Henry</name>
<name key="Bertran de Born" type="person" role="cmp">Bertran de Born</name>
<name key="Anonymus" type="person" role="cmp">Anonymus</name>
<name key="Giraut de Bornelh" type="person" role="cmp">Giraut de Bornelh</name>
<name key="Arnaut Daniel" type="person" role="cmp">Arnaut Daniel</name>
<name key="Folquet de Marseille" type="person" role="cmp">Folquet de Marseille</name>
<name key="Balbastre, Claude-Bénigne" type="person" role="cmp">Balbastre, Claude</name>
<name key="Bach, Johann Sebastian" type="person" role="cmp">Bach, Johann Sebastian</name>
<name key="Bach, Carl Philipp Emmanuel" type="person" role="cmp">Bach, Carl Philipp Emanuel</name>
<name key="Gaultier, Denis" type="person" role="cmp">Gaultier, Denis</name>
<name key="Bach, Johann Sebastian" type="person" role="cmp">Bach, Johann Sebastian</name>
<name key="Sweelinck, Jan Pieterszoon" type="person" role="cmp">Sweelinck, Jan Pieterszoon</name>
<name key="Buxtehude, Dietrich" type="person" role="cmp">Buxtehude, Dieterich</name>
<name key="Anglebert, Jean-Henry d'" type="person" role="cmp">Anglebert, Jean-Henry d'</name>
<name key="Corrette, Gaspard" type="person" role="cmp">Corrette, Gaspard</name>
<name key="Bach, Johann Sebastian" type="person" role="cmp">Bach, Johann Sebastian</name>
<name key="Bach, Johann Sebastian" type="person" role="cmp">Bach, Johann Sebastian</name><name key="Jacobs, René" type="person" role="int">Jacobs, René</name>
<name key="Banchini, Chiara" type="person" role="int">Banchini, Chiara</name>
<name key="Fernandez, François" type="person" role="int">Fernandez, François</name>
<name key="Coin, Christophe" type="person" role="int">Coin, Christophe</name>
<name key="Koopman, Ton" type="person" role="int">Koopman, Ton</name>
<name key="Kirkby, Emma" type="person" role="int">Kirkby, Emma</name>
<name key="Bailes, Anthony" type="person" role="int">Bailes, Anthony</name>
<name key="Ros, Pere" type="person" role="int">Ros, Pere</name>
<name key="Thornton, Barbara" type="person" role="int">Thornton, Barbara</name>
<name key="Bagby, Benjamin" type="person" role="int">Bagby, Benjamin</name>
<name key="Tindemans, Margriet" type="person" role="int">Tindemans, Margriet</name>
<name key="Young, Crawford" type="person" role="int">Young, Crawford</name>
<name key="Leonhardt, Gustav" type="person" role="int">Leonhardt, Gustav</name>
<name key="Smith, Hopkinson" type="person" role="int">Smith, Hopkinson</name>
<name key="Brochard, Marie-José" type="person" role="int">Brochard, Marie-José</name>
<name key="Zehnder, Jean-Claude" type="person" role="int">Zehnder, Jean-Claude</name>
<name key="Nelson, Judith" type="person" role="int">Nelson, Judith</name>
<name key="Jacobs, René" type="person" role="int">Jacobs, René</name>
<name key="Rogers, Nigel" type="person" role="int">Rogers, Nigel</name>
<name key="Widmer, Kurt" type="person" role="int">Widmer, Kurt</name>
<name key="Pushee, Graham" type="person" role="int">Pushee, Graham</name>
<name key="Alemann, Jürg" type="person" role="int">Alemann, Jürg</name>
<name key="Müller, Thomas" type="person" role="int">Müller, Thomas</name>
<name key="Linde, Hans-Martin" type="person" role="int">Linde, Hans-Martin</name>
<name key="Wingerden, Jeanette van" type="person" role="int">Wingerden, Jeanette van</name>
<name key="Piguet, Michel" type="person" role="int">Piguet, Michel</name>
<name key="Cook, Randall" type="person" role="int">Cook, Randall</name>
<name key="Boenau, Marilyn" type="person" role="int">Boenau, Marilyn</name>
<name key="Schroeder, Jaap" type="person" role="int">Schroeder, Jaap</name>
<name key="Landolf, Beatrix" type="person" role="int">Landolf, Beatrix</name>
<name key="Moreno, Emilio" type="person" role="int">Moreno, Emilio</name>
<name key="Weber, Anne" type="person" role="int">Weber, Anne</name>
<name key="Müller, Hannelore" type="person" role="int">Müller, Hannelore</name>
<name key="Bégou, Geneviève" type="person" role="int">Bégou, Geneviève</name>
<name key="Ros, Pere" type="person" role="int">Ros, Pere</name>
<name key="Lewis, Carol" type="person" role="int">Lewis, Carol</name>
<name key="Franklin, Brian" type="person" role="int">Franklin, Brian</name>
<name key="Näf, Fritz" type="person" role="int">Näf, Fritz</name>
<name key="Barnett, Dene" type="person" role="int">Barnett, Dene</name>
<name key="Immerseel, Jos van" type="person" role="int">Immerseel, Jos van</name><title>Season</title>
<placeName key="Basel, Hans Huber-Saal des Stadtcasinos Basel"/>
<name key="Season" type="series"/>
<page><![CDATA[﻿Sehr geehrte Damen und Herren,
j^^it dem vorliegenden Generalprogramm möchten wir Sie zur neuen Konzertsaison begrüßen und wieder zu einigen Begegnungen mit Musik aus der Zeit zwischen Mittelalter und Rokoko einladen.
Vielleicht haben Sie beim Durchblättern des Programms schon gesehen, daß dieses Jahr anstelle des Extrakonzerts und der Podiumskonzerte drei Solistenkonzerte mit bekannten Instrumentalisten aufgeführt sind. Sie bilden das Gegengewicht zur Serie der vier regulären Konzerte, die aus Gründen einer übergeordneten Thematik, deren Erläuterung Sie im Text «Zum Generalprogramm» finden, vornehmlich der Vokalmusik gewidmet sind. Die Reihe beginnt mit Kantaten des frühen 18. Jahrhunderts aus Italien. Sie sind zum einen der Sammlung «Cantate e Duetti» entnommen, die Giovanni Bononcini 1721 dem englischen König widmete, zum anderen dem umfangreichen handschriftlich überlieferten Kantatenwerk des wohl berühmtesten Opernkomponisten im italienischen Barock, Alessandro Scarlatti. «A collection of the choicest songs», der Untertitel der 1698 erschienenen Sammlung «Orpheus Bri-tannicus» von Henry Purcell, steht als Thema über dem zweiten Konzert, das dem englischen Lautenlied gewidmet ist. In seinem Traktat «De vulgari eloquentia» spricht Dante auch über die Dichtungen der Troubadours. Das Ensemble «Sequentia» hat diese Schrift zum Ausgangspunkt für ein Programm mit mittelalterlicher weltlicher Musik gewählt. Die regulären Konzerte schließen im Mai mit einem ganz dem Werk Johann Sebastian Bachs gewidmeten Konzert. Neben zwei bekannten Kompositionen wird das Dramma per Musica «Die Wahl des Hercules» erklingen, wofür der australische Spezialist Dene Barnett mit den Solisten die zu Bachs Zeit übliche Gestik und Mimik erarbeiten wird.
  Die drei Solistenabende sind dem Cembalo, der Barocklaute und der Orgel gewidmet. Während Gustav Leonhardt neben Werken von Johann Sebastian Bach und seinen Söhnen Kompositionen von Claude-Benigne Balbastre, einem französischen Orgel- und Cembalo-Meister des 18. Jahrhunderts, spielen wird, bringt der erste Teil des Lautenabends Ausschnitte aus der Sammlung «La Rhetorique des Dieux» des franzö-
sischen Lautenvirtuosen Denis Gaultier. Im dritten Konzert schließlich haben Sie Gelegenheit, mit der prächtig rekonstruierten Silbermann-Orgel der renovierten Predigerkirche anhand von Werken deutscher und französischer Meister Bekanntschaft zu schließen.
Wir hoffen, daß Sie an diesen Programmen Gefallen finden werden und möchten es nicht versäumen, unseren Mitgliedern für ihre Treue zu danken.
Mit freundlichen Grüßen
Der Vorstand der «Freunde alter Musik in Basel»
Prof. Dr. Carl Theodor Gossen (Präsident) Dr. Bernhard Riggenbach (Vizepräsident) Werner Christen (Kassier)
Frau Dr. Barbara Begelsbacher
Kurt Deggeller
Prof. Dr. Friedhelm Döhl
  Eugen M. Dombois Hans-Martin Linde
 Frau Vera Oeri-Hoffmann
  Prof. Dr. Hans Oesch
  Dr. Peter Reidemeister Christopher Schmidt
   Sekretariat: Leonhardsstraße 4,4051 Basel
NB. Wer dem Verein neu beitreten möchte, findet alle Angaben auf der letzten Seite dieses Programms.]]></page>
<pb facs="CH_Bm_prg/pyr_CH_Bm_prg-0138.tif"/>
<page><![CDATA[﻿Zum Generalprogramm 1979/80
Liebe Freunde alter Musik,
W«. Sie eigentlich, wem genau Ihr Beifall gilt, wenn Sie in einem Konzert applaudieren? Ist es die Komposition, die Sie schön fanden, oder ist es eher die Wiedergabe, die Ihnen gefallen hat? — Sie werden antworten: Das hängt doch irgendwie zusammen! Das stimmt schon; aber wie hängt’s eigentlich zusammen?
   Und dann: Welche Aspekte eines Stückes oder einer Interpretation sind es wohl, die für Ihr Verständnis, Ihre Meinung, Ihr Urteil eine Rolle spielen? — Einige unter Ihnen, die musikalisch oder musikgeschichtlich «vorbelastet» sind, werden nach möglichst objektiven historischen Merkmalen suchen (denn unsere Konzerte sind der historischen Musikpraxis gewidmet); andere wieder, die in den Konzerten hauptsächlich Freude und Unterhaltung erwarten, werden wohltuend ehrlich antworten: Ich finde gut, was mich - ganz subjektiv — anspricht und beeindruckt.
   Zu einer Synthese dieser beiden (scheinbaren) Gegensätze führt uns vielleicht ein Weg, der seinen Ausgangspunkt bei eben diesen Begriffen des «Ansprechens» oder «Beeindruckens» hat. Daß eine Interpretation anspricht, ist am ehesten möglich, wenn sie etwas Sprechendes an sich hat; und wenn ein Stück beeindruckt, setzt dies musikalischen Ausdruck voraus.
  Um 1800 redet man von Musik als «Empfindungsrede» und nennt «die höhere und eigentliche Theorie der Musik» musikalische Rhetorik (Joh. Nik. Forkel, 1788); Mitte des 18. Jahrhunderts wird die Musik «Klangrede» oder «Tonsprache» genannt (Mattheson, 1739), und es tauchen Formulierungen auf wie «das Sprechende, das hurtig überraschende von einem Affecte zum ändern» oder «die affectuösen oder sprechenden Stellen eines Stücks» (C. P. E. Bach, 1753); um 1600 tritt ein neuer musikalischer Stil in Erscheinung, dessen erklärte Absicht es ist, gleichsam musikalisch zu reden («quasi che in armonia favellare») und die seelischen Emotionen anzusprechen («muovere l’affetto dell’animo») (Caccini, 1602); und auch frühere musikgeschichtliche Erscheinungen, wie z. B. die «Musica reservata» (16. Jh.) oder das Werk so berühmter Dichter-Musiker wie Machaut (14. Jh.) oder Melodiegestalten des Gregorianischen Chorals basieren zum Teil auf solchen Prinzipien des Deklamatorischen beziehungsweise Ausdruckshaften.
   Über diese musikalischen (eigentlich aber aus den Bereichen von Sprache und Rede übernommenen) Begriffe sind wir nun unbemerkt in den Umkreis einer anderen Kunst getreten, derjenigen nämlich, die sich der Ausarbeitung und dem Vortrag einer wohlgesetzten Rede widmet: der Rhetorik. Ihr Lehrgebäude, seit Plato, Cicero, Quintilian systematisiert und tradiert, spielte gerade in den Jahrhunderten der Renaissance und des Barock wieder eine bedeutende Rolle. Kein Wunder, daß Musiker und Theoretiker zwischen 1600 und 1800 nicht müde wurden, die in der Tat erstaunlichen Gemeinsamkeiten zwischen Musik und Rhetorik herauszuarbeiten: «Ein Redner und ein Musikus haben sowohl in Ansehung der Ausarbeitung der

vorzutragenden Sachen, als des Vortrages selbst, einerley Absicht zu Grunde, nämlich: sich der Herzen zu bemeistern, die Leidenschaften zu erregen oder zu stillen, und die Zuhörer bald in diesen, bald in jenen Affect zu versetzen. Es ist vor beyde ein Vortheil, wenn einer von den Pflichten des anderen einige Erkenntniss hat.» (Quantz, 1752).
   Durch den Vergleich zur Rhetorik stehen uns Kriterien zur Verfügung, die uns für das Verständnis sowohl der Komposition als auch der Wirkung einer Interpretation von großer Hilfe sein können. Wie in der Rhetorik der vierte und letzte Arbeitsgang der Vortrag (mit der entsprechenden Gestik) ist, der eine schlechte Rede überzeugend und eine gute wirkungslos machen kann, ebenso ist in der Musik «der Vortrag die Seele der Komposition» (executio anima compositionis, Quantz). «Wer nicht sprechen kann, der kann noch viel weniger singen, und wer nicht singen kann, der 1 kann auch nicht spielen», sagt Mattheson. Eine Komposition nach rhetorischen Merkmalen erfassen, das heißt, sie in ihrer formalen Disposition, ihren Ausdruckskontrasten, den affekt-bedingten Dissonanzen, melodischen Sprüngen, rhythmischen Besonderheiten etc. hören und verstehen. Und ein Vortrag verdient unter den Aspekten der Rhetorik umso mehr Anerkennung, je «sprechender», spontaner der Rhythmus ist, je vielfältiger die Artikulation, je klarer die Dynamik, je bewußter die Akzente verteilt sind und anderes mehr. Wenn einer meiner Lehrer einen ausdrucksvolleren Vortrag verlangte, rief er: «Deklamieren, nicht exercieren!»
   Die Gefahr allzu subjektiven Denkens liegt — allgemein gesagt — in der Willkür; allzu objektivierendes kann zu Dogmatisierung und Erstarrung führen. Mit den Kategorien der Rhetorik haben wir historisch sicheren Boden unter den Füßen, was uns vor Willkür bewahrt; mit dem Aspekt des «Sprechenden» als spezifisch Menschlichem, Subjektivem, haben wir aber auch ein Kriterium in Händen, das Phantasie und Emotionen «anspricht» und daher Glaubenssätze und Lehrmeinungen in ihren Grenzen hält. Wo es um historische Musikpraxis geht, haben wir es wohl immer mit dieser Balance zu tun.
   Es ist also lohnend, unter diesem Blickwinkel den angeschnittenen Fragen hörend nachzugehen, sowohl in text-ausdrückender Vokalmusik als auch in textloser Instrumentalmusik, in Werken des Barock wie solchen des Mittelalters, in den Bereichen der Komposition, der Interpretation bis hin zur Aktion, der (sängerischen) Gestik bei der Wiedergabe des Bach-schen «Dramma per musica» Herkules am Scheidewege.
   So stehen die Konzerte der FAMB-Saison 1979/80 unter einem Gesichtspunkt, der Sie, jetzt lesend, später hörend, durch die Programme führen möge und dessen Formulierung die Vielschichtigkeit des Themas andeuten soll:
«Musik und Rhetorik — Rhetorik in der Musik»]]></page>
<pb facs="CH_Bm_prg/pyr_CH_Bm_prg-0139.tif"/>
<page><![CDATA[﻿ Dienstag, 6. November 1979, 20.15 Uhr, Hans Huber-Saal
Kantaten und Kammermusik ^ des frühen 18.Jahrhunderts
 Alessand.ro Scarlatti, Bononcini u. a.
 Rene Jacobs (Gesang), Chiara Banchini und Francois Fernandez (Violine in alter Mensur), Christophe Coin (Violoncello in alter Mensur),
 Ton Koopman (Cembalo)
 II.
 Dienstag, 27. und Mittwoch, 28. November 1979 (Wiederholung),
 20.15	Uhr, Münstersaal des Bischofshofs
A Collection of the Choicest Songs
 Pur cell, Lanier, Law es u. a.
 Emma Kirkby (Gesang), Anthony Bailes (Laute), Pere Ros (Viola da gamba)
III.
 Dienstag, 22. und Mittwoch, 23. Januar 1980 (Wiederholung),
 20.15	Uhr, Münstersaal des Bischofshofs
De vulgari eloquentia ^
 Dante und die Trobadors: Folquet de Marseilla, Arnaut Daniel, Giraut de Bornelh, Bertran de Born, Sordello
 Ensemble Sequentia: Barbara Thornton und Benjamin Bagby (Gesang) Margiret Tindemans (Streichinstrumente)
 Crawford Young (Zupfinstrumente)
IV.
 Dienstag, 20. Mai 1980, 20.15 Uhr, Martinskirche
Johann Sebastian Bach
 Brandenburgisches Konzert Nr. 5,2 Kantaten: * Actus Tragicus» (BWV 106) und *Hercules am Scheideweg» (BWV 213)
 Judith Nelson, Rene Jacobs, Nigel Rogers, Kurt Widmer (Gesang). Instrumentalsolisten und das Streicherensemble der Schola Cantorum Basiliensis. Basler Madrigalisten, Leitung: Fritz Näf. Gesamtleitung und Cembalo: Jos van Immerseel.
 Einstudierung der zeitgenössischen Gestik: Dene Barnett
SOLISTENKONZERTE
 Freitag, 8. Februar 1980, 20.15 Uhr, Martinskirche
 Gustav Leonhardt, Cembalo
 Balbastre, Johann Sebastian Bach und Carl Philipp Emanuel Bach
/Mittwoch, 23. April und Donnerstag, 24. April 1980, 20.15 Uhr, Konzilssaal des Bischofshofs,
Freitag, 25. April 1980, 20.15 Uhr, im Chor der Peterskirche
 Hopkinson Smith, Barocklaute
 Denis Gaultier und Johann Sebastian Bach Dienstag, 6. Mai 1980,20.15 Uhr, Predigerkirche
 Jean-Claude Zehnder, Orgel
 Buxtehude, Sweelinck, Jacob Praetorius, D’Anglebert u. a.
Programmänderungen Vorbehalten]]></page>
<pb facs="CH_Bm_prg/pyr_CH_Bm_prg-0140.tif"/>
<page><![CDATA[﻿bezahlen einen Jahresbeitrag von Fr. 40.— (Personen unter 20 Jahren, Studenten und Berufsschüler der Musik-Akademie Fr. 20.-). Sie haben freien Eintritt zu den vier Konzerten des Vereins und das Vorbezugsrecht auf ermäßigte Abonnemente oder Einzelkarten für die Solistenkonzerte. (Beachten Sie den beiliegenden Zettel über den direkten Bezug von Karten für diese Konzerte mit dem Mitgliederbeitrag.)
   Freimitglieder
entrichten einen Jahresbeitrag von mindestens Fr. 80.-. Dieser erhöhte Beitrag hilft dem Verein, die dringend notwendigen Mittel zur Durchführung größerer Konzerte bereitzustellen. Er verschafft freien Eintritt zu den vier regulären Konzerten und einem Solistenkonzert.
   "Die Mitgliederbeiträge für 1979/80
bitten wir, rechtzeitig vor dem am 6. November 1979 stattfindenden ersten Konzert auf unser Postcheckkonto Basel 40 -16145 einzahlen zu wollen. Die Postcbeck-Quittung gilt ah Mitgliederkarte und berechtigt zum freien Eintritt in die vier Konzerte sowie zum Bezug verbilligten Einzelkarten für die Solistenkonzerte. Es werden keine besonderen Mitgliederkarten verschickt.
   cAnmeldungen zur Mitgliedschaft
sind zu richten an das Sekretariat der «Freunde alter Musik in Basel»,
Leonhardsstraße 4, 4051 Basel (Telefon 25 57 22).]]></page>
       
        </p>
    </body>
  </text>
</TEI>
