<?xml version="1.0" encoding="UTF-8"?>
<?xml-model href="http://www.tei-c.org/release/xml/tei/custom/schema/relaxng/tei_all.rng" schematypens="http://relaxng.org/ns/structure/1.0"?>
<TEI xmlns="http://www.tei-c.org/ns/1.0">
  <teiHeader>
    <fileDesc>
        <titleStmt>
            <title>BASEL</title>
        </titleStmt>
        <editionStmt>
            <edition>TEI P5.1 Edition</edition>
            <respStmt>
                <resp>
                    <persName>Claudio Bacciagaluppi</persName>
                    <persName>Laurent Pugin</persName>
                    <persName>Rodolfo Zitellini</persName>
                    <date when="2016-01">Janvier 2016</date>
                </resp>
                <name>Bureau Suisse du RISM</name>
            </respStmt>
        </editionStmt>
        <publicationStmt>
            <publisher><orgName xml:base="http://www.rism-ch.org">Bureau Suisse du RISM</orgName></publisher>
        </publicationStmt>
	    <seriesStmt>
	     <idno type="collection">ch_famb</idno>
	    </seriesStmt>
      <sourceDesc>
		<bibl>
        <title>Concert<date when="19620121">21/01/1962</date></title>
<series>Concert</series>
<placeName>Basel, Grosser Saal der Musik-Akademie</placeName>
<orgName role="holding">Archiv des Vereins Freunde alter Musik Basel; <link target="http://famb.ch/"/></orgName>

		</bibl>
      </sourceDesc>
    </fileDesc>
  </teiHeader>
  <text>
    <body>
        <p> <!-- all the content of the program in one paragraph -->
            <pb facs="CH_Bm_prg/pyr_CH_Bm_prg-1278.tif"/>
<date when="19620121"/>
<name key="Weelkes, Thomas" type="person" role="cmp">Weelkes, Thomas</name>
<name key="Gibbons, Orlando" type="person" role="cmp">Gibbons, Orlando</name>
<name key="Ward, John" type="person" role="cmp">Ward, John</name>
<name key="Dowland, John" type="person" role="cmp">Dowland, John</name>
<name key="Monteverdi, Claudio" type="person" role="cmp">Monteverdi, Claudio</name>
<name key="Marenzio, Luca" type="person" role="cmp">Marenzio, Luca</name>
<name key="Janequin, Clément" type="person" role="cmp">Janequin, Clément</name>
<name key="Lasso, Orlando di" type="person" role="cmp">Lasso, Orlando di</name>
<name key="Wilbye, John" type="person" role="cmp">Wilbye, John</name><name key="Sheppard, Honor" type="person" role="int">Sheppard, Honor</name>
<name key="Thomas, Mary" type="person" role="int">Thomas, Mary</name>
<name key="Deller, Alfred" type="person" role="int">Deller, Alfred</name>
<name key="Worthley, Maxwell" type="person" role="int">Worthley, Maxwell</name>
<name key="Tear, Robert" type="person" role="int">Tear, Robert</name>
<name key="Bevan, Maurice" type="person" role="int">Bevan, Maurice</name><title>Concert</title>
<placeName key="Basel, Grosser Saal der Musik-Akademie"/>
<name key="Concert" type="series"/>
<page><![CDATA[﻿FREUNDE ALTEB MUSIK IN BASEL
3.	Konzert
Sonntag, den 21.Januar 1962, 20.15 Uhr, im Grossen Saal der Mus i k-Akademie
   Madrigale und Chansons
       Deller Consort:
      Honor Sheppard, Mary Thomas (Sopran) Alfred Teller (Counter-Tenor) Maxwell Worthley, Eobert Tear (Tenor) Maurice Bevan (Bariton)
Programm (mit Textteil) 50 Cts
Eintritt für Mitglieder frei. Karten für Nichtmitglieder zu Fr.5*75 (Jugendliche, Studenten und Berufsschüler der Musik-Akademie bezahlen Fr.2.65) bei Hug & Co., Freiestracse 70 a, und an der Abendkasse.

Programm
Thomas Weelkes 1575-1623
Orlando Gibbons 1583-1625
Thomas Weelkes
John Ward gest. vor 1641
John Dowland
1562-1626
Claudio Monteverdi 1567-1645
Luca Marenzio
1553-1599
Clement Janequin ca.l480-ca.I56O
Orlando di Lasso ca.1532-1594
Clement Janequin
Orlando di Lasso
Thomas Weelkes
John Wilbye 1574-1638
< Hark all ye lovely saints above v' The silver swan
*	The nightingale
v Out from the vale of deep despair * * *
- Fine knacks for ladies v Me, me and none but me ■/ Come again, sveet love * * *
v Sfogava con le stelle v Cruda Amarilli v 0 Mirtillo
v Leggiadre ninfe Pause. v Au joli boys
y Mon coeur se recommande a vous
v Ce moys de may v Bon jour, mon coeur * * *
y Thule, the period of oosmography v' The Andalusian merohant
v Draw on sweet night I v Sweet honey-sucking bees]]></page>
       
        </p>
    </body>
  </text>
</TEI>
