<?xml version="1.0" encoding="UTF-8"?>
<?xml-model href="http://www.tei-c.org/release/xml/tei/custom/schema/relaxng/tei_all.rng" schematypens="http://relaxng.org/ns/structure/1.0"?>
<TEI xmlns="http://www.tei-c.org/ns/1.0">
  <teiHeader>
    <fileDesc>
        <titleStmt>
            <title>BASEL</title>
        </titleStmt>
        <editionStmt>
            <edition>TEI P5.1 Edition</edition>
            <respStmt>
                <resp>
                    <persName>Claudio Bacciagaluppi</persName>
                    <persName>Laurent Pugin</persName>
                    <persName>Rodolfo Zitellini</persName>
                    <date when="2016-01">Janvier 2016</date>
                </resp>
                <name>Bureau Suisse du RISM</name>
            </respStmt>
        </editionStmt>
        <publicationStmt>
            <publisher><orgName xml:base="http://www.rism-ch.org">Bureau Suisse du RISM</orgName></publisher>
        </publicationStmt>
	    <seriesStmt>
	     <idno type="collection">ch_famb</idno>
	    </seriesStmt>
      <sourceDesc>
		<bibl>
        <title>Concert<date when="19850424">24/04/1985</date></title>
<series>Concert</series>
<placeName>Arlesheim, Dom</placeName>
<orgName role="holding">Archiv des Vereins Freunde alter Musik Basel; <link target="http://famb.ch/"/></orgName>

		</bibl>
      </sourceDesc>
    </fileDesc>
  </teiHeader>
  <text>
    <body>
        <p> <!-- all the content of the program in one paragraph -->
            <pb facs="CH_Bm_prg/pyr_CH_Bm_prg-1553.tif"/>
<date when="19850424"/>
<name key="Handel, George Frideric" type="person" role="cmp">Händel, Georg Friedrich</name><name key="Näf, Fritz" type="person" role="int">Näf, Fritz</name>
<name key="Zehnder, Jean-Claude" type="person" role="int">Zehnder, Jean-Claude</name>
<name key="Schroeder, Jaap" type="person" role="int">Schroeder, Jaap</name>
<name key="Landolf, Beatrix" type="person" role="int">Landolf, Beatrix</name>
<name key="Stewart, Warren" type="person" role="int">Stewart, Warren</name><title>Concert</title>
<placeName key="Arlesheim, Dom"/>
<name key="Concert" type="series"/>
<page><![CDATA[﻿»V '
Konzerte im Dom zu Arlesheim
1985]]></page>
<pb facs="CH_Bm_prg/pyr_CH_Bm_prg-1554.tif"/>
<page><![CDATA[﻿1.	Konzert
Mittwoch, 24. April 1985 20.15 Uhr An der Silbermann-Orgel:
 Sonntag, 30. Juni 1985
Georg Friedrich HäruU! (1685-1759)
Fritz Näf, Tenor Jean-Claude Zehnder
Jaap Schröder, Trix Landolf, Violinen Warren Stewart, Violoncello
Streicher und Bläser der Schola Cantorum Basiliensis
Concerto grosso op. 6, Nr. 6 g-moll	j
—	Larghetto, e affettuoso
—	Allegro, ma non tanto
—	Musette (Larghetto)
—	Allegro
—	Allegro
Orgelkonzert op. 4, Nr. 2 B-Dur (1738)
—	A tempo ordinario, e staccato
—	Allegro
—	Adagio, e staccato
—	Allegro, ma non presto
«In praise of harmony» B-Dur (1739)
(aus dem Anhang zur Cäcilienode)
—	Largo e cantabile
—	Andante allegro
Suite F-Dur für Orgel (1. Sammlung, 1720)
—	Adagio
—	Allegro
—	Adagio
—	Allegro	^
Sinfonia, Rezitativ und Arie Nr. 1 aus dem Oratorium «Der Messias»
Orgelkonzert op. 4, Nr 1 g-mol 1/G-Dur (1738)
—	Larghetto, e staccato
—	Allegro
—	Adagio
—	Andante
Dieses Konzert ist eine Gemeinschaftsveranstaltung mit dem Verein der Freunde alter Musik in Basel (FAMB) und der Schola Cantorum Basiliensis im Rahmen des Händel-Zyklus’.
Solisten
Trompete
Pauken
Horn
Traversflöte
Oboe
Fagott
Violine
Viola
Violoncello
Violone
Orgel
Leitung

2.	Konzert
19.30 Uhr
Johann Sebastian Bach Messe in h-moll
Klosterchor Wettingen Ensemble VOX HUMANA
Ruth Amsler, Sopran UllaGroenewold, Mezzosopran Beat Spörri, Tenor Rainer Pachner, Bass
Marcel Fischer, Sylvain Pineault,
Urban F. Walser
Oliver Barbey
Thomas Müller
Oskar Peter, Jörg Fiedler
Richard Erig, Alison Gangler
Claude Wassmer, Kurt Wegmüller
Willi Zimmermann, Ursula Pachlatko, Claudia Staerkle,
Fran9oise Schmid, Eidith Lorkovic,
Manfred Peier
Martin Mohr, Hannes Müller Ueli Lange, Felix Jenny Lorenz Duftschmid Jean-Claude Zehnder Egon Schwarb
Es wird auf historischen Instrumenten in tiefer Originalstimmung musiziert.
Orgelpositiv von Bernhardt Edskes, Wohlen
3.	Konzert
      Sonntag, 11. August 20.15 Uhr An der Silbermann-Orgel: Reinhardt Menger, Frankfurt
      Johann Sebastian Bach Fantasie und Fuge c-moll (1685-1750) BWV 562
                             «Allein Gott in der Höh sei Ehr», cantabile a 2 Clav, e Pedale, Canto fermo in Tenore BWV 663
                           «An Wasserflüssen Babylon» a 2 Clav, e Pedale doppio BWV 653b
                            Fantasie und Fuge g-moll BWV 542
                              «Von Gott will ich nicht lassen»
                            Canto fermo in Pedale BWV 658
                             «Vor deinen Thron tret ich hiemit»
                           Canto fermo in Canto BWV 668
                            Passacaglia und Fuge c-moll BWV 582]]></page>
<pb facs="CH_Bm_prg/pyr_CH_Bm_prg-1555.tif"/>
<page><![CDATA[﻿               4.	Konzert
Sonntag, 27. Oktober 1985 20.15 Uhr
An der Silbermann-Orgel: Marc Schaefer, Strassburg
      Johann Sebastian Bach Präludium und Fuge c-moll (1685-1750) BWV 546
                             Kyrie, Gott Vater in Ewigkeit Christe, aller Welt Trost Kyrie, Gott heiliger Geist BWV 669-671
                          Triosonate C-Dur BWV 529
                          —	Allegro
                        —	Largo
                          —	Allegro
                           Präludium und Fuge e-moll BWV 548
Eintritt:
Vorverkauf:
Abendkasse:
Titelbild:
Extrakonzerte im Dom zu Arlesheim:
Disposition der Silbermann-Orgel:
Gloria in excelsis Deo et in terra pax hominibus bonae voluntatis.
1. und 2. Konzert: Fr. 20.—
Fr. 10.— für Schüler und Studenten (nur an der Abendkasse gegen Ausweis!)
3. und 4. Konzert: Fr. 12.-
Fr. 7.— für Schüler und Studenten
(nur an der Abendkasse gegen Ausweis)
Alle Plätze sind unnumeriert
Musikhaus «au concert», Aeschenvorstadt 24, Basel, Tel. 23 11 76 Buchhandlung Gysel, Dorfplatz 8, Arlesheim, Tel. 72 14 32
Eine Stunde vor Konzertbeginn im Domhof
Aus dem Autograph der Messe in h-moll von J. S. Bach (Gloria)
Mittwoch, 22. Mai 1985, 20.15 Uhr
Konzert im Rahmen «200 Jahre Ermitage Arlesheim»
Mozart, Schubert und Stuntz (* 1790 in der Ermitage)
Leitung: Thüring Bräm
Samstage, 6., 13., 27. Juli und 3. Aug. 1985, jeweilen 20.00 Uhr Orgelspiel zum Bach-Jahr
An der Silbermann-Orgel: Annemarie und Jean-Claude Zehnder, Philip Swanton und Peter Koller
Hauptwerk:                Rückpositiv:     Kddt/Echo:          PedaJ:           
Bourdon 16*               * Bourdon 8’     * Bourdon 8’        * Subbass 16’    
Montre 8’                 * Prestant 4’    * Prestant 4’       * Octavbass 8’   
Bourdon 8’                * Flüte 4’       Nazard 2            Quinte 5 lh’     
Prestant 4’               * Nazard 2 W     Doublette 2’        Prestant 4’      
Nazard 2 2/V              * Doublette 2’   Tierce 1 W (Disk.)  Fourniture 3fach 
Doublette 2*              * Tierce 1 Vs’   Basson/Trompette 8’ Bombarde 16’     
Tierce 1 W                Larigot 1 W                          Trompette 8’     
Sifflet 1*                Fourniture 3fach                     Clairon 4’       
Fourniture 3fach          Cromorne 8’                                           
Cymbale 2fach             Tremulant                                             
Cornet 5fach (ab c’)                                                            
Trompette 8’ (Bass/Disk.)                                      Koppel Rp/Hw     
Voix humaine 8’                                                Koppel Hw/Ped    
Tremulant                                        * Silbermannregister von 1761  
         Literatur: «Die Orgeln des Doms zu Arlesheim» von Rudolf Walter und Marc Schaefer. Erhältlich an der Abendkasse, im Buchhandel oder beim Verkehrsverein Arlesheim. Preis Fr. 15.—]]></page>
       
        </p>
    </body>
  </text>
</TEI>
