<?xml version="1.0" encoding="UTF-8"?>
<?xml-model href="http://www.tei-c.org/release/xml/tei/custom/schema/relaxng/tei_all.rng" schematypens="http://relaxng.org/ns/structure/1.0"?>
<TEI xmlns="http://www.tei-c.org/ns/1.0">
  <teiHeader>
    <fileDesc>
        <titleStmt>
            <title>BASEL</title>
        </titleStmt>
        <editionStmt>
            <edition>TEI P5.1 Edition</edition>
            <respStmt>
                <resp>
                    <persName>Claudio Bacciagaluppi</persName>
                    <persName>Laurent Pugin</persName>
                    <persName>Rodolfo Zitellini</persName>
                    <date when="2016-01">Janvier 2016</date>
                </resp>
                <name>Bureau Suisse du RISM</name>
            </respStmt>
        </editionStmt>
        <publicationStmt>
            <publisher><orgName xml:base="http://www.rism-ch.org">Bureau Suisse du RISM</orgName></publisher>
        </publicationStmt>
	    <seriesStmt>
	     <idno type="collection">ch_famb</idno>
	    </seriesStmt>
      <sourceDesc>
		<bibl>
        <title>Season<date when="19500211">11/02/1950</date></title>
<series>Season</series>
<placeName>Basel, St. Albansaal (St. Albanvorstadt 12)</placeName>
<orgName role="holding">Archiv des Vereins Freunde alter Musik Basel; <link target="http://famb.ch/"/></orgName>

		</bibl>
      </sourceDesc>
    </fileDesc>
  </teiHeader>
  <text>
    <body>
        <p> <!-- all the content of the program in one paragraph -->
            <pb facs="CH_Bm_prg/pyr_CH_Bm_prg-0023.tif"/>
<date when="19500211"/>
<name key="Wang Wei" type="person" role="cmp">Wang Wei</name>
<name key="Yu Shinan" type="person" role="cmp">Yu Shinan</name>
<name key="Liu Tianhua" type="person" role="cmp">Liu Tianhua</name>
<name key="Bach, Johann Sebastian" type="person" role="cmp">Bach, Johann Sebastian</name>
<name key="Bach, Johann Sebastian" type="person" role="cmp">Bach, Johann Sebastian</name>
<name key="Bach, Johann Sebastian" type="person" role="cmp">Bach, Johann Sebastian</name>
<name key="Perotinus" type="person" role="cmp">Perotinus</name>
<name key="Du Fay, Guillaume" type="person" role="cmp">Dufay, Guillaume</name>
<name key="Ockeghem, Johannes" type="person" role="cmp">Ockeghem, Johannes</name>
<name key="Obrecht, Jacob" type="person" role="cmp">Obrecht, Jacob</name>
<name key="Josquin des Prez" type="person" role="cmp">Josquin des Prez</name>
<name key="Loeillet, Jean-Baptiste" type="person" role="cmp">Loeillet, Jean-Baptiste</name>
<name key="Telemann, Georg Philipp" type="person" role="cmp">Telemann, Georg Philipp</name>
<name key="Handel, George Frideric" type="person" role="cmp">Händel, Georg Friedrich</name>
<name key="Jenkins, John" type="person" role="cmp">Jenkins, John</name>
<name key="Byrd, William" type="person" role="cmp">Byrd, William</name>
<name key="Farnaby, Giles" type="person" role="cmp">Farnaby, Giles</name>
<name key="Anonymus" type="person" role="cmp">Anonymus</name>
<name key="Bull, John" type="person" role="cmp">Bull, John</name>
<name key="Purcell, Henry" type="person" role="cmp">Purcell, Henry</name>
<name key="Marais, Marin" type="person" role="cmp">Marais, Marin</name>
<name key="Couperin, François" type="person" role="cmp">Couperin, François</name>
<name key="Artus, Jean" type="person" role="cmp">Artus, Jean</name>
<name key="Dumont, Henri" type="person" role="cmp">Dumont, Henri</name>
<name key="Lalande, Michel-Richard de" type="person" role="cmp">Lalande, Michel-Richard de</name>
<name key="Brular" type="person" role="cmp">Brular</name><name key="Wang En-Shao" type="person" role="int">Wang En-Shao</name>
<name key="Tscharner, E.H." type="person" role="int">Tscharner, E.H.</name>
<name key="Bopp, Joseph" type="person" role="int">Bopp, Joseph</name>
<name key="Scheck, Gustav" type="person" role="int">Scheck, Gustav</name>
<name key="Shann, Edgar" type="person" role="int">Shann, Edgar</name>
<name key="Duquénoy, Louis" type="person" role="int">Duquénoy, Louis</name>
<name key="Felicani, Rodolfo" type="person" role="int">Felicani, Rodolfo</name>
<name key="Kägi, Walter" type="person" role="int">Kägi, Walter</name>
<name key="Benda, Hans J." type="person" role="int">Benda, Hans J.</name>
<name key="Heman, Christine" type="person" role="int">Heman, Christine</name>
<name key="Majer, Marianne" type="person" role="int">Majer, Marianne</name>
<name key="Wenzinger, August" type="person" role="int">Wenzinger, August</name>
<name key="Viale, Angelo" type="person" role="int">Viale, Angelo</name>
<name key="Felicani, Rodolfo" type="person" role="int">Felicani, Rodolfo</name>
<name key="Benda, Hans J." type="person" role="int">Benda, Hans J.</name>
<name key="Heman, Christine" type="person" role="int">Heman, Christine</name>
<name key="Kägi, Walter" type="person" role="int">Kägi, Walter</name>
<name key="Majer, Marianne" type="person" role="int">Majer, Marianne</name>
<name key="Flügel, Gertrud" type="person" role="int">Flügel, Gertrud</name>
<name key="Müller, Hannelore" type="person" role="int">Müller, Hannelore</name>
<name key="Viale, Angelo" type="person" role="int">Viale, Angelo</name>
<name key="Scheck, Gustav" type="person" role="int">Scheck, Gustav</name>
<name key="Kägi, Valerie" type="person" role="int">Kägi, Valerie</name>
<name key="Müller, Eduard" type="person" role="int">Müller, Eduard</name>
<name key="Bopp, Joseph" type="person" role="int">Bopp, Joseph</name>
<name key="Felicani, Rodolfo" type="person" role="int">Felicani, Rodolfo</name>
<name key="Benda, Hans J." type="person" role="int">Benda, Hans J.</name>
<name key="Heman, Christine" type="person" role="int">Heman, Christine</name>
<name key="Kägi, Walter" type="person" role="int">Kägi, Walter</name>
<name key="Majer, Marianne" type="person" role="int">Majer, Marianne</name>
<name key="Flügel, Gertrud" type="person" role="int">Flügel, Gertrud</name>
<name key="Müller, Hannelore" type="person" role="int">Müller, Hannelore</name>
<name key="Wenzinger, August" type="person" role="int">Wenzinger, August</name>
<name key="Viale, Angelo" type="person" role="int">Viale, Angelo</name>
<name key="Müller, Eduard" type="person" role="int">Müller, Eduard</name>
<name key="Kägi, Valerie" type="person" role="int">Kägi, Valerie</name>
<name key="Lechner, Konrad" type="person" role="int">Lechner, Konrad</name>
<name key="Scheck, Gustav" type="person" role="int">Scheck, Gustav</name>
<name key="Wenzinger, August" type="person" role="int">Wenzinger, August</name>
<name key="Kägi, Valerie" type="person" role="int">Kägi, Valerie</name>
<name key="Wenzinger, August" type="person" role="int">Wenzinger, August</name>
<name key="Majer, Marianne" type="person" role="int">Majer, Marianne</name>
<name key="Müller, Hannelore" type="person" role="int">Müller, Hannelore</name>
<name key="Flügel, Gertrud" type="person" role="int">Flügel, Gertrud</name>
<name key="Müller, Eduard" type="person" role="int">Müller, Eduard</name><title>Season</title>
<placeName key="Basel, St. Albansaal (St. Albanvorstadt 12)"/>
<name key="Season" type="series"/>
<page><![CDATA[﻿Freunde alter Musik in Basel
GENERALPROGRAMM 1950
Sehr geehrte Dame, sehr geehrter Herr!
Wir beehren uns, Ihnen das Generalprogramm 1950 zu überreichen und Sie zum Besuche unserer Konzerte und, soweit Sie nicht schon Mitglied sind, zum Beitritt zu unserem Verein höflich einzuladen.
Der Verein «Freunde alter Musik in Basel» wurde im Jahre 1942 gegründet, um durch den Zusammenschluss aller Freunde alter Musik die stilgerechte Aufführung älterer Musikwerke unter möglichst genauer Berücksichtigung ihrer historischen Voraussetzungen in regelmässigen Zyklen zu ermöglichen.
Der Verein veranstaltet jährlich zwei bis drei öffentliche Konzerte sowie drei bis vier Hauskonzerte in intimerem Rahmen. Mitglieder haben freien Eintritt zu den Hauskonzerten und für die öffentlichen Konzerte das Recht zum Bezug von ermässigten Eintrittskarten. (Über die Höhe der Mitgliederbeiträge und Vergünstigungen siehe Rückseite.)
Über die vielseitige, erstmals auch aussereuropäische Musik berücksichtigende Konzerttätigkeit orientiert Sie das umstehende Generalprogramm 1950. Für unsere Mitglieder legen wir ausser-dem einen Einzahlungsschein für den Jahresbeitrag 1950, sowie ein weiteres Generalprogramm samt Beitrittserklärung zu Werbezwecken im Familien- und Bekanntenkreise bei. Weitere Exemplare können bei der Sekretärin, Frau Hildegard Adam, St. Albanvorstadt 5, bezogen werden.
Mit vorzüglicher Hochachtung
Der Vorstand der «Freunde alter Musik in Basel»
Dr. Erwin Frey (Präsident)	Dr. Walter Nef
Prof. Dr. Werner Kaegi (Vizepräsident)	Paul Sacher
Max Leu (Kassier)	Frau Philis v. Salis
Frau Elisabeth Stalder-Suter (Aktuarin)	Frau Antoinette Sulger-Frau Hildegard Adam (Sekretärin) Vischer
Paul Baumgartner	Paul Trüdinger
Dr. med. Ernst Buchmann	Alfred Von der Mühll Dr. Paul Gessler]]></page>
<pb facs="CH_Bm_prg/pyr_CH_Bm_prg-0024.tif"/>
<page><![CDATA[﻿GENERALPROGRAMM 1950 93ier-öauäfonjerf e
                             I.	HAUSKONZERT
Samstag, 11. Februar, 20.15 Uhr
St. Albansaal (St. Albanvorstadt 12)
Wang En-Shao (Chinesische Musikinstrumente)
Prof. Dr. E. H. von Tscharner (Einführung)
Altchinesische Kammermusik
                     II.	HAUSKONZERT (KIRCHENKONZERT)
Samstag, 20. Mai, 20.15 Uhr, Theodorskirche
Kammerchor der Staatlichen Hochschule für Musik, Freiburg i. Br. (Leitung: Prof. Konrad Lechner)
Mittelalterliche Musik aus Frankreich und den Niederlanden
Perotin, Dunstable, Dufay, Ockeghem, Josquin des Pres
                              III.	HAUSKONZERT
September
Vortragssaal des Kunstmuseums (Eingang Dufourstrasse)
Prof. Gustav Scheck, Freiburg i. Br. (Blockflöte), Gertrud Flügel, August Wenzinger (Viola da gamba), Valerie Kägi (Cembalo)
Blockflöte, Viola da gamba, Cembalo
Händel, Loeillet, Telemann
                             IV.	HAUSKONZERT
November St. Albansaal (St. Albanvorstadt 12)
Konzertgruppe der Schola Cantorum Basiliensis: August Wenzinger, Marianne Majer, Maya Wenzinger, Gertrud Flügel (Viola da gamba), Eduard Müller (Cembalo)
Englische und französische Kammermusik Fitzwilliam Virginal Book, Jenkins, Locke Couperin, Lalande, Marais, Verdier

3to>ei öffentliche ^ottjerte
Im Rahmen der Basler Bachwochen 1950
I.	KONZERT
Montag, 20. März, 20.15 Uhr Hans Hubersaal (Stadtcasino)
Johann Sebastian Bach
Brandenburgische Konzerte Nr. 2 und 5, Suite h-moll, Triosonate C-dur
II.	KONZERT
Mittwoch, 22. März, 20.15 Uhr Hans Hubersaal (Stadtcasino)
Johann Sebastian Bach
Brandenburgische Konzerte Nr. 4 und 6, Konzert C-dur für zwei Cembali, Viola da gamba-Sonate D-dur
Ausführende:
Die verstärkte Konzertgruppe der Schola Cantorum Basiliensis: Hans J. Benda, Joseph Bopp, Rodolfo Felicani, Gertrud Flügel, Christine Heman, Valerie Kägi, Walter Kägi, Marianne Majer, Eduard Müller, Gustav Scheck, Edgar Shann, Angelo Viale, August Wenzinger (Blockflöte, Querflöte, Oboe, Trompete, Violine, Bratsche, Viola da gamba, Violoncello, Contrabass, Cembalo)
Verantwortlich für die Aufführungen: August Wenzinger]]></page>
<pb facs="CH_Bm_prg/pyr_CH_Bm_prg-0025.tif"/>
<page><![CDATA[﻿93ergünftigungen
FÜR MITGLIEDER
mit einem Jahresbeitrag von Fr. 15.—
(Personen unter 20 Jahren, Studenten, interne Konservatoristen und Berufsschüler der Schola Cantorum Basiliensis Fr. 10.—)
Freier Eintritt zu den Hauskonzerten
Vorbezugsrecht auf je eine ermässigte Einzelkarte zu den öffentlichen Konzerten
FÜR FREIMITGLIEDER
mit einem Jahresbeitrag von mindestens Fr. 40.—
Freier Eintritt zu den Hauskonzerten und zu den öffentlichen Konzerten auf Platzkategorie I mit Vorbezugsrecht gegenüber allen ändern Mitgliedern
PREISE DER EINZELKARTEN
Hauskonzerte Fr. 4.40 (Mitglieder frei)
Öffentliche Konzerte Fr. 4.40 (Mitglieder 2.75), Fr. 5.50 (Mitglieder 3.85),
Fr. 6.60 (Mitglieder 4.95)
Wir bitten Sie um baldige Einzahlung des Mitgliederbeitrages 1950 auf Postscheckkonto V 16 145 resp. Einsendung der Beitrittserklärung, damit wir Ihnen die Mitgliederkarte, welche als Ausweis zum freien Eintritt in die Hauskonzerte gilt, rechtzeitig vor dem I. Hauskonzert zustellen können. Wir nehmen an, dass es Mitgliedern, welche bis zum 1. Februar 1950 ihren Beitrag nicht bezahlt haben, angenehmer ist, wenn er per Postnachnahme erhoben wird.
Anmeldung zur Mitgliedschaft an die Aktuarin, Frau E. Stalder-Suter,
Missionsstrasse 31, Basel]]></page>
       
        </p>
    </body>
  </text>
</TEI>
