<?xml version="1.0" encoding="UTF-8"?>
<?xml-model href="http://www.tei-c.org/release/xml/tei/custom/schema/relaxng/tei_all.rng" schematypens="http://relaxng.org/ns/structure/1.0"?>
<TEI xmlns="http://www.tei-c.org/ns/1.0">
  <teiHeader>
    <fileDesc>
        <titleStmt>
            <title>BASEL</title>
        </titleStmt>
        <editionStmt>
            <edition>TEI P5.1 Edition</edition>
            <respStmt>
                <resp>
                    <persName>Claudio Bacciagaluppi</persName>
                    <persName>Laurent Pugin</persName>
                    <persName>Rodolfo Zitellini</persName>
                    <date when="2016-01">Janvier 2016</date>
                </resp>
                <name>Bureau Suisse du RISM</name>
            </respStmt>
        </editionStmt>
        <publicationStmt>
            <publisher><orgName xml:base="http://www.rism-ch.org">Bureau Suisse du RISM</orgName></publisher>
        </publicationStmt>
	    <seriesStmt>
	     <idno type="collection">ch_famb</idno>
	    </seriesStmt>
      <sourceDesc>
		<bibl>
        <title>Season<date when="19731016">16/10/1973</date></title>
<series>Season</series>
<placeName>Basel, Hans Huber-Saal des Stadtcasinos Basel</placeName>
<orgName role="holding">Archiv des Vereins Freunde alter Musik Basel; <link target="http://famb.ch/"/></orgName>

		</bibl>
      </sourceDesc>
    </fileDesc>
  </teiHeader>
  <text>
    <body>
        <p> <!-- all the content of the program in one paragraph -->
            <pb facs="CH_Bm_prg/pyr_CH_Bm_prg-0111.tif"/>
<date when="19731016"/>
<name key="Duphly, Jacques" type="person" role="cmp">Duphly, Jacques</name>
<name key="Bach, Johann Sebastian" type="person" role="cmp">Bach, Johann Sebastian</name>
<name key="Forqueray, Antoine" type="person" role="cmp">Forqueray, Antoine</name>
<name key="Beethoven, Ludwig van" type="person" role="cmp">Beethoven, Ludwig van</name>
<name key="Hummel, Johann Nepomuk" type="person" role="cmp">Hummel, Johann Nepomuk</name>
<name key="Kuhlau, Friedrich" type="person" role="cmp">Kuhlau, Friedrich</name>
<name key="Weber, Carl Maria von" type="person" role="cmp">Weber, Carl Maria von</name>
<name key="Schubert, Franz" type="person" role="cmp">Schubert, Franz</name>
<name key="Lawes, William" type="person" role="cmp">Lawes, William</name>
<name key="Coprario, John" type="person" role="cmp">Coperario, John</name>
<name key="Johnson, Robert" type="person" role="cmp">Johnson, Robert</name>
<name key="Morley, Thomas" type="person" role="cmp">Morley, Thomas</name>
<name key="Jenkins, John" type="person" role="cmp">Jenkins, John</name>
<name key="Allison, Richard" type="person" role="cmp">Allison, Richard</name>
<name key="Byrd, William" type="person" role="cmp">Byrd, William</name>
<name key="Dowland, John" type="person" role="cmp">Dowland, John</name>
<name key="Holborne, Antony" type="person" role="cmp">Holborne, Antony</name>
<name key="Anonymus" type="person" role="cmp">Anonymus</name>
<name key="Morley, Thomas" type="person" role="cmp">Morley, Thomas</name>
<name key="Du Fay, Guillaume" type="person" role="cmp">Dufay, Guillaume</name>
<name key="Frescobaldi, Girolamo Alessandro" type="person" role="cmp">Frescobaldi, Girolamo</name>
<name key="Allegri, Gregorio" type="person" role="cmp">Allegri, Gregorio</name>
<name key="Carissimi, Giacomo" type="person" role="cmp">Carissimi, Giacomo</name>
<name key="Gabrieli, Andrea" type="person" role="cmp">Gabrieli, Andrea</name>
<name key="Cabezón, Antonio de" type="person" role="cmp">Cabezón, Antonio de</name>
<name key="Byrd, William" type="person" role="cmp">Byrd, William</name>
<name key="Hassler, Hans Leo" type="person" role="cmp">Hassler, Hans Leo</name>
<name key="Erbach, Christian" type="person" role="cmp">Erbach, Christian</name>
<name key="Muffat, Georg" type="person" role="cmp">Muffat, Georg</name>
<name key="Böhm, Georg" type="person" role="cmp">Böhm, Georg</name>
<name key="Murschhauser, Franz Xaver Anton" type="person" role="cmp">Murschhauser, Franz Xaver Anton</name>
<name key="Bach, Johann Sebastian" type="person" role="cmp">Bach, Johann Sebastian</name><name key="Leonhardt, Gustav" type="person" role="int">Leonhardt, Gustav</name>
<name key="Reidemeister, Peter" type="person" role="int">Reidemeister, Peter</name>
<name key="Jappe, Michael" type="person" role="int">Jappe, Michael</name>
<name key="Junghanns, Rolf" type="person" role="int">Junghanns, Rolf</name>
<name key="Widmer, Kurt" type="person" role="int">Widmer, Kurt</name>
<name key="Linder, Klaus" type="person" role="int">Linder, Klaus</name>
<name key="Linde, Hans-Martin" type="person" role="int">Linde, Hans-Martin</name>
<name key="Hoever, Herbert" type="person" role="int">Hoever, Herbert</name>
<name key="Jappe, Michael" type="person" role="int">Jappe, Michael</name>
<name key="Ragossnig, Konrad" type="person" role="int">Ragossnig, Konrad</name>
<name key="Meunier, Philippe" type="person" role="int">Meunier, Philippe</name>
<name key="Jenny, Madeleine" type="person" role="int">Jenny, Madeleine</name>
<name key="Ramm, Andrea von" type="person" role="int">Ramm, Andrea von</name>
<name key="Levitt, Richard" type="person" role="int">Levitt, Richard</name>
<name key="Binkley, Thomas" type="person" role="int">Binkley, Thomas</name>
<name key="Jones, Sterling" type="person" role="int">Jones, Sterling</name>
<name key="Armstrong, Sheila" type="person" role="int">Armstrong, Sheila</name>
<name key="Csapó, Eva" type="person" role="int">Csapó, Eva</name>
<name key="Rogers, Nigel" type="person" role="int">Rogers, Nigel</name>
<name key="Partridge, Ian" type="person" role="int">Partridge, Ian</name>
<name key="Widmer, Kurt" type="person" role="int">Widmer, Kurt</name>
<name key="Hölle, Mathias" type="person" role="int">Hölle, Mathias</name>
<name key="Hoever, Herbert" type="person" role="int">Hoever, Herbert</name>
<name key="Fuente, Miguel de la" type="person" role="int">Fuente, Miguel de la</name>
<name key="Jappe, Dorothea" type="person" role="int">Jappe, Dorothea</name>
<name key="Schmidt, Christopher" type="person" role="int">Schmidt, Christopher</name>
<name key="Schäfer, Adelheid" type="person" role="int">Schäfer, Adelheid</name>
<name key="Kambe, Yukimi" type="person" role="int">Kambe, Yukimi</name>
<name key="Jappe, Michael" type="person" role="int">Jappe, Michael</name>
<name key="Viale, Angelo" type="person" role="int">Viale, Angelo</name>
<name key="Ragossnig, Konrad" type="person" role="int">Ragossnig, Konrad</name>
<name key="Kirsch, Dieter" type="person" role="int">Kirsch, Dieter</name>
<name key="Satoh, Toyohiko" type="person" role="int">Satoh, Toyohiko</name>
<name key="Bach, Gottfried" type="person" role="int">Bach, Gottfried</name>
<name key="Müller, Eduard" type="person" role="int">Müller, Eduard</name>
<name key="Linde, Hans-Martin" type="person" role="int">Linde, Hans-Martin</name>
<name key="Zehnder, Jean-Claude" type="person" role="int">Zehnder, Jean-Claude</name><title>Season</title>
<placeName key="Basel, Hans Huber-Saal des Stadtcasinos Basel"/>
<name key="Season" type="series"/>
<page><![CDATA[﻿5ceun£>e alret; JITuftf tn 23afel
GENERALPROGRAMM
1973/74]]></page>
<pb facs="CH_Bm_prg/pyr_CH_Bm_prg-0112.tif"/>
<page><![CDATA[﻿    Sehr geehrte Damen und Herren,
Der Vorstand des Vereins der Freunde alter Musik möchte Ihnen für Ihre Treue während der letzen Saison herzlich danken und freut sich, Ihnen das Generalprogramm für die Saison 1973/74 vorstellen zu können. Die Reihe unserer Konzerte wird durch ein Rezital des bekannten Cembalisten Gustav Leonhardt eröffnet. Sein Programm enthält drei große Cembalowerke Bachs sowie französische Cembalo-Musik des 18. Jahrhunderts. -Im Extrakonzert gelangt erstmals nach längerer Zeit wieder ein größeres Werk zur Aufführung. International ausgewiesene Vokalsolisten werden mit Instrumentalisten und dem Vokalensemble der Schola Cantorum Basiliensis unter der Leitung von Hans-Martin Linde das Oratorium «Historia Divitis» von Giacomo Carissimi aufführen. — Zwei weitere Konzerte werden durch das «Linde-Consort» und das «Studio der frühen Musik» mit englischer Consort-Musik des 16. und 17. Jahrhunderts, beziehungsweise Musik des Mittelalters bestritten. — Das letzte Konzen bringt Kammermusik des späten 18. und frühen 19. Jahrhunderts, wobei als in unseren Konzerten selten gehörtes Instrument die Harfe zur Verwendung kommt. - Außerdem werden wir in dieser Saison erstmals «Podiumskonzerte» veranstalten. Sie sind jeweils einem besonderen Instrument oder Thema gewidmet und sollen überdies jungen Musikern aus dem Kreis der Schola die Gelegenheit geben, sich und ihre Interpretationen vorzustellen. Für diese Konzerte wurde ein besonderer Rahmen geschaffen: sie finden jeweils an einem Sonntagnachmittag im Großen Saal der Musik-Akademie statt und bieten auch die Mög-1 lichkeit, mit Einführungen und Erläuterungen neue Formen der Begegnung zwischen Ausführenden und Publikum zu erproben. So wird an der ersten Veranstaltung Peter Reidemeister eine konische Rohrklappen-Flöte aus dem frühen 19. Jahrhundert vorstellen und zusammen mit Instrumentalisten der Schola Cantorum Basiliensis Kammermusik aus dieser Zeit spielen. Im zweiten Konzert werden junge Musiker aus der Schola barocke Solo- und Ensemblemusik zur Aufführung bringen. - Wir hoffen, daß Ihnen unser Programm viel Freude bereitet und Sie in Ihrer Freundschaft zur alten Musik bestärkt. Interessenten für eine Mitgliedschaft finden alle nötigen Angaben auf der lernen Seite dieses Programms.	|
    Der Vorstand der «Freunde alter Musik in Basel»
    Prof. Dr. Bernhard Wyss (Präsident)
    Dr. Bernhard Riggenbach (Vizepräsident)
  Werner Christen (Kassier)	Frau Eva Minzloff (Sekretärin)
  Prof. Dr. Wulf Arlt	Dr. Christian Brückner
 Kurt Deggeller	Hans-Martin Linde
 Klaus Linder	Prof. Dr. Hans Oesch
  Dr. h. c. Paul Sacher	Dr. h. c. August Wenzinger

Zum Generalprogramm 1973 / 74
Liebe Mitglieder,
Die Aufführung alter Musik auf historischen Instrumenten als ein besonderer Bereich im Musikleben unserer Tage ist heute so selbstverständlich geworden und Freunden alter Musik so vertraut, daß sie weder der Rechtfertigung noch der Erklärung bedarf. Aber Selbstverständlichkeit und Vertrautheit sind gerade hier nicht nur ein Gewinn. Denn allzuleicht lassen sie den ausübenden Künstler und damit den Zuhörer vergessen, daß das Besondere im Bereich alter Musik im «Entdecken» liegt. Und zwar nicht nur bei der Begegnung mit unbekannter Musik und unbekannten Instrumenten, sondern vor allem in einem tieferen Sinn.
   Jean Jacques Rousseau hat vor fast zweihundert Jahren das zur Sprache gebracht, worin der Reiz aber auch die Probleme der Wiederbelebung alter Musik liegen. Anlaß dazu gab ihm die Übertragung antiker griechischer Musikfragmente und deren Interpretation in der Pariser Academie des Inscriptions et des Beiles Lettres, vor allem aber die Tatsache, daß man sich aufgrund jener Aufführungen ein Urteil über die Musik gebildet hatte. Natürlich könne man die griechische Musik «entziffern», meinte er, also die Töne bestimmen, die durch die einzelnen Zeichen gemeint wären, und zwar nicht schlechter als die Griechen selber, aber dieses «Entziffern» käme noch lange keinem «Lesen» gleich. Denn dazu müsse man wissen, wie jene Musik phrasiert, akzentuiert, gehört und verstanden wurde, und das sei niemandem möglich und werde es auch nie sein.
   Was Rousseau feststellte, gilt letztlich für jede Interpretation eines Textes der Vergangenheit; doch fällt es bei der Musik besonders ins Gewicht. Denn in deren Wesen liegt es, daß der Anteil des Aufschreibbaren bei ihr weit geringer ist als bei der Sprache. Entsprechend kommt dem lebendigen Nachvollzug des Gemeinten und damit der klanglichen Realisierung durch den Interpreten größere Bedeutung zu. Darin ist eine Motette Dufays nicht von einer Sonate Mozarts, eine Gambensonate Bachs nicht von Dvoraks Violinkonzert unterschieden. Je älter aber die Musik ist, je mehr ist zu entdecken, wenn man sie aus all dem interpretiert, was man von der Zeit und den Umständen ihrer Entstehung weiß: auf historischen Instrumenten, in alten Stimmungen, mit alten Fingersätzen, Phrasierungen, Akzentuierungen und so fort. Nur gibt es dann zwar Aufführungen alter Musik, die historisch konsequenter, und solche, die weniger konsequent sind, nie aber die allein richtige Aufführung. Und weil jeder Interpret immer wieder aufs neue ans Entdecken gehen muß, solange er in diesem Sinne alte Musik treibt, kommt es für alle, Ausübende wie Zuhörer, zu immer neuen künstlerischen Erlebnissen.]]></page>
<pb facs="CH_Bm_prg/pyr_CH_Bm_prg-0113.tif"/>
<page><![CDATA[﻿  Dabei könnte man geradezu das Paradoxon formulieren: je konsequenter künstlerische Verantwortung geschichtliches Wissen aufgreift, je aktueller wird die Praxis historischer Musik. Denn je mehr sie sich der Geschichte öffnet, desto stärker muß sie ihre Bindung an die unmittelbare Vergangenheit preisgeben und damit offen werden — auch für die Eigenheit ihrer Gegenwart. Konkret: je mehr wir die Eigenart etwa des 17. und 18. Jahrhunderts entdecken und uns ihr öffnen, je weniger wir die Musik des Barock und der sogenannten «Klassik» aus den Vorstellungen des späten 19. und 20. Jahrhunderts interpretieren, die unser Empfinden für Schönheit geprägt haben, desto offener werden wir für Entdeckungen auch in der neuesten Musik. Und wenn die Zeichen nicht trügen, ist gerade hinsichtlich der Musik des 17. und 18. Jahrhunderts heute einiges in Bewegung geraten, beginnt man am scheinbar Vertrauten ganz neue Seiten zu entdecken, weil man in neuer Weise ernst nimmt, was uns die Geschichte lehrt.
   Die Freunde alter Musik in Basel sind eng mit der Schola Cantorum Basiliensis verbunden, die ihrer Bestimmung gemäß eine Stätte der Begegnung all derer sein soll, die sich in diesem Sinne der Praxis alter Musik zuwenden. Nun birgt aber Überzeugung stets die Gefahr, zum Dogma zu erstarren. Nicht zuletzt deswegen soll die Reihe der Konzerte alter Musik auch in diesem Jahr eine Vielfalt möglicher Begegnungen mit der Musik vom Mittelalter bis ins frühe 19. Jahrhundert vermitteln. Dem entspricht es, daß neben die traditionellen Konzerte erstmals «Podiumskonzerte» treten, die in neuem Rahmen und mit der Möglichkeit zu neuen Formen Aspekte alter Musik zur Diskussion stellen.
WulJL ta||—
Dienstag, 16. Oktober 1973,20.15 Uhr, Hans Huber-Saal Cembalomusik des 18.Jahrhunderts
Duphly, Bach, Forqueray Gustav Leonhardt (Cembalo)
  II.
Freitag, 15. Februar 1974, 20.15 Uhr, Martinskirche Englische Consortmusik
Morley, Byrd, Dowland u. a.
Linde-Consort
Hans-Martin Linde (Blockflöte), Konrad Ragossnig (Laute),
Herbert Hoever (Violine in alter Mensur), Michael Jappe (Viola da gamba), Philippe Meunier (Cister), Madeleine Jenny (Pandora)
Freitag, 1. März 1974, 20.15 Uhr, im Refektorium des kleinen Klingentals
Musik des Mittelalters
Studio der frühen Musik
Andrea von Ramm (Mezzosopran, Organetto),
Richard Levitt (Countertenor), Sterling Jones (Streichinstrumente), Thomas Binkley (Zupf- und Blasinstrumente)
 III.]]></page>
<pb facs="CH_Bm_prg/pyr_CH_Bm_prg-0114.tif"/>
<page><![CDATA[﻿EXTRAKONZERT
 Dienstag, 30. April 1974, 20.15 Uhr, Martinskirche
Giacomo Carissimi: Historia Divitis
 Solisten: Sheila Armstrong (Sopran), Ian Patridge, Nigel Rogers (Tenor), Kurt Widmer (Baß), u. a.
 Instrumentalisten und das Vokalensemble der Schola Cantorum Basiliensis, Leitung: Hans-Martin Linde
ZWEI PODIUMSKONZERTE IM GROSSEN SAAE DER MUSIK-AKADEMIE
 Sonntag, 9. Dezember 1973,17.15 Uhr
Kammermusik des 18. und frühen 19 Jahrhunderts
 Peter Reidemf-ister (Traversflöte), Instrumentalisten der Schola Cantorum Basiliensis
 Sonntag, l2. Januar 1974, 17.15 Uhr <*5 Barocke Solo- und Ensemblemusik
 Junge Musiker aus der Schola Cantorum Basiliensis
^Mitglieder
 bezahlen einen Jahresbeitrag von Fr. 30 - (Personen unter 20 Jahren, Studenten und Berufsschüler der Musik-Akademie Fr. 15.-). Sie haben freien Eintritt zu den vier Konzerten des Vereins und das Vorbezugsrecht auf eine ermässigte Einzelkarte zum Extrakonzert und zu den Podiumskonzerten.
Freimitglieder
 entrichten einen Jahresbeitrag von mindestens Fr. 60.-. Dieser erhöhte Beitrag hilft dem Verein, die dringend notwendigen Mittel zur Durchführung größerer Konzerte bereitzustellen und verschafft freien Eintritt zu den 4 regulären Konzerten und dem Extrakonzert.
1	“Die Mitgliederbeiträge für 1913/14
 bitten wir, rechtzeitig vor dem am 16. Oktober 1973 stattfindenden ersten Konzert auf unser Postcheckkonto Basel 40 —16 145 ein-zahlen zu wollen. Die Postcheck-Quittung gilt als Mit gliederkarte und berechtigt zum freien Eintritt in die vier Konzerte und zum Bezug einer verbilligten Einzelkarte für das Extrakonzert und für die Podiumskonzerte. Es werden keine speziellen Mitgliederkarten verschickt.
c_Anmeldungen zur Mitgliedschaft^
 sind zu richten an das Sekretariat der «Freunde alter Musik in Basel», Leonhardsstraße 4,4051 Basel (Telephon 25 57 22).]]></page>
<pb facs="CH_Bm_prg/pyr_CH_Bm_prg-0115.tif"/>
<page><![CDATA[﻿]]></page>
       
        </p>
    </body>
  </text>
</TEI>
