<?xml version="1.0" encoding="UTF-8"?>
<?xml-model href="http://www.tei-c.org/release/xml/tei/custom/schema/relaxng/tei_all.rng" schematypens="http://relaxng.org/ns/structure/1.0"?>
<TEI xmlns="http://www.tei-c.org/ns/1.0">
  <teiHeader>
    <fileDesc>
        <titleStmt>
            <title>BASEL</title>
        </titleStmt>
        <editionStmt>
            <edition>TEI P5.1 Edition</edition>
            <respStmt>
                <resp>
                    <persName>Claudio Bacciagaluppi</persName>
                    <persName>Laurent Pugin</persName>
                    <persName>Rodolfo Zitellini</persName>
                    <date when="2016-01">Janvier 2016</date>
                </resp>
                <name>Bureau Suisse du RISM</name>
            </respStmt>
        </editionStmt>
        <publicationStmt>
            <publisher><orgName xml:base="http://www.rism-ch.org">Bureau Suisse du RISM</orgName></publisher>
        </publicationStmt>
	    <seriesStmt>
	     <idno type="collection">ch_famb</idno>
	    </seriesStmt>
      <sourceDesc>
		<bibl>
        <title>Concert<date when="19710202">02/02/1971</date></title>
<series>Concert</series>
<placeName>Basel, Hans Huber-Saal des Stadtcasinos Basel</placeName>
<orgName role="holding">Archiv des Vereins Freunde alter Musik Basel; <link target="http://famb.ch/"/></orgName>

		</bibl>
      </sourceDesc>
    </fileDesc>
  </teiHeader>
  <text>
    <body>
        <p> <!-- all the content of the program in one paragraph -->
            <pb facs="CH_Bm_prg/pyr_CH_Bm_prg-1647.tif"/>
<date when="19710202"/>
<name key="Albrechtsberger, Johann Georg" type="person" role="cmp">Albrechtsberger, Johann Georg</name>
<name key="Salieri, Antonio" type="person" role="cmp">Salieri, Antonio</name>
<name key="Beethoven, Ludwig van" type="person" role="cmp">Beethoven, Ludwig van</name>
<name key="Cannabich, Christian" type="person" role="cmp">Cannabich, Christian</name><name key="Linde, Hans-Martin" type="person" role="int">Linde, Hans-Martin</name>
<name key="Höller, Günther" type="person" role="int">Höller, Günther</name>
<name key="Renner, Hans Georg" type="person" role="int">Renner, Hans Georg</name>
<name key="Brejza, Josef" type="person" role="int">Brejza, Josef</name>
<name key="Leguillon, Bernhard" type="person" role="int">Leguillon, Bernhard</name>
<name key="Neininger, Wolfgang" type="person" role="int">Neininger, Wolfgang</name>
<name key="Joubert, Jules" type="person" role="int">Joubert, Jules</name>
<name key="Joubert-Kägi, Ursula" type="person" role="int">Joubert-Kägi, Ursula</name>
<name key="Fuente, Miguel de la" type="person" role="int">Fuente, Miguel de la</name>
<name key="Leisinger, Heidi" type="person" role="int">Leisinger, Heidi</name>
<name key="Heman, Christine" type="person" role="int">Heman, Christine</name>
<name key="Day, Christoph" type="person" role="int">Day, Christoph</name>
<name key="Esser, Werner" type="person" role="int">Esser, Werner</name>
<name key="Müller, Hannelore" type="person" role="int">Müller, Hannelore</name>
<name key="Jappe, Michael" type="person" role="int">Jappe, Michael</name>
<name key="Viale, Angelo" type="person" role="int">Viale, Angelo</name>
<name key="Schmidt, Christopher" type="person" role="int">Schmidt, Christopher</name>
<name key="Linder, Klaus" type="person" role="int">Linder, Klaus</name>
<name key="Wenzinger, August" type="person" role="int">Wenzinger, August</name><title>Concert</title>
<placeName key="Basel, Hans Huber-Saal des Stadtcasinos Basel"/>
<name key="Concert" type="series"/>
<page><![CDATA[﻿         FREUNDE ALTER MUSIK III BASEL
                  EXTRAKOITZEET
Dienstag, 2.Februar 1971, 20.15 Uhr, Hans Hubersaal
         ORCHESTERMUSIK.UM BEETHOVEN
Ausführende:
Die verstärkte Konzertgruppe der.Schola Cantorum Basiliensis:
Hans-Martin Linde, Günther Holler (Trayersflöte), Hans-GeorgRenner (Oboe), Joseph Brejza, Bernhard Leguillon (Naturhorn.), Wolf gang Neininger., Jules Joubart, Ursula Kägi, Miguel de la Fuente, Heidi Leisinger, Christine Heman (Violine), Christoph Day, Werner Esser (Bratsche), Hannelore Müller, Michael. Jappe (Violoncello), Angelö. Viale (Contrabass),
Christopher.Schmidt (Pauke), Klaus Linder (Eazmner-flügel).
Leitung: August Wenzinger
Programm 50 Rappen]]></page>
<pb facs="CH_Bm_prg/pyr_CH_Bm_prg-1648.tif"/>
<page><![CDATA[﻿             PROGRAMM
Johann Georg Albrechtsberger Adagio e Fuga in C 1736 - 1809	per due quartetti d'archi
                             I: Neininger, J.Joubert, Day, Hl,Müller II: de la. Fuente, Leisinger, Esser, Jappe
Antonio Salieri 1750 - 1825
              Tripelkonzert, in D-dur für Violine, Oboe, Violoncello und Orchester.(177^)
                               Allegro moderato / Canta-bile / Andantino
                              Solovioline: W,Neininger Solooboe: H.G0Renner Solocello: Hl.Müller
             Pause
Ludwig van Beethoven 1770 - 1827
Christian Cannabich 1731 - 1798
Konzert in Es-dur UoO H (178U) für Klavier , und Orchester
Allegro moderato /
Larghetto / Rondo
Hammerflügel: K.Linder
Sinfonia in G-dur für Orchester
Allegro con spirito / Andante / Minuetto / Allegro assai
Die verwendeten Instrumente:.
Traversflöten.von Johannes Adler, Markoeukirchen und Otto Steinkopf, Celle Barockoboe nach Johann Christoph Dennei von Otto Steinkopf, Celle
Ilaturhörner von den Gebrüdern Alexander, Mainz Streichinstrumente in alter Mensur Kammerflüge 1.: Kopie nach Mozarts Flügel von Anton Walter, Wien um 1730.]]></page>
<pb facs="CH_Bm_prg/pyr_CH_Bm_prg-1649.tif"/>
<page><![CDATA[﻿]]></page>
       
        </p>
    </body>
  </text>
</TEI>
