<?xml version="1.0" encoding="UTF-8"?>
<?xml-model href="http://www.tei-c.org/release/xml/tei/custom/schema/relaxng/tei_all.rng" schematypens="http://relaxng.org/ns/structure/1.0"?>
<TEI xmlns="http://www.tei-c.org/ns/1.0">
  <teiHeader>
    <fileDesc>
        <titleStmt>
            <title>BASEL</title>
        </titleStmt>
        <editionStmt>
            <edition>TEI P5.1 Edition</edition>
            <respStmt>
                <resp>
                    <persName>Claudio Bacciagaluppi</persName>
                    <persName>Laurent Pugin</persName>
                    <persName>Rodolfo Zitellini</persName>
                    <date when="2016-01">Janvier 2016</date>
                </resp>
                <name>Bureau Suisse du RISM</name>
            </respStmt>
        </editionStmt>
        <publicationStmt>
            <publisher><orgName xml:base="http://www.rism-ch.org">Bureau Suisse du RISM</orgName></publisher>
        </publicationStmt>
	    <seriesStmt>
	     <idno type="collection">ch_famb</idno>
	    </seriesStmt>
      <sourceDesc>
		<bibl>
        <title>Concert<date when="19780509">09/05/1978</date></title>
<series>Concert</series>
<placeName>Basel, Hans Huber-Saal des Stadtcasinos Basel</placeName>
<orgName role="holding">Archiv des Vereins Freunde alter Musik Basel; <link target="http://famb.ch/"/></orgName>

		</bibl>
      </sourceDesc>
    </fileDesc>
  </teiHeader>
  <text>
    <body>
        <p> <!-- all the content of the program in one paragraph -->
            <pb facs="CH_Bm_prg/pyr_CH_Bm_prg-0422.tif"/>
<date when="19780509"/>
<name key="Nares, James" type="person" role="cmp">Nares, James</name>
<name key="Bach, Carl Philipp Emmanuel" type="person" role="cmp">Bach, Carl Philipp Emanuel</name>
<name key="Bach, Wilhelm Friedemann" type="person" role="cmp">Bach, Wilhelm Friedemann</name>
<name key="Bach, Johann Sebastian" type="person" role="cmp">Bach, Johann Sebastian</name>
<name key="Scarlatti, Domenico" type="person" role="cmp">Scarlatti, Domenico</name><name key="Tilney, Colin" type="person" role="int">Tilney, Colin</name><title>Concert</title>
<placeName key="Basel, Hans Huber-Saal des Stadtcasinos Basel"/>
<name key="Concert" type="series"/>
<page><![CDATA[﻿MUSIK UM 1,70: HAMMERKLAVIER UND CEMBALO
      FREUNDE ALTER MUSIK IN BASEL
      4.	Konzert
      Dienstag, den 9. Mai 1978, 20.15 Uhr im Hans Huber-Saal des Stadtcasinos
]]></page>
<pb facs="CH_Bm_prg/pyr_CH_Bm_prg-0423.tif"/>
<page><![CDATA[﻿PROGRAMM
Cembalo:
James Nares 1715-1783
Domenico Scarlatti 1685-1757
Wilhelm Friedemann Bach 1710-1784
PAUSE
Hammerklavier:
Johann Sebastian Bach 1685-1750
Carl Philipp Emmanuel Bach 1714-1788
Josef Haydn 1732-1809
Lesson in B flat, op.2/3 (1759)
  Larghetto affettuoso Allegro
  Tempo di Minuetto
Vier Sonaten aus einer Venezianer Handschrift von 1753
  Andante d-moll Allegro vivo D-dur Andante g-moll Allegro G-dur
Sonate Nr. 6, Es-dur (1748)
  Allegro ma non troppo
  Largo
  Presto
Ricercar a 3
Aus dem "Musikalischen Opfer" (BWV 1079, 1747)
Sonate d-moll (Wotq. 51/4,1761)
  Allegro assai Largo e sostenuto Presto
Sonate Nr.32, g-moll (Hob.XVI/44, um 1768)
  Moderato
  Allegretto

AUSFUEHRENDE
Colin Tilney, Cembalo und Hammerklavier
Titelbild: Radierung von Sigmund Freudeberger, "La Le^on de clavecin", um 1768
Eintritt für Mitglieder frei. Karten zu Fr. 10.35 (Jugendliche, Studenten und Schüler der Musik-Akademie Fr. 5.75) beim Musikhaus "au concert", Aeschenvorstadt 24 (Tel. 23.11.76) und an der Abendkasse .
Interessenten für eine Mitgliedschaft können sich an das Sekretariat der FAMB, Leonhardsstr. 4, 4051 Basel (Tel. 25.57.22, intern 35) wenden.]]></page>
<pb facs="CH_Bm_prg/pyr_CH_Bm_prg-0424.tif"/>
<page><![CDATA[﻿                                       .
                       '
 '
]]></page>
<pb facs="CH_Bm_prg/pyr_CH_Bm_prg-0425.tif"/>
<page><![CDATA[﻿              Instrumente
             Cembalo in flämischer Bauweise von Klaus Ahrend
             freundlicherweise zur Verfügung gestellt von Herrn Jean-Claude Zehnder
             Hammerflügel von Jean Andrö Stein, Augsburg 1791, restauriert von Martin Scholz, aus dem Besitz von Dr. Paul Sacher.
]]></page>
       
        </p>
    </body>
  </text>
</TEI>
