<?xml version="1.0" encoding="UTF-8"?>
<?xml-model href="http://www.tei-c.org/release/xml/tei/custom/schema/relaxng/tei_all.rng" schematypens="http://relaxng.org/ns/structure/1.0"?>
<TEI xmlns="http://www.tei-c.org/ns/1.0">
  <teiHeader>
    <fileDesc>
        <titleStmt>
            <title>BASEL</title>
        </titleStmt>
        <editionStmt>
            <edition>TEI P5.1 Edition</edition>
            <respStmt>
                <resp>
                    <persName>Claudio Bacciagaluppi</persName>
                    <persName>Laurent Pugin</persName>
                    <persName>Rodolfo Zitellini</persName>
                    <date when="2016-01">Janvier 2016</date>
                </resp>
                <name>Bureau Suisse du RISM</name>
            </respStmt>
        </editionStmt>
        <publicationStmt>
            <publisher><orgName xml:base="http://www.rism-ch.org">Bureau Suisse du RISM</orgName></publisher>
        </publicationStmt>
	    <seriesStmt>
	     <idno type="collection">ch_famb</idno>
	    </seriesStmt>
      <sourceDesc>
		<bibl>
        <title>Concert<date when="19941202">02/12/1994</date></title>
<series>Concert</series>
<placeName>Basel, Festsaal des Stadtcasinos Basel</placeName>
<orgName role="holding">Archiv des Vereins Freunde alter Musik Basel; <link target="http://famb.ch/"/></orgName>

		</bibl>
      </sourceDesc>
    </fileDesc>
  </teiHeader>
  <text>
    <body>
        <p> <!-- all the content of the program in one paragraph -->
            <pb facs="CH_Bm_prg/pyr_CH_Bm_prg-0881.tif"/>
<date when="19941202"/>
<name key="Blow, John" type="person" role="cmp">Blow, John</name>
<name key="Croft, William" type="person" role="cmp">Croft, William</name>
<name key="Purcell, Henry" type="person" role="cmp">Purcell, Henry</name>
<name key="Stradella, Alessandro" type="person" role="cmp">Stradella, Alessandro</name>
<name key="Scarlatti, Domenico" type="person" role="cmp">Scarlatti, Domenico</name>
<name key="Handel, George Frideric" type="person" role="cmp">Händel, Georg Friedrich</name><name key="Kirkby, Emma" type="person" role="int">Kirkby, Emma</name>
<name key="Mortensen, Lars Ulrik" type="person" role="int">Mortensen, Lars Ulrik</name><title>Concert</title>
<placeName key="Basel, Festsaal des Stadtcasinos Basel"/>
<name key="Concert" type="series"/>
<page><![CDATA[﻿Extrakonzert I
        Freitag, 2. Dezember 1994, 20.15 Uhr Grösser Festsaal Casino Basel
]]></page>
<pb facs="CH_Bm_prg/pyr_CH_Bm_prg-0882.tif"/>
<page><![CDATA[﻿„And Britain's Orpheus learned his art from you" lautet die Schlusszeile eines Gedichtes zu Ehren John Blows und seiner Liedsammlung „Amphion Anglicus' (1700). Und an seiner Grabstätte in der Westminster Abbey London lesen wir, dass er „Master to the famous Mr. Henry Purcell" war. Übersteigt der Ruhm eines Schülers denjenigen des Lehrers, so nimmt man normalerweise an, dass das Talent des älteren wohl geringer gewesen sein muss. In der Beziehung zwischen John Blow und Henry Purcell werden wir durch die jüngste Forschung aber eines Besseren belehrt: Blow schrieb nicht nur viel, sondern ebenso gute Musik. Dieses dichte, reiche Ouevre muss den jungen Purcell inspiriert haben: Sein Einfluss durchdringt Purcells Arbeit - speziell in seinen Liedern. Es verwundert nicht, hier schon ungewöhnliche harmonische Wendungen zur dramatischen Ausdruckssteigerung zu hören und die affektive Vertonung von Liebe, Verrücktheit oder Melancholie zu finden. Die drei Lieder aus der erwähnten Sammlung „Amphion Anglicus' veranschaulichen dies deutlich.
  Den Beinamen „Orpheus Britannicus" erhielt Henry Purcell schon zu Lebzeiten und - quasi als Hommage - diente er auch als Titel einer posthum erschienenen Liedsammlung. Die Bedeutung der Gattung Lied in seinem Schaffen kann nicht genug unterstrichen werden. Man unterschied selbst in der Oper den rezitativen vom „Songish Part". Unter songish will sowohl das allgemein Gesangliche wie auch das Liedhafte verstanden sein. „Dear Pretty Youth' entstammt dem Musiktheater (The Tempest, Shakespeare), ebenso „From Rosy Bow'rs' (Don Quixote). Die übrigen drei Lieder entstanden nach 1690 und sind Beispiele grösser dramatischer Ausdruckskraft voller illustrierender Figuren und gezielt verwendeter Dissonanzen. „What a sad fate" schliesslich zählt zu den damals so beliebten „Songs above a Ground" (Lieder über einer ostinaten Bassfigur).
  William Croft begann seine „Karriere" wie Blow und Purcell als Chorknabe der Chapel Royal, war Schüler von Blow und wurde 1708 dessen Nachfolger in allen Ämtern (Master of the children, Organist und Hofkomponist). Sein rhythmisches Vokabular und die Phrasierungskunst seiner Cembalomusik sind bemerkenswert; sie wurde daher in verschiedenen Anthologien des 1 8. Jahrhunderts abgedruckt.
  Der zweite Teil des Konzerts führt uns in den Süden: Auf der Suche nach einer neuen musikalischen Sprache machte Georg Friedrich Händel sich 1706 auf die Reise nach Italien. Der Stoff seiner Kantate „O Numi Eterni" („Ihr ewigen Götter") ist der römischen Mythologie entnommen: Lucretia, die Frau eines römischen Feldherrn, nimmt sich das Leben, nachdem ein Gefährte ihres Mannes sie überfallen und geschändet hat.

   Die Kantaten seines Kollegen Alessandro Stradella hat Händel nicht nur gut gekannt, er hat ganze Teile daraus für seine eigenen Kompositionen verwendet. Stradella profitierte von der Gunst der Königin Christina von Schweden, die in Rom im Exil lebte und als Mäzenin die dortige Musikszene beeinflusste. Er selbst musste seinen Aufenthaltsort häufiger wechseln, sein unsteter Lebenswandel (mehrere Anklagen wegen Betrugs und Ehebruchs) zwang ihn dazu. In Stradellas Kantate „II destin vuol ch'io pianga" („Das Schicksal will, dass ich weine") beklagt eine Frau ihr schweres Los; der Hörer erfährt |edoch nicht, was ihr genau widerfahren ist. Gleichzeitig beschwört sie ihre Standhaftigkeit und beteuert, sich diesem Schicksal nicht zu unterwerfen und nicht zu weinen.
Emma Kirkby
Als Solistin gibt Emma Kirkby Konzerte in der ganzen Welt mit Orchestern und Kammerensembles wie der "Academy of Ancient Music", dem "London Baroque", dem "Orchestra of The Age of Enlightenment", dem "Freiburger Barockorchester", der "Tafelmusik" sowie dem "Studio de Musique Ancienne de Montreal". Zusätzlich zu ihren Solo-Auftritten singt sie regelmässig mit dem Lautenisten Anthony Rooley und verbringt zwei Drittel des Jahres auf Tournee mit dem Kammerensemble “Consort of Musicke“.
Ihre über 100 Schallplatten zeugen von ihrem enormen Rea^ toi re.
Lars Ulrik Mortensen
Der dänische Cembalist studierte in Kopenhagen und London. Eine ausgedehnte Konzerttätigkeit mit Reisen in Europa, nach Mittel- und Südamerika, Japan und in die USA schloss sich an. Ferner war er je drei Jahre Cembalist des Ensembles "London Baroque“ und des "Collegium Musicum 90"
Seine heutigen Aktivitäten umfassen regelmc. sige Auftritte mit Emma Kirkby, John Holloway und Jaap ter Linden, Konzerte mit den Ensembles "Consort of Musicke" und "Red Byrd“ und regelmässige Gastdirigate bei verschiedenen dänischen und schwedischen Orchestern. Er unterrichtet am Königlichen Dänischen Konservatorium und wirkt als Dozent bei Barockmusik-kursen in ganz Europa.]]></page>
<pb facs="CH_Bm_prg/pyr_CH_Bm_prg-0883.tif"/>
<page><![CDATA[﻿PROGRAMM
John Blow	"If Mighty Wealth"
(1649 - 1708)	"Lysander I Pursue"
                               "The Self-Banished"
William Croft	Suite c-moll für Cembalo
(1678 - 1727)	Ground
                                Allemande
                                 Courante
                               Sarabande
rfc^j	Hornpipe
Henry Purcell (1659-1695)
"If Music Be the Food of Love“ "What a Sad Fate"
"Not All My Torments’
"Dear Pretty Youth"
"From Rosy Bow'rs"
PAUSE
Alessandro Stradella (1644-1682)
"II destin vuol ch'io pianga"
Kantate für Sopran und Generalbass
Domenico Scarlatti (1685- 1757)
•rou'
Sonata f-moll K. 365 für Cembalo Allegro
Sonata F-Dur K. 205 für Cembalo
       Vivo
Georg Friedrich Händel (1685-1759)
‘O Numi Eterni"
Kantate für Sopran und Generalbass
Emma Kirkby Lars Ulrik Mortensen
 Sopran
 Cembalo
Dieses Konzert wird von Schweizer Radio DRS 2 aufgenommen und am
Donnerstag, 2. Februar 1995, um 20.05 Uhr gesendet.
]]></page>
       
        </p>
    </body>
  </text>
</TEI>
