<?xml version="1.0" encoding="UTF-8"?>
<?xml-model href="http://www.tei-c.org/release/xml/tei/custom/schema/relaxng/tei_all.rng" schematypens="http://relaxng.org/ns/structure/1.0"?>
<TEI xmlns="http://www.tei-c.org/ns/1.0">
  <teiHeader>
    <fileDesc>
        <titleStmt>
            <title>BASEL</title>
        </titleStmt>
        <editionStmt>
            <edition>TEI P5.1 Edition</edition>
            <respStmt>
                <resp>
                    <persName>Claudio Bacciagaluppi</persName>
                    <persName>Laurent Pugin</persName>
                    <persName>Rodolfo Zitellini</persName>
                    <date when="2016-01">Janvier 2016</date>
                </resp>
                <name>Bureau Suisse du RISM</name>
            </respStmt>
        </editionStmt>
        <publicationStmt>
            <publisher><orgName xml:base="http://www.rism-ch.org">Bureau Suisse du RISM</orgName></publisher>
        </publicationStmt>
	    <seriesStmt>
	     <idno type="collection">ch_famb</idno>
	    </seriesStmt>
      <sourceDesc>
		<bibl>
        <title>Concert<date when="19600222">22/02/1960</date></title>
<series>Concert</series>
<placeName>Basel, Hans Huber-Saal des Stadtcasinos Basel</placeName>
<orgName role="holding">Archiv des Vereins Freunde alter Musik Basel; <link target="http://famb.ch/"/></orgName>

		</bibl>
      </sourceDesc>
    </fileDesc>
  </teiHeader>
  <text>
    <body>
        <p> <!-- all the content of the program in one paragraph -->
            <pb facs="CH_Bm_prg/pyr_CH_Bm_prg-1234.tif"/>
<date when="19600222"/>
<name key="Coprario, John" type="person" role="cmp">Coperario, John</name>
<name key="Jenkins, John" type="person" role="cmp">Jenkins, John</name>
<name key="Lawes, William" type="person" role="cmp">Lawes, William</name>
<name key="Frescobaldi, Girolamo Alessandro" type="person" role="cmp">Frescobaldi, Girolamo</name>
<name key="Legrenzi, Giovanni" type="person" role="cmp">Legrenzi, Giovanni</name><name key="Wenzinger, August" type="person" role="int">Wenzinger, August</name>
<name key="Majer, Marianne" type="person" role="int">Majer, Marianne</name>
<name key="Müller, Hannelore" type="person" role="int">Müller, Hannelore</name>
<name key="Koch, Johannes" type="person" role="int">Koch, Johannes</name>
<name key="Müller, Eduard" type="person" role="int">Müller, Eduard</name><title>Concert</title>
<placeName key="Basel, Hans Huber-Saal des Stadtcasinos Basel"/>
<name key="Concert" type="series"/>
<page><![CDATA[﻿FREUNDE ALTER MUSIK IN BASEL
2.Konzert
Montag, den 22.Februar i960, 20.15 Uhr im Hans Hubersaal MUSIK FÜR GAMBEN UND
KLEINORGEL
Das Viola da gamba-Quartett der Schola Cantorum Basiliensis: August Wenzinger, Marianne Majer, Hannelore Müller, Johannes Koch; Eduard Müller, Orgelpositiv
Programm JO Cts.
Eintritt für Mitglieder frei. Karten für Nichtmitglieder zu Fr.5.75 (Jugendliche, Studenten und Berufsschüler der Musik-Akademie bezahlen Fr.2.70) bei Hug & Co., Freiestrasse 70a, und an der Abendkasse.]]></page>
<pb facs="CH_Bm_prg/pyr_CH_Bm_prg-1235.tif"/>
<page><![CDATA[﻿Programm
John Coperario
geb.um 1575 gest.um 1626
John Jenkins 1592-1678
William Laves gest. 1645
'S Suite in C für Diskantgambe, Bassgambe und obligate Orgel
   Fantasia / Alman / Ayre
   Drei Stücke für Viola da gamba-Quartett
 v Fantasia Nr.20 in C Ayre in G ^ Alman in C
   Zwei Stücke für zvei Diskantgamben, Bassgaube und Orgelcontinuo
 v Fantasia in F
 ^ Ayre in F
 \J Fantasia in D für zwei Diskantgambe Bassgambe und obligate Orgel
 'J Suite Nr.5 in d für zwei Diskantgamben, Bassgambe und obligate Orgel
   Fantasia / Alman / Ayre Pause

Girolamo Frescobaldi Drei Canzonen für Viola da gamba-1583-16^3	Quartett und Orgelcontinuo (163^-)
                       v Canzona Nr.3 in F
                      ^ Canzona NrA in d
                         v' Canzona Nr.5 in d
                        vBergamasca für Orgel (aus "Fiori musicali", 1635)
Giovanni Legrenzi	Zvei Sonaten für Viola da gamba-
I626-I69O	Quartett und Orgelcontinuo
                          (a’is "La Cetra", 1682)
                       V	Sonata Nr«5 in g
                        V	Sonata Nr.6 in e
Die verwendeten Instrumente:
1 Diskant- und 2 Tenorgamben Eugen Sprenger, Frankfurt a.M. Diskantgambe Michel Collichon, Paria 1693 Bassgambe Joachim Tielke, Hamburg 1677
Orgelpositiv des Basler Gesangvereins, erbaut von der Firma Metzler & Söhne, Dietikon/3ch]]></page>
<pb facs="CH_Bm_prg/pyr_CH_Bm_prg-1236.tif"/>
<page><![CDATA[﻿]]></page>
       
        </p>
    </body>
  </text>
</TEI>
