<?xml version="1.0" encoding="UTF-8"?>
<?xml-model href="http://www.tei-c.org/release/xml/tei/custom/schema/relaxng/tei_all.rng" schematypens="http://relaxng.org/ns/structure/1.0"?>
<TEI xmlns="http://www.tei-c.org/ns/1.0">
  <teiHeader>
    <fileDesc>
        <titleStmt>
            <title>BASEL</title>
        </titleStmt>
        <editionStmt>
            <edition>TEI P5.1 Edition</edition>
            <respStmt>
                <resp>
                    <persName>Claudio Bacciagaluppi</persName>
                    <persName>Laurent Pugin</persName>
                    <persName>Rodolfo Zitellini</persName>
                    <date when="2016-01">Janvier 2016</date>
                </resp>
                <name>Bureau Suisse du RISM</name>
            </respStmt>
        </editionStmt>
        <publicationStmt>
            <publisher><orgName xml:base="http://www.rism-ch.org">Bureau Suisse du RISM</orgName></publisher>
        </publicationStmt>
	    <seriesStmt>
	     <idno type="collection">ch_famb</idno>
	    </seriesStmt>
      <sourceDesc>
		<bibl>
        <title>Concert<date when="19821207">07/12/1982</date></title>
<series>Concert</series>
<placeName>Basel, Grosser Saal der Musik-Akademie</placeName>
<orgName role="holding">Archiv des Vereins Freunde alter Musik Basel; <link target="http://famb.ch/"/></orgName>

		</bibl>
      </sourceDesc>
    </fileDesc>
  </teiHeader>
  <text>
    <body>
        <p> <!-- all the content of the program in one paragraph -->
            <pb facs="CH_Bm_prg/pyr_CH_Bm_prg-0488.tif"/>
<date when="19821207"/>
<name key="Beethoven, Ludwig van" type="person" role="cmp">Beethoven, Ludwig van</name>
<name key="Schubert, Franz" type="person" role="cmp">Schubert, Franz</name>
<name key="Romberg, Bernhard Heinrich" type="person" role="cmp">Romberg, Bernhard Heinrich</name>
<name key="Chopin, Fryderyk Franciszek" type="person" role="cmp">Chopin, Fryderyk Franciszek</name><name key="Bylsma, Anner" type="person" role="int">Bylsma, Anner</name>
<name key="Goverts, Jean" type="person" role="int">Goverts, Jean</name><title>Concert</title>
<placeName key="Basel, Grosser Saal der Musik-Akademie"/>
<name key="Concert" type="series"/>
<page><![CDATA[﻿            I
FREUNDE ALTER MUSIK IN BASEL 1. Konzert
MUSIK FUER VIOLONCELLO UND FORTEPIANO
Dienstag, den 7, Dezember 1982 20.15 Uhr Grösser Saal der Muslk-Akademle
]]></page>
<pb facs="CH_Bm_prg/pyr_CH_Bm_prg-0489.tif"/>
<page><![CDATA[﻿          Anner Bijlsma Violoncello Jean Goverts Hammerflüget
Ludwig van Beethoven Sonate op. 5, Nr. 2 in g-moll 1770-1827	für Klavier und Violoncello
                       entstanden 1796
                       Dem König Wilhelm II. von
                       Preussen gewidmet
                       Adagio sostenuto e espressivo
                       Allegro molto piü tosto presto
                       Rondo : Allegro
Franz Schubert	Sonate D. 821 in a-moll
1797-1828	für Arpeggione und Klavier
                       entstanden 1824
                       Allegro moderato
                       Adagio
                       Allegretto
            PAUSE

Bernhard Romberg 1767-1841
Frediric Chopin 10-1849
Fr£d6vin Chonin
Frederic Chopin
Instrumente
"Praeludium für das Violoncell’" komponiert 1835 Beilage aus der Allgemeinen Musikalischen Zeitung
Etüde8 op. 25 entstanden 1832/1836 A Madame la Comtesse d'Agoult
Nr. 1 As-Dur Allegro sostenuto
Nr 2 f-moll Presto
Nr. 9 Ges-Dur Allegro assai
Impromptu op. posth. in cis-moll entstanden Paris 1835 Composä pour Madame la Baronne d'Este 1. Fassung
Allegro agitato
Polonaise Brillante op. 3 in C-Dur A Monsieur Joseph Merk
Introduotion
Alla Polaooa
Violoncello von M. Goffriller, Venedig 1698 Hammerflügel Nannette Streicher-Stein, 1816 Hammerflügel von Erard, Paris um 1837]]></page>
<pb facs="CH_Bm_prg/pyr_CH_Bm_prg-0490.tif"/>
<page><![CDATA[﻿t
-]]></page>
       
        </p>
    </body>
  </text>
</TEI>
