<?xml version="1.0" encoding="UTF-8"?>
<?xml-model href="http://www.tei-c.org/release/xml/tei/custom/schema/relaxng/tei_all.rng" schematypens="http://relaxng.org/ns/structure/1.0"?>
<TEI xmlns="http://www.tei-c.org/ns/1.0">
  <teiHeader>
    <fileDesc>
        <titleStmt>
            <title>BASEL</title>
        </titleStmt>
        <editionStmt>
            <edition>TEI P5.1 Edition</edition>
            <respStmt>
                <resp>
                    <persName>Claudio Bacciagaluppi</persName>
                    <persName>Laurent Pugin</persName>
                    <persName>Rodolfo Zitellini</persName>
                    <date when="2016-01">Janvier 2016</date>
                </resp>
                <name>Bureau Suisse du RISM</name>
            </respStmt>
        </editionStmt>
        <publicationStmt>
            <publisher><orgName xml:base="http://www.rism-ch.org">Bureau Suisse du RISM</orgName></publisher>
        </publicationStmt>
	    <seriesStmt>
	     <idno type="collection">ch_famb</idno>
	    </seriesStmt>
      <sourceDesc>
		<bibl>
        <title>Season<date when="19450203">03/02/1945</date></title>
<series>Season</series>
<placeName>Basel, Musikzimmer im Blauen Haus (Rheinsprung 16)</placeName>
<orgName role="holding">Archiv des Vereins Freunde alter Musik Basel; <link target="http://famb.ch/"/></orgName>

		</bibl>
      </sourceDesc>
    </fileDesc>
  </teiHeader>
  <text>
    <body>
        <p> <!-- all the content of the program in one paragraph -->
            <pb facs="CH_Bm_prg/pyr_CH_Bm_prg-0008.tif"/>
<date when="19450203"/>
<name key="Mozart, Wolfgang Amadeus" type="person" role="cmp">Mozart, Wolfgang Amadeus</name>
<name key="Haydn, Joseph" type="person" role="cmp">Haydn, Joseph</name>
<name key="Reichardt, Johann Friedrich" type="person" role="cmp">Reichardt, Johann Friedrich</name>
<name key="Zelter, Carl Friedrich" type="person" role="cmp">Zelter, Carl Friedrich</name>
<name key="Reincken, Johann Adam" type="person" role="cmp">Reincken, Johann Adam</name>
<name key="Bach, Johann Sebastian" type="person" role="cmp">Bach, Johann Sebastian</name>
<name key="Thibault de Navarre" type="person" role="cmp">Thibault de Navarre</name>
<name key="Anonymus" type="person" role="cmp">Anonymus</name>
<name key="Raimbaut de Vaqueiras" type="person" role="cmp">Raimbaut de Vaqueiras</name>
<name key="Perrin d'Agincourt" type="person" role="cmp">Perrin d'Agincourt</name>
<name key="Anonymus" type="person" role="cmp">Anonymus</name>
<name key="Chaillou de Pestain" type="person" role="cmp">Chaillou de Pestain</name>
<name key="Mulino" type="person" role="cmp">Mulino</name>
<name key="Machaut, Guillaume de" type="person" role="cmp">Machaut, Guillaume de</name>
<name key="Locke, Matthew" type="person" role="cmp">Locke, Matthew</name>
<name key="Weelkes, Thomas" type="person" role="cmp">Weelkes, Thomas</name>
<name key="Gibbons, Orlando" type="person" role="cmp">Gibbons, Orlando</name>
<name key="Farnaby, Giles" type="person" role="cmp">Farnaby, Giles</name>
<name key="Tomkins, Thomas" type="person" role="cmp">Tomkins, Thomas</name>
<name key="Wilbye, John" type="person" role="cmp">Wilbye, John</name>
<name key="Purcell, Henry" type="person" role="cmp">Purcell, Henry</name>
<name key="Telemann, Georg Philipp" type="person" role="cmp">Telemann, Georg Philipp</name>
<name key="Bach, Johann Sebastian" type="person" role="cmp">Bach, Johann Sebastian</name>
<name key="Buxtehude, Dietrich" type="person" role="cmp">Buxtehude, Dieterich</name>
<name key="Bach, Johann Sebastian" type="person" role="cmp">Bach, Johann Sebastian</name>
<name key="Marcello, Benedetto" type="person" role="cmp">Marcello, Benedetto</name>
<name key="Couperin, François" type="person" role="cmp">Couperin, François</name><name key="Widmer-Hoch, Pauline" type="person" role="int">Widmer-Hoch, Pauline</name>
<name key="Kägi, Walter" type="person" role="int">Kägi, Walter</name>
<name key="Flügel, Gertrud" type="person" role="int">Flügel, Gertrud</name>
<name key="Majer, Marianne" type="person" role="int">Majer, Marianne</name>
<name key="Wenzinger, August" type="person" role="int">Wenzinger, August</name>
<name key="Adler, Alice" type="person" role="int">Adler, Alice</name>
<name key="Kägi, Valerie" type="person" role="int">Kägi, Valerie</name>
<name key="Bopp, Joseph" type="person" role="int">Bopp, Joseph</name>
<name key="Kägi, Walter" type="person" role="int">Kägi, Walter</name>
<name key="Majer, Marianne" type="person" role="int">Majer, Marianne</name>
<name key="Wenzinger, August" type="person" role="int">Wenzinger, August</name>
<name key="Müller, Eduard" type="person" role="int">Müller, Eduard</name>
<name key="Nef, Walter" type="person" role="int">Nef, Walter</name>
<name key="Helbling, Maria" type="person" role="int">Helbling, Maria</name>
<name key="Meili, Max" type="person" role="int">Meili, Max</name>
<name key="Etzensperger, Fritz" type="person" role="int">Etzensperger, Fritz</name>
<name key="Kägi, Valerie" type="person" role="int">Kägi, Valerie</name>
<name key="Wenzinger, August" type="person" role="int">Wenzinger, August</name>
<name key="Wörsching, Fritz" type="person" role="int">Wörsching, Fritz</name>
<name key="Müller, Eduard" type="person" role="int">Müller, Eduard</name>
<name key="Zumthor, Paul" type="person" role="int">Zumthor, Paul</name>
<name key="Scherz-Meister, Elsa" type="person" role="int">Scherz-Meister, Elsa</name>
<name key="Wenzinger, Ilse" type="person" role="int">Wenzinger, Ilse</name>
<name key="Helbling, Maria" type="person" role="int">Helbling, Maria</name>
<name key="Meili, Max" type="person" role="int">Meili, Max</name>
<name key="Etzensperger, Fritz" type="person" role="int">Etzensperger, Fritz</name>
<name key="Flügel, Gertrud" type="person" role="int">Flügel, Gertrud</name>
<name key="Majer, Marianne" type="person" role="int">Majer, Marianne</name>
<name key="Wenzinger, August" type="person" role="int">Wenzinger, August</name>
<name key="Wenzinger, Maya" type="person" role="int">Wenzinger, Maya</name>
<name key="Kägi, Valerie" type="person" role="int">Kägi, Valerie</name>
<name key="Scherz-Meister, Elsa" type="person" role="int">Scherz-Meister, Elsa</name>
<name key="Widmer-Hoch, Pauline" type="person" role="int">Widmer-Hoch, Pauline</name>
<name key="Meili, Max" type="person" role="int">Meili, Max</name>
<name key="Etzensperger, Fritz" type="person" role="int">Etzensperger, Fritz</name>
<name key="Kägi, Walter" type="person" role="int">Kägi, Walter</name>
<name key="Felicani, Rodolfo" type="person" role="int">Felicani, Rodolfo</name>
<name key="Majer, Marianne" type="person" role="int">Majer, Marianne</name>
<name key="Wenzinger, August" type="person" role="int">Wenzinger, August</name>
<name key="Moser, Fritz" type="person" role="int">Moser, Fritz</name>
<name key="Adler, Alice" type="person" role="int">Adler, Alice</name>
<name key="Bopp, Joseph" type="person" role="int">Bopp, Joseph</name>
<name key="Schwendener, Max" type="person" role="int">Schwendener, Max</name>
<name key="Müller, Eduard" type="person" role="int">Müller, Eduard</name>
<name key="Helbling, Maria" type="person" role="int">Helbling, Maria</name>
<name key="Wenzinger, August" type="person" role="int">Wenzinger, August</name>
<name key="Pidoux, Pierre" type="person" role="int">Pidoux, Pierre</name><title>Season</title>
<placeName key="Basel, Musikzimmer im Blauen Haus (Rheinsprung 16)"/>
<name key="Season" type="series"/>
<page><![CDATA[﻿Freunde alter Musik in Basel
GENERALPROGRAMM 1945
Basel, Anfang Januar 1945.
  Sehr geehrte Dame, sehr geehrter Herrt
  Wir beehren uns, Ihnen das Generalprogramm 1945 zu überreichen und Sie zum Besuch unserer Konzerte und, soweit Sie nicht schon Mitglied sind, zum Beitritt zu unserem Verein höflich einzuladen.
  Der Verein „Freunde alter Musik in Basel“ wurde im September 1942 gegründet, um durch den Zusammenschluß aller Freunde alter Musik die stilgerechte Aufführung älterer Musikwerke unter möglichst genauer Berücks.chtigung ihrer historischen Voraussetzungen in regelmäßigen Zyklen zu ermöglichen.
  Der Verein veranstaltet jährlich drei öjjentliche Konzerte, sowie drei Hauskonzerte in intimerem Rahmen. Mitglieder haben freien Eintritt zu den drei Hauskonzerten und für die drei öffentlichen Konzerte das Recht zum Bezug von Mitglieder-Abonnements zu halben Preisen. (Über Höhe der Mitgliederbeiträge und Vergünstigungen siehe Rückseite.)
  Über die Konzerttätigkeit orientiert Sie das umstehende Generalprogramm 1945 sowie der ebenfalls beiliegende Jahresbericht 1944. Für unsere Mitglieder legen wir außerdem einen Einzahlungsschein für den Jahresbeitrag 1945, sowie zwei weitere Generalprogramme samt Beitrittserklärung zu Werbezwecken im Familien- und Bekanntenkreise bei. Weitere Exemplare können bei der Sekretärin, Frau A. Sulger-Vischer, Malzgasse 21, bezogen werden.
  Wir bitten Sie um Einzahlung des Mitgliederbeitrags resp. um Einsendung der Beitrittserklärung bis spätestens Ende Januar 1945, damit wir Ihnen die Mitgliederkarte, welche als Ausweis zum freien Eintritt zu den Hauskonzerten dient, noch rechtzeitig vor dem 1. Hauskonzert zustellen können.]]></page>
<pb facs="CH_Bm_prg/pyr_CH_Bm_prg-0009.tif"/>
<page><![CDATA[﻿   Das Generalprogramm 1945 sieht wie üblich drei Hauskonzerte und drei öffentliche Konzerte vor.
   Im 1. Hauskonzert wird zum erstenmal *in Wiener Flügel von den bekannten Klavierbauern Anton Walter und Sohn erklingen, von denen Mozart ein Instrument besaß, das er hochschätzte. Das
2.	Hauskonzert läßt den Hörer einen Blick in Bachs musikalische Werkstatt tun und will ihm einen Eindruck davon geben, wie Bach beim Komponieren vorgegangen ist. Die Stelle des 3. Hauskonzerts nimmt wieder ein Kirchenkonzert mit Werken von Buxtehude, Marcello u. a. ein. An ihm wirken zwei auswärtige Künstler mit, die sich in der alten Musik ausgezeichnet haben.
   Von den drei öffentlichen Konzerten, den „Sommerkonzerten der Schola Cantorum Basiliensis“, verdient das erste besondere Beachtung. Es verbindet Musik und Dichtung aus dem französischen Mittelalter — Gesprochenes, Gesungenes und Gespieltes — miteinander und sucht ein geschlossenes Bild von der Kunst und Kultur dieser reichen Epoche, die vor allem durch ihre Baudenkmäler bekannt ist, zu geben. In bekanntere, aber nicht minder anziehende Gebiete führen das zweite und dritte Konzert mit „Musik aus Alt-England" und „Kammermusik der Bachzeit“.
   Einen besonderen Reiz erhält das Generalprogramm 1945 durch die Wahl der Konzerträume. Es soll dadurch dem jeweiligen Konzertprogramm auch äußerlich ein stilgerechter Rahmen verliehen werden. Besonders hervorgehoben seien in dieser Hinsicht das
I.	Hauskonzert im Musikzimmer des Blauen Hauses und vor allem das II. Hauskonzert, das als Hauskonzert im wahren Sinne des Wortes im Haus „Sandgrube“ stattfinden und nur unseren Mitgliedern zugänglich sein wird.
Mit vorzüglicher Hochachtung Der Vorstand der „Freunde alter Musik in Basel"
 Dr. Erwin Frey (Präsident) Prof. Dr. Werner Kaegi (Vizepräsident)
Max Leu (Kassier)
 Frau Elisabeth Stalder-Suter ( Aktuarin)
 Frau Antoinette Sulger-Vischer (Sekretärin)
Paul Baumgartner Dr. med. Ernst Buchmann Dr. Paul Gessler Dr. Walter Nef Paul Sacher Frau Philis v. Salis Paul ‘Crüdinger Alfred Von der Mühll
GENERALPROGRAMM 1945 ©rei Spaudfonjette
I.	HAUSKONZERT
Samstag, 3. Februar, 17.00 und 20.15 Uhr,
im Musikzimmer des Blauen Hauses
Pauline Widmer-Hoch (Alt) und die Konzertgruppe der Schola Cantorum Basiliensis: Walter Kägi, Gertrud Flügel (Violine), Marianne Majer (Bratsche), August Wenzinger (Violoncello), Valerie Kägi (Mozartflügel)
Musik im Blauen Haus
Reichardt, Zelter, Haydn, Mozart
II.	HAUSKONZERT
Freitag, 6. April, 20.15 Uhr, im Hause zur „Sandgrube“
Joseph Bopp (Flauto traverso) und die Konzertgruppe der Schola Cantorum Basiliensis: Walter Kägi, Marianne Majer (Violine), August Wenzinger (Violoncello), Eduard Müller (Cembalo), Dr. Walter Nef (Einführung)
Aus Bachs Werkstatt
Bach als Bearbeiter eigener und fremder Werke, Instrumentalmusik von Jan Adams Reinken und Johann Sebastian Bach
KIRCHENKONZERT (Anstelle des III. Hauskonzerts)
Freitag, 28. September, 20.15 Uhr
Maria Helbling, Rapperswil (Alt), August Wenzinger (Viola da gamba, Violoncello), Pierre Pidoux, Lausanne (Orgel)
Geistliche Musik
Werke für Alt, Viola da gamba, Violoncello, Orgel (u. a. Kantate von Buxtehude, Psalm von Marcello)
©ret öffentliche &on$erte
Die verstärkte Konzertgruppe der Schola Cantorum Basiliensis
Elsa Scherz-Meister, Ilse Wenzinger, Maria Helbling, Max Meili, Fritz Mack (Gesang);
Joseph Bopp, Gertrud Flügel, Valerie Kägi, Walter Kägi, Marianne Majer, Eduard Müller, August Wenzinger, Maya Wenzinger, Fritz Wörsching (Instrumente) '
Verantwortlich für die Aufführungen: August Wenzinger
I.	KONZERT
Mittwoch, 23. Mai, 20.15 Uhr
Musik und Dichtung aus dem französischen Mittelalter
Troubadours und TrouvJres, Adam de la Haie, Guillaume de Machaut, Burgundische Meister
II.	KONZERT
Donnerstag, 24. Mai, 20.15 Uhr, Münstersaal des Bischofshofs
Musik aus Alt-England
Madrigale und Gambenmusik von Gibbons, Weelkes, Wilbye, Tomkins,
Gesang- und Instrumentalwerke von Purcell
III.	KONZERT
Freitag, 25. Mai, 20.15 Uhr, Münstersaal des Bischofshofs
Kammermusik der Bachzeit
Quartettsonate und Gambensuite von Telemann, Quodlibet und Bauernkantate von Bach
Der Konzertraum für das 3. Hauskonzert und das 1. öffentliche Konzert wird noch in der Tagespresse bekannt gegeben werden.]]></page>
<pb facs="CH_Bm_prg/pyr_CH_Bm_prg-0010.tif"/>
<page><![CDATA[﻿aSerftfinftiflunßi?»
FÜR MITGLIEDER mit einem lahresbeitrag von Fr. 10.—
(Personen unter 20 Jahren, Studenten, interne Konservatoristen und Berufsschüler der Schola Cantorum Basiliensis Fr. 5.—)
Freier Eintritt zu jährlich drei Hauskonzerten
Vorbezugsrecht auf ein Mitgliederabonnement für die drei öffentlichen Konzerte zum Preise von Fr. 4.40, 6.60 oder 8.80 je nach Platzkategorie
Vorbezugsrecht auf je eine ermäßigte Einzelkarte zu den drei öffentlichen Konzerten anstelle des Mitgliederabonnements
FÜR FREIMITGLIEDER mit einem Jahresbeitrag von mindestens Fr. 25.—
Freier Eintritt zu den Hauskonzerten und zu den öffentlichen Konzerten auf Platzkategorie I mit Vorbezugsrecht gegenüber allen ändern Mitgliedern
An Nichtmitglieder werden keine Abonnements ausgegeben
PREISE DER EINZELKARTEN
Hauskonzerte Fr. 3.30 (Mitglieder frei)
öffentliche Konzerte Fr. 3.30 (Mitglieder 2.20), Fr. 4.40 (Mitglieder 3.30) Fr. S.50 (Mitglieder 4.40)
Der Mitgliederbeitrag ist bis zum 31. Januar 1945 auf Postcheckkonto
V	16 145 einzubezahlen. Wir nehmen an, daß es Mitgliedern, welche bis zu diesem Datum ihren Beitrag nicht bezahlt haben, angenehmer ist, wenn er per Postnachnahme erhoben wird
]]></page>
       
        </p>
    </body>
  </text>
</TEI>
