<?xml version="1.0" encoding="UTF-8"?>
<?xml-model href="http://www.tei-c.org/release/xml/tei/custom/schema/relaxng/tei_all.rng" schematypens="http://relaxng.org/ns/structure/1.0"?>
<TEI xmlns="http://www.tei-c.org/ns/1.0">
  <teiHeader>
    <fileDesc>
        <titleStmt>
            <title>BASEL</title>
        </titleStmt>
        <editionStmt>
            <edition>TEI P5.1 Edition</edition>
            <respStmt>
                <resp>
                    <persName>Claudio Bacciagaluppi</persName>
                    <persName>Laurent Pugin</persName>
                    <persName>Rodolfo Zitellini</persName>
                    <date when="2016-01">Janvier 2016</date>
                </resp>
                <name>Bureau Suisse du RISM</name>
            </respStmt>
        </editionStmt>
        <publicationStmt>
            <publisher><orgName xml:base="http://www.rism-ch.org">Bureau Suisse du RISM</orgName></publisher>
        </publicationStmt>
	    <seriesStmt>
	     <idno type="collection">ch_famb</idno>
	    </seriesStmt>
      <sourceDesc>
		<bibl>
        <title>Concert<date when="19800122">22/01/1980</date></title>
<series>Concert</series>
<placeName>Basel, Münstersaal des Bischofshofs</placeName>
<orgName role="holding">Archiv des Vereins Freunde alter Musik Basel; <link target="http://famb.ch/"/></orgName>

		</bibl>
      </sourceDesc>
    </fileDesc>
  </teiHeader>
  <text>
    <body>
        <p> <!-- all the content of the program in one paragraph -->
            <pb facs="CH_Bm_prg/pyr_CH_Bm_prg-0445.tif"/>
<date when="19800122"/>
<name key="Bertran de Born" type="person" role="cmp">Bertran de Born</name>
<name key="Anonymus" type="person" role="cmp">Anonymus</name>
<name key="Giraut de Bornelh" type="person" role="cmp">Giraut de Bornelh</name>
<name key="Arnaut Daniel" type="person" role="cmp">Arnaut Daniel</name>
<name key="Folquet de Marseille" type="person" role="cmp">Folquet de Marseille</name><name key="Thornton, Barbara" type="person" role="int">Thornton, Barbara</name>
<name key="Bagby, Benjamin" type="person" role="int">Bagby, Benjamin</name>
<name key="Tindemans, Margriet" type="person" role="int">Tindemans, Margriet</name>
<name key="Young, Crawford" type="person" role="int">Young, Crawford</name><title>Concert</title>
<placeName key="Basel, Münstersaal des Bischofshofs"/>
<name key="Concert" type="series"/>
<page><![CDATA[﻿FREUNDE ALTER MUSIK IN BASEL
3.	Konzert
Dienstag, den 22. und Mittwoch, den 23. Januar 1980 (Wiederholung), jeweils 20.15 Uhr im Münstersaal des Bischofshofs
AMIA
AMIS DE LA MUSIQUE SUR INSTRUMENTS ANCIENS lundi, 21 janvier 1980 Strasbourg,
Eglise Saint-Mathieu
DE VULGÄRI ELOQUENTIA: DANTE UND DIE TROBADORS
Ensemble SEQUENTIA
Barbara Thornton, Benjamin Bagby	Gesang
Margriet Tindemans	Streichinstrumente
Crawford Young	Zupfinstrumente
Bertran de Born um 1140 - vor 1215
Giraut de Bornelh um 1138 - um 1215
Be*m platz lo gais temps de pascor Ges de disnar no fora oi mais matis
Fntr'acte "Dolce stil nuovo"
Dante: "Amor che nella mente mi ragiona" anonymus: "Isabella" (instrumental)
Si-us quer conselh bel'ami' Alamanda
*	* *
Arnaut Daniel 2. Hälfte 12. Jh.
Lo ferm voler qu'el cor m'intra
Entr'acte "Sextine"
Dante: "Al poco giorno"
anonymus: Belicha - Saltarello (instr.)
Giraut de Bornelh
No posc sofrir c'a la dolor
Folquet de Marseilla	A quan gen vens et ab quan pauc d'afan
um 1155 - 1231]]></page>
       
        </p>
    </body>
  </text>
</TEI>
