<?xml version="1.0" encoding="UTF-8"?>
<?xml-model href="http://www.tei-c.org/release/xml/tei/custom/schema/relaxng/tei_all.rng" schematypens="http://relaxng.org/ns/structure/1.0"?>
<TEI xmlns="http://www.tei-c.org/ns/1.0">
  <teiHeader>
    <fileDesc>
        <titleStmt>
            <title>HEMU Conservatoire de Genève - Programme de concert</title>
        </titleStmt>
        <editionStmt>
            <edition>TEI P5.1 Edition</edition>
            <respStmt>
                <resp>
                    <persName>Claudio Bacciagaluppi</persName>
                    <persName>Paolo Boschetti</persName>
                    <persName>Laurent Pugin</persName>
                    <persName>Violeta Struijk van Bergen</persName>
                    <persName>Rodolfo Zitellini</persName>
                    <date when="2016-01">Janvier 2016</date>
                </resp>
                <name>Bureau Suisse du RISM</name>
            </respStmt>
        </editionStmt>
        <publicationStmt>
            <publisher><orgName xml:base="http://www.rism-ch.org">Bureau Suisse du RISM</orgName></publisher>
        </publicationStmt>
	    <seriesStmt>
	     <idno type="collection">ch_gc</idno>
	    </seriesStmt>
      <sourceDesc>
		<bibl>
        <title><date when="18330102">02/01/1833</date></title>
<series>None</series>
<placeName>Genève, Salle du Casino</placeName>
<orgName role="holding">Bibliothèque du Conservatoire de Musique de Genève; <link target="http://www.cmusge.ch/contact_bibliotheque"/></orgName>

		</bibl>
      </sourceDesc>
    </fileDesc>
  </teiHeader>
  <text>
    <body>
        <p> <!-- all the content of the program in one paragraph -->
            <pb facs="Gc_prg/CH_Gc_prg_01/pyr_CH_Gc_prg_01-0003.tif"/>
<date when="18330102"/>
<name key="Weber, Carl Maria von" type="person" role="cmp">Carl Maria von Weber</name>
<name key="Rossini, Gioachino" type="person" role="cmp">Rossini, Gioacchino</name>
<name key="Stockhausen, M." type="person" role="cmp">Stockhausen, M.</name>
<name key="Donizetti, Gaetano" type="person" role="cmp">Donizetti, Gaetano</name>
<name key="Pacini, Giovanni" type="person" role="cmp">Pacini, Giovanni</name><title/>
<placeName key="Genève, Salle du Casino"/>
<name key="None" type="series"/>
<page><![CDATA[﻿M. ET Mme STOCKHAUSEN, auront l'honneur de donner un grand
      CONCERT
TsDüiAii a® anwrai!nuiBiraiMb9
                           2 £$\%nvwx 1833,
              DANS LA SALLE DU CASINO.
                 fxocpmtiM<
ire PARTIE.
  1.	Qnintetto, 2 violons, 2 altos et violoncelle.
 2.	Grande scène chantée par Mme Stockhausen, composée par Wehcr.
 3.	Fantaisie ponr la harpe, snr les motifs de 3Io9é in Eçitto, composée et exécutée par M. Stockhausen.
 Air italien (de Gianni di Calais), de Doni-zetti, chanté par M. Domatuje.
 5.	Air suisse, chanté par Mme Stockhausen, accompagné sur la harpe par M. Stockhausen.
2me PARTIE.
  6.	Quintetto, 2 violons, 2 altos et violoncelle.
  7.	Récit et duetto (tu per orgoglio ardita), ncll’opera, la gelosia corretta de Pacini, chanté par Mme Stockhausen et M. Domatuje.
8.	Grand trio pour harpe, piano forte et violon, composé par Boclisa, exécuté par Me Henry, MM. Bloc et Stockhausen.
9.	Nouvel air suisse (le Mont-Blanc), chanté par M116 Stockhausen, accompagné sur la harpe par M- Stockhausen.
a
fleurai <?/ c/emte^wecu)
ri co?)wn&nc&r<z a neuraf et
PRIX DU BILLET: 3 FRANCS.
wecù4-&f.
On pourra se procurer des billets chez les marchands de musique, chez le concierge du Casino et chez M. Stockhausen, hôtel de l’Ecu-de-Gen'eve, n. 38.
IMPRIMERIE J. I>. JAHRïS.]]></page>
       
        </p>
    </body>
  </text>
</TEI>
