<?xml version="1.0" encoding="UTF-8"?>
<?xml-model href="http://www.tei-c.org/release/xml/tei/custom/schema/relaxng/tei_all.rng" schematypens="http://relaxng.org/ns/structure/1.0"?>
<TEI xmlns="http://www.tei-c.org/ns/1.0">
  <teiHeader>
    <fileDesc>
        <titleStmt>
            <title>HEMU Conservatoire de Genève - Programme de concert</title>
        </titleStmt>
        <editionStmt>
            <edition>TEI P5.1 Edition</edition>
            <respStmt>
                <resp>
                    <persName>Claudio Bacciagaluppi</persName>
                    <persName>Paolo Boschetti</persName>
                    <persName>Laurent Pugin</persName>
                    <persName>Violeta Struijk van Bergen</persName>
                    <persName>Rodolfo Zitellini</persName>
                    <date when="2016-01">Janvier 2016</date>
                </resp>
                <name>Bureau Suisse du RISM</name>
            </respStmt>
        </editionStmt>
        <publicationStmt>
            <publisher><orgName xml:base="http://www.rism-ch.org">Bureau Suisse du RISM</orgName></publisher>
        </publicationStmt>
	    <seriesStmt>
	     <idno type="collection">ch_gc</idno>
	    </seriesStmt>
      <sourceDesc>
		<bibl>
        <title><date when="18510314">14/03/1851</date></title>
<series>None</series>
<placeName>Genève, Salle du Casino</placeName>
<orgName role="holding">Bibliothèque du Conservatoire de Musique de Genève; <link target="http://www.cmusge.ch/contact_bibliotheque"/></orgName>

		</bibl>
      </sourceDesc>
    </fileDesc>
  </teiHeader>
  <text>
    <body>
        <p> <!-- all the content of the program in one paragraph -->
            <pb facs="Gc_prg/CH_Gc_prg_01/pyr_CH_Gc_prg_01-0035.tif"/>
<date when="18510314"/>
<name key="Auber, Daniel-François-Esprit" type="person" role="cmp">Auber, Daniel-François-Esprit</name>
<name key="Rode, Pierre" type="person" role="cmp">Rode, Pierre</name>
<name key="Rossini, Gioachino" type="person" role="cmp">Rossini, Gioacchino</name>
<name key="Meyer, Leopold von" type="person" role="cmp">Léopold de Meyer</name>
<name key="Weber, Carl Maria von" type="person" role="cmp">Carl Maria von Weber</name>
<name key="Donizetti, Gaetano" type="person" role="cmp">Donizetti, Gaetano</name>
<name key="Artôt, Alexandre Joseph" type="person" role="cmp">Artot, Alexandre-Joseph</name>
<name key="Bellini, Vincenzo" type="person" role="cmp">Bellini, Vincenzo</name>
<name key="Willmers, Heinrich Rudolph" type="person" role="cmp">Willmers, Rudolf</name><title/>
<placeName key="Genève, Salle du Casino"/>
<name key="None" type="series"/>
<page><![CDATA[﻿SALLE DU CASINO.
       «V
DONNÉ
Aujourd’hui Vendredi 14. Mars 1851, à 6 heures du soir,
PAR
 M.JULES EICHBERG,
                                     tyf/cr' +41
A,vec le concours de M1,es G... et M..., MM. PAULIN, CENTÉMÉRI, ÂDLER,
/ /- -t/ <£- r
   P..., C..., des Orchestres de la SOCIETE de Musique et du Théâtre, dirigés par M. PEPIN.
                    Première Partie.
i. Ouverture de la Muette de Portici .....	Auber. i. Air chante' par MUo Tosco.
3.	Allegro du 8me Concerto, exécuté par M. Eichberg, . .	Rode.
4.	Trio de Guillaume-Tell, chanté par MM. Paulin, Centéméri et C.,	nossirti.
5.	Fantaisie sur le Brindisi di Lucrezia Borgia (redemandé), exécutée
sur le pîano, par M. Adler, ......	L.Meyer.
neuvième Partie.
i. Ouverture du Freyschütz, exécutée à grand orchestre, .
a.	Duo du 3° acte de Lucie, chanté par MM. Centéméri et P-a**-»*>v
3.	Le Rêve, grande scène dramatique pour le violon (redemandée), exécutée par M Eichberg, .......
4-. Air de la Norma, chanté par MUo G
5,	Windsbraut, pièce fantastique, exécutée par M. Adler,
Prix du Billet : TROIS francs.
On peut se procurer des billlets chez tous les marchands de musique, M. Brand, Grand’rue, M. Brachard-Brun et chez le concierge du Casino.
 IVieber. Donizetti.
 Artot.
 Bellini.
 W iüemert.
Imprim. J-D. Jarrji.]]></page>
       
        </p>
    </body>
  </text>
</TEI>
