<?xml version="1.0" encoding="UTF-8"?>
<?xml-model href="http://www.tei-c.org/release/xml/tei/custom/schema/relaxng/tei_all.rng" schematypens="http://relaxng.org/ns/structure/1.0"?>
<TEI xmlns="http://www.tei-c.org/ns/1.0">
  <teiHeader>
    <fileDesc>
        <titleStmt>
            <title>HEMU Conservatoire de Genève - Programme de concert</title>
        </titleStmt>
        <editionStmt>
            <edition>TEI P5.1 Edition</edition>
            <respStmt>
                <resp>
                    <persName>Claudio Bacciagaluppi</persName>
                    <persName>Paolo Boschetti</persName>
                    <persName>Laurent Pugin</persName>
                    <persName>Violeta Struijk van Bergen</persName>
                    <persName>Rodolfo Zitellini</persName>
                    <date when="2016-01">Janvier 2016</date>
                </resp>
                <name>Bureau Suisse du RISM</name>
            </respStmt>
        </editionStmt>
        <publicationStmt>
            <publisher><orgName xml:base="http://www.rism-ch.org">Bureau Suisse du RISM</orgName></publisher>
        </publicationStmt>
	    <seriesStmt>
	     <idno type="collection">ch_gc</idno>
	    </seriesStmt>
      <sourceDesc>
		<bibl>
        <title><date when="18460406">06/04/1846</date></title>
<series>None</series>
<placeName>Genève, Grande salle du Casino</placeName>
<orgName role="holding">Bibliothèque du Conservatoire de Musique de Genève; <link target="http://www.cmusge.ch/contact_bibliotheque"/></orgName>

		</bibl>
      </sourceDesc>
    </fileDesc>
  </teiHeader>
  <text>
    <body>
        <p> <!-- all the content of the program in one paragraph -->
            <pb facs="Gc_prg/CH_Gc_prg_01/pyr_CH_Gc_prg_01-0032.tif"/>
<date when="18460406"/>
<name key="Rossini, Gioachino" type="person" role="cmp">Rossini, Gioacchino</name>
<name key="Donizetti, Gaetano" type="person" role="cmp">Donizetti, Gaetano</name>
<name key="Auber, Daniel-François-Esprit" type="person" role="cmp">Auber, Daniel-François-Esprit</name>
<name key="Morley, Thomas" type="person" role="cmp">Morley, Thomas</name>
<name key="Lawes, Henry" type="person" role="cmp">Lawes, Henry</name>
<name key="Corelli, Arcangelo" type="person" role="cmp">Corelli, Archangelo</name>
<name key="Haydn, Joseph" type="person" role="cmp">Haydn, Joseph</name>
<name key="Mozart, Wolfgang Amadeus" type="person" role="cmp">Wolfgang Amadeus Mozart</name>
<name key="Beethoven, Ludwig van" type="person" role="cmp">Ludwig van Beethoven</name>
<name key="Méhul, Etienne-Nicolas" type="person" role="cmp">Méhul, Etienne-Nicolas</name>
<name key="Weber, Carl Maria von" type="person" role="cmp">Carl Maria von Weber</name>
<name key="Bellini, Vincenzo" type="person" role="cmp">Bellini, Vincenzo</name><title/>
<placeName key="Genève, Grande salle du Casino"/>
<name key="None" type="series"/>
<page><![CDATA[﻿C-Ri.lTD3 SALL3 DTJ 0ASI1T0.
LUNDI 6 avril 1840.
Par le désir de plusieurs amateurs de musique ,
M" ANNA BISHOP,
Première cantatrice tlu théâtre royal «le Saiiit-Oiarlc» à .Yaplen et de* théâtre*» de Knme , Palerme , etc.
ÆVuuera yciitwemeiu~ ycui fa detutéze (ou(,
V» SOWCIlf
Avec la coopération de
M. BOCHSA,
PREMIER HARPISTE Dli S. M. LA REINE D’ANGLETERRE, etc.
À chacun des airs chantés par Mme Iîishop, elle prendra le costume du rôle auquel l’air appartient.
PROGRAMME.
PREMIER E PARTIE.
1.	Cavatine de l’opéra « Semiramide », belraggio, chantée par Mme Bishop, DANS
   LE COSTUME DE SEMIRAMIDE.
2.	Mosaïque musicale, fantaisie pour la harpe, exécutée par M. Bochsa.
3.	Cavatine « prendi, » de l’Elisir d’Amort, avec le nouveau rondo de Donizetti,
    chantés par Mme Bishop, DANS LE COSTUME D’ADINA.
 Entre ta première el la seconde partie :
4.	Mme Bishop chantera le grand air français, Description du carnaval de Venise, de
     l’opéra le Concert à la Cour, par Auber.
SECONDE »ARTIE.
5.	Panorama musical, morceau historique recueilli par Bochsa , Introduisant divers
     styles de musique, depuis 1300 jusqu’à nos jours , et exécuté par lui sur la harpe.
       (Chanl de Luther, — thème populaire varié pourla reine Elisabeth d’Angleterre et tiré de son livre de musique ( Virginal Book) ; — madrigal de Morley ; — une des premières ballades anglaises par Lawes; — allemande dansée à la cour d'Henri III de France ;— Gigue de Corelli ; — thèmes de Haydn. Mozart, Beethoven, Mehul, Rossini, tyeber et Auber.)
6.	Récitatif « O Patria » et cavatine « lu che accendi, » de l’opéra de Tancréde,
    chantés par Mme Bishop DANS LE COSTUME DE TANCRÉDE.
7.	Improvisation pour la harpe, par M. Boehsa.
8.	Scène et Finale du second acte de l’opéra « la Somnambule, de Bellini, chantées
    par Mme Bishop DANS LE COSTIME D’AMINA.
On peut se procurer des billets, AU PRIX I)E TROIS FRANCS, chez tous les marchands de musique, et le soir, à l’entrée de la salle.
Les portes seront ouvertes à 6 heures 112 , et le concert commencera à 7 heures 1 j2]]></page>
       
        </p>
    </body>
  </text>
</TEI>
