<?xml version="1.0" encoding="UTF-8"?>
<?xml-model href="http://www.tei-c.org/release/xml/tei/custom/schema/relaxng/tei_all.rng" schematypens="http://relaxng.org/ns/structure/1.0"?>
<TEI xmlns="http://www.tei-c.org/ns/1.0">
  <teiHeader>
    <fileDesc>
        <titleStmt>
            <title>HEMU Conservatoire de Genève - Programme de concert</title>
        </titleStmt>
        <editionStmt>
            <edition>TEI P5.1 Edition</edition>
            <respStmt>
                <resp>
                    <persName>Claudio Bacciagaluppi</persName>
                    <persName>Paolo Boschetti</persName>
                    <persName>Laurent Pugin</persName>
                    <persName>Violeta Struijk van Bergen</persName>
                    <persName>Rodolfo Zitellini</persName>
                    <date when="2016-01">Janvier 2016</date>
                </resp>
                <name>Bureau Suisse du RISM</name>
            </respStmt>
        </editionStmt>
        <publicationStmt>
            <publisher><orgName xml:base="http://www.rism-ch.org">Bureau Suisse du RISM</orgName></publisher>
        </publicationStmt>
	    <seriesStmt>
	     <idno type="collection">ch_gc</idno>
	    </seriesStmt>
      <sourceDesc>
		<bibl>
        <title><date when="1838----">--/--/1838</date></title>
<series>None</series>
<placeName>Inconnu</placeName>
<orgName role="holding">Bibliothèque du Conservatoire de Musique de Genève; <link target="http://www.cmusge.ch/contact_bibliotheque"/></orgName>

		</bibl>
      </sourceDesc>
    </fileDesc>
  </teiHeader>
  <text>
    <body>
        <p> <!-- all the content of the program in one paragraph -->
            <pb facs="Gc_prg/CH_Gc_prg_01/pyr_CH_Gc_prg_01-0029.tif"/>
<date when="1838----"/>
<name key="Rossini, Gioachino" type="person" role="cmp">Rossini, Gioacchino</name>
<name key="Bonoldi, Claudio" type="person" role="cmp">Bonoldi, Claudio</name>
<name key="Weber, Carl Maria von" type="person" role="cmp">Carl Maria von Weber</name>
<name key="Cimarosa, Domenico" type="person" role="cmp">Cimarosa, Domenico</name>
<name key="Herz, Henri" type="person" role="cmp">Herz, Henri</name>
<name key="Bériot, Charles-Auguste de" type="person" role="cmp">Charles de Bériot</name>
<name key="Donizetti, Gaetano" type="person" role="cmp">Donizetti, Gaetano</name><title/>
<placeName key="Inconnu"/>
<name key="None" type="series"/>
<page><![CDATA[﻿DE BIENFAISANCE.
                                                                                 *
/fjf PREMIÈRE PARTIE.
Ouverture de Guillaume Tell........•......Rossini.
Récitatif et Chœur du Siège de Corinllie..........Boasinl.
Nocturne à trois voix....................................Bonoldi 111b.
Air d’Erennio............................................Bonolill AI*.
 Morceaux de musique militaire executés par le corps de musique du premier district.
 SECONDE PARTIE.
Ouverture de Freychutz.................Weber.
Duo de Tancrède............................
Trio du Mariage secret................•" ■	* Iniarow».
Variations sur un air de la Fiancée, pour piano el violon. .	lier* A* Be
Air et choeur de dames d'Anna Bolena......................DonI*ettl.
1M1MUMERIE CH. ORUAZ.]]></page>
       
        </p>
    </body>
  </text>
</TEI>
