<?xml version="1.0" encoding="UTF-8"?>
<?xml-model href="http://www.tei-c.org/release/xml/tei/custom/schema/relaxng/tei_all.rng" schematypens="http://relaxng.org/ns/structure/1.0"?>
<TEI xmlns="http://www.tei-c.org/ns/1.0">
  <teiHeader>
    <fileDesc>
        <titleStmt>
            <title>HEMU Conservatoire de Genève - Programme de concert</title>
        </titleStmt>
        <editionStmt>
            <edition>TEI P5.1 Edition</edition>
            <respStmt>
                <resp>
                    <persName>Claudio Bacciagaluppi</persName>
                    <persName>Paolo Boschetti</persName>
                    <persName>Laurent Pugin</persName>
                    <persName>Violeta Struijk van Bergen</persName>
                    <persName>Rodolfo Zitellini</persName>
                    <date when="2016-01">Janvier 2016</date>
                </resp>
                <name>Bureau Suisse du RISM</name>
            </respStmt>
        </editionStmt>
        <publicationStmt>
            <publisher><orgName xml:base="http://www.rism-ch.org">Bureau Suisse du RISM</orgName></publisher>
        </publicationStmt>
	    <seriesStmt>
	     <idno type="collection">ch_gc</idno>
	    </seriesStmt>
      <sourceDesc>
		<bibl>
        <title><date when="18260802">02/08/1826</date></title>
<series>None</series>
<placeName>Genève, Théâtre de Genève</placeName>
<orgName role="holding">Bibliothèque du Conservatoire de Musique de Genève; <link target="http://www.cmusge.ch/contact_bibliotheque"/></orgName>

		</bibl>
      </sourceDesc>
    </fileDesc>
  </teiHeader>
  <text>
    <body>
        <p> <!-- all the content of the program in one paragraph -->
            <pb facs="Gc_prg/CH_Gc_prg_01/pyr_CH_Gc_prg_01-0001.tif"/>
<date when="18260802"/>
<name key="Boieldieu, François Adrien" type="person" role="cmp">Boieldieu, Adrien</name>
<name key="Generali, Pietro" type="person" role="cmp">Generali, Pietro</name>
<name key="Pixis, Johann Peter" type="person" role="cmp">Johann Peter Pixis</name>
<name key="Rossini, Gioachino" type="person" role="cmp">Rossini, Gioacchino</name>
<name key="Field, John" type="person" role="cmp">Field, John</name>
<name key="Danzi, Franz" type="person" role="cmp">Danzi, Franz</name>
<name key="Carafa, Michele" type="person" role="cmp">Carafa, Michele</name>
<name key="Portugal, Marcos António" type="person" role="cmp">Marcos António Portugal</name>
<name key="Fladt, Anton" type="person" role="cmp">Fladt, Anton</name><title/>
<placeName key="Genève, Théâtre de Genève"/>
<name key="None" type="series"/>
<page><![CDATA[﻿                 le= PAUTJE
 j'-
 cX'rfS/ s/s
 ssrs* >
 ,/s Jsr-ÿSc'/r/s
 /sf e/s
 'iïiVr 'StX'/t/ OHX&ïïlji
 }' /■rs/sï/s/'ï/J t/* ///dïtfSo, trfzSjfr^ryj'.
4-tU+« 's/s /ss /t/s j%ss>
A 'sze s/ /ut^z/s/ss </£ /*ÏŸ/s//s,
 O '' {ssvté&e/iasr/s /^ '/£?,
 ï.iVS/6, rft’WSi'
 f/r/t, sfr sŸ,
 . VA’, s. i ’>v-iî¥ PARTIT
 'Yf/f
 r /vy 4// 'r///
 /'. V
/' /". Æ^uzéc ,6	,/ï , /^/t <r*iÿ„ s/«£, V,W&
        ' /, /s s v	fsy, sît^y f/s/(ssfvyÿfs
   /sffs*y/ss ■#./ t/s	<///,
S? < //? s/s//^ ( ' Ss»//rsr/tuWs: *i SAs /sy./^
’f /Jsss ss//</#<! s/s ? ■/,?/>?>
                                                          /ss
O
W*€.
                             V ss/sfSfss .
                    , *V Ss/tiSSc/s sU> s/s t'/ï r*, s/s //s/s//'.
//SJ> /&■ / %sr /-T^vr a	■]]></page>
       
        </p>
    </body>
  </text>
</TEI>
