<?xml version="1.0" encoding="UTF-8"?>
<?xml-model href="http://www.tei-c.org/release/xml/tei/custom/schema/relaxng/tei_all.rng" schematypens="http://relaxng.org/ns/structure/1.0"?>
<TEI xmlns="http://www.tei-c.org/ns/1.0">
  <teiHeader>
    <fileDesc>
        <titleStmt>
            <title>HEMU Conservatoire de Genève - Programme de concert</title>
        </titleStmt>
        <editionStmt>
            <edition>TEI P5.1 Edition</edition>
            <respStmt>
                <resp>
                    <persName>Claudio Bacciagaluppi</persName>
                    <persName>Paolo Boschetti</persName>
                    <persName>Laurent Pugin</persName>
                    <persName>Violeta Struijk van Bergen</persName>
                    <persName>Rodolfo Zitellini</persName>
                    <date when="2016-01">Janvier 2016</date>
                </resp>
                <name>Bureau Suisse du RISM</name>
            </respStmt>
        </editionStmt>
        <publicationStmt>
            <publisher><orgName xml:base="http://www.rism-ch.org">Bureau Suisse du RISM</orgName></publisher>
        </publicationStmt>
	    <seriesStmt>
	     <idno type="collection">ch_gc</idno>
	    </seriesStmt>
      <sourceDesc>
		<bibl>
        <title><date when="18360406">06/04/1836</date></title>
<series>None</series>
<placeName>Genève, Salle du Casino</placeName>
<orgName role="holding">Bibliothèque du Conservatoire de Musique de Genève; <link target="http://www.cmusge.ch/contact_bibliotheque"/></orgName>

		</bibl>
      </sourceDesc>
    </fileDesc>
  </teiHeader>
  <text>
    <body>
        <p> <!-- all the content of the program in one paragraph -->
            <pb facs="Gc_prg/CH_Gc_prg_01/pyr_CH_Gc_prg_01-0023.tif"/>
<date when="18360406"/>
<name key="Hummel, Johann Nepomuk" type="person" role="cmp">Johann Nepomuk Hummel</name>
<name key="Pacini, Giovanni" type="person" role="cmp">Pacini, Giovanni</name>
<name key="Czerny, Carl" type="person" role="cmp">Czerny, Carl</name><title/>
<placeName key="Genève, Salle du Casino"/>
<name key="None" type="series"/>
<page><![CDATA[﻿ Avee permission.
 Imprimerie A. L. Vignier.
nmmmm
DONNÉE
ar
s®
  Mercredi 6 Avril, à 6 h. 4y'2 du soir,
   dan* la
                     SALLE DU CASINO.
 æAaurcta aïrsmgrsrasflîA&ia a>ur iPOLMu&üHtata
                             SEUA AINSI COMPOSÉE :
  1.	fàranîi Septuor, ï>e Ijumnwl,
Exécuté par MM. Liszt, Bloc, Thonon, Haensel, Hess, Sabon et Rognon.
  2.	/antawie sur une Canatine î>e jpacini,
Composée et exécutée par M. Liszt.
  3.	flot-pourri brillant,
Tour six mains et deux Pianos, sur des thèmes de Mozart et de Beethowen; composé par Czerny, et exécuté par MM. Schad, Herrmann et Liszt.
   --
                                          tfïuev <)tt \ï\>iùkt : 5 $iomcô .
  NB. Il ne sera pas délivré de billets, le soir même, à la porte.]]></page>
       
        </p>
    </body>
  </text>
</TEI>
