<?xml version="1.0" encoding="UTF-8"?>
<?xml-model href="http://www.tei-c.org/release/xml/tei/custom/schema/relaxng/tei_all.rng" schematypens="http://relaxng.org/ns/structure/1.0"?>
<TEI xmlns="http://www.tei-c.org/ns/1.0">
  <teiHeader>
    <fileDesc>
        <titleStmt>
            <title>HEMU Conservatoire de Genève - Programme de concert</title>
        </titleStmt>
        <editionStmt>
            <edition>TEI P5.1 Edition</edition>
            <respStmt>
                <resp>
                    <persName>Claudio Bacciagaluppi</persName>
                    <persName>Paolo Boschetti</persName>
                    <persName>Laurent Pugin</persName>
                    <persName>Violeta Struijk van Bergen</persName>
                    <persName>Rodolfo Zitellini</persName>
                    <date when="2016-01">Janvier 2016</date>
                </resp>
                <name>Bureau Suisse du RISM</name>
            </respStmt>
        </editionStmt>
        <publicationStmt>
            <publisher><orgName xml:base="http://www.rism-ch.org">Bureau Suisse du RISM</orgName></publisher>
        </publicationStmt>
	    <seriesStmt>
	     <idno type="collection">ch_gc</idno>
	    </seriesStmt>
      <sourceDesc>
		<bibl>
        <title><date when="18340724">24/07/1834</date></title>
<series>None</series>
<placeName>Genève, Eglise cathédrale de Saint-Pierre</placeName>
<orgName role="holding">Bibliothèque du Conservatoire de Musique de Genève; <link target="http://www.cmusge.ch/contact_bibliotheque"/></orgName>

		</bibl>
      </sourceDesc>
    </fileDesc>
  </teiHeader>
  <text>
    <body>
        <p> <!-- all the content of the program in one paragraph -->
            <pb facs="Gc_prg/CH_Gc_prg_01/pyr_CH_Gc_prg_01-0007.tif"/>
<date when="18340724"/>
<name key="Beethoven, Ludwig van" type="person" role="cmp">Ludwig van Beethoven</name><title/>
<placeName key="Genève, Eglise cathédrale de Saint-Pierre"/>
<name key="None" type="series"/>
<page><![CDATA[﻿e&îxBaAsasaa
DU CONCERT
DONNE
PAR LA SOCIETE HELVETIQUE DE MUSIQUE,
•Sft’ttèt x]y	183/J. , à t. bains,
DANS
L’ÉGLISE CATHÉDRALE DE SAINT-PIERRE,
A GENÈVE.
 DIX-NEUVIEME RÉUNION DE X.A SOCIETE.
GENÈVE,
DE L’IMPRIMERIE Cil. GRUAZ,
HUE DU PUITS-SAWT-PJERKE.
1854.]]></page>
<pb facs="Gc_prg/CH_Gc_prg_01/pyr_CH_Gc_prg_01-0008.tif"/>
<page><![CDATA[﻿© Conservatoire de Musique Genève
         PREMIÈRE PARTIE.
1» Beethoven , ier Allegro de la Symphonie héroïque.
  2° BEETHOVEN, MESSE EN RE. Op. 12.3.
           CHŒUR.
Kyrie eleison !
       SOLO ET CHŒUR. Christe eleison !
           CHŒUR.
Gloria in excelsis Deo , Et in terra ,
Pax liominibus Bonæ voluntatis. Laudamus te, Benedicimus te, Adoramus te, Glorificamus te.
KYRIE.
     Seigneur aie pitié !
      Christ aie pitié !
GLORIA.
     Gloire à Dieu dans les cieux, Et sur la terre ,
    m
    Paix aux hommes De bonne volonté.
     Nous te louons,
     Nous te bénissons,
     Nous t’adorons,
     Nous te glorifions.]]></page>
<pb facs="Gc_prg/CH_Gc_prg_01/pyr_CH_Gc_prg_01-0009.tif"/>
<page><![CDATA[﻿        SOLO ET CHŒUR.
Gratias agimus tibi	Nous te célébrons
 Proptcr magnam gloriam tuam.	A cause de la splendeur de ta gloire.
 Domine Dph«	** '
   Domine Deus,
    Rex cœlestis,
   Deus pater omnipotens!
              SOLO.
    Domine, fili unigenite, Jesu-Christe.
             CHŒUR.
   Domine Deus ,
Agnus Dei,
Filius Patris,
        SOLO ET CHŒUR.
Qui tollis peccata mundi, Miserere nobis!
Suscipc Dcprecationem noslram.
Qui sedes ad dexteram patris, Miserere nobis !
Quoniam tu solus sanctus,
Tu solus altissimus, Jesu-Christe Cuni Sancto Spiritu In gloria Dci patris.
   Amen !
Seigneur Dieu,
Roi des cieux,
Pore tout-puissant!
Seigneur, fils unique, Jésus-CIirist.
Seigneur Dieu,
Agneau de Dieu,
Fils du Père ,
Toi qui ôtes les péchés du monde, Aie pitié de nous !
Intercède Pour nous.
 Toi qui es assis à la droite du père, Aie pitié de nous !
 Parce que tu es le seul saint,
Le seul très-haut,
 Jésus—Clirist Avec le Saint-Esprit Dans la gloire de Dieu le père. Amen !
                  s «
CREDO.
CHŒUR.
Credo in unum Deum ,         Je crois en un seul Dieu,       
Palrem omnipotentem ,        Père tout-puissant,             
Factorem cœli et tcrræ,      Créateur du ciel et de la terre 
           Visibilium omnium Des choses visibles             
Et invisibilium.             Et des invisibles.              
Credo in unum Dominum        Je crois en un seul Seigneur    
Jesum-Christum,              Jésus-Christ                    
Fiiium Dei unigenitum        Fils unique de Dieu             
Et ex pâtre natuin           Et né du père                   
Ante omnia sæcula ;          Avant tous les siècles ;        
                Dcum de Deo, Dieu de Dieu,                   
            Lumen de lumine, Lumière de lumière,             
                Deum verum , Vrai Dieu,                      
             De Deo genitum, Engendré de Dieu,               
Non factum,                  Non créé,                       
Consubstantialem patri,      Consubstantiel avec le père,    
 Ter quam omnia facta sunt ; Par lequel tout a été créé ;    
Qui propter nos homines      Qui, à cause de nous            
Et propter nostram salutem ) Et pour notre salut,            
         Descendit de cœlis. Est descendu des cieux.         
                          ET INCARNATUS.                     
sor.o.                                                       
Et incarnatus est            Il a été conçu                  
De Spîritu Sancto ,          Du Saint-Esprit,                
Ex Maria virgine.            Et il est né de la vierge Marie 
SOLO ET CHŒUR.                                               
Et bomo factus est,          Il a été fait homme,            
Crucifixus ctiam pro nobis,  Il a été crucifié pour nous,    
]]></page>
<pb facs="Gc_prg/CH_Gc_prg_01/pyr_CH_Gc_prg_01-0010.tif"/>
<page><![CDATA[﻿Sub Pontio Pilato ,■ Passus et sepultus est.
fi «g
Il a souffert sous Ponce-Pilate , Et a été enseveli.
ET RESURREXIT.
             wiœuR.
 Et resurrexit tertia die , Secundum Scripturas ;
 Et ascendit in cœlum ; Sedet ad dexteram patris Et iterum venlurus est Cum gloriâ,
 Judicare vivos Et mortuos.
 Cujus regni non erit finis. Credo in Spiritum Sanctuni Dominum, et vivificantem Qui ex patre Filioque procedit.
 Qui cura patre et filio
 Il est ressuscité le troisième jour, Selon les Ecritures ;
 Il est monté au ciel ;
 11 est assis à la droite du père, Et viendra de nouveau Dans sa gloire ,
 Juger les vivans Et les morts.
 Son règne n’aura point de fin.
 Je crois au Saint-Esprit Seigneur, qui vivifie Et qui procède du père Et du fils.
 Qui avec le père et le fils
Simul adoratur et conglorificalur, Est adoré et glorifié ;
Qui locutus est per prophefas. Par lequel les prophètes ont parlé.
 Credo in unam sanctam Catholicam et apostolicam Ecclesiam.
 Confiteor unum baptisma In remissionem pcccatorum , Et exspecto Resurrectionem morluorum Et vitam venluri sæculi. Amen !
 Je crois à une seule Eglise Sainte, universelle Et apostolique.
 Je reconnais un seul baptême Pour la rémission des péchés , Et j’attends
 La résurrection des morts Et la vie à venir.
    Amen !
SOLO.
Sanctus Dominus,
Deus sabaolh ;
Plcni sunt cœli et terra Gloria tua. Osanna in excelsis !
     SOLO ET C11CEUR.
Denediclus qui venit In nomine Domini. Osanna in excelsis !
                        •ir •
     SOLO ET CHŒUR.
     Àgnus Dei Qui tollis peccala munili, Miserere nobis,
Dona nobis pacem.
 SANCTUS.
        Tu es saint, Seigneur,
        Dieu des armées ;
         Le ciel et la terre Sont pleins de ta gloire.
        Hosanna dans les lieux très-hauts î
 JBENEDICTUS.
     îîeni soit celui qui vient Au nom du Seigneur.
    Hosanna dans les lieux très-hauts !
AGNUS.
   Agneau de Dieu
    Qui (Me les péchés du monde ,
    Aie pilié de nous ,
    Donne-nous la paix.]]></page>
<pb facs="Gc_prg/CH_Gc_prg_01/pyr_CH_Gc_prg_01-0011.tif"/>
<page><![CDATA[﻿SECONDE PARTIE.
1° Beethoven, Marche funèbre et Allegro de la Symphonie héroïque.
2° HYMNE DU SOIR DANS LES TEMPLES.
Paroles de Lamartine, Musique de F. Grast.
CHŒUR.
Salut, ô divins tabernacles ,
Où tu descends, Seigneur, à la voix du mortel!
        Salut, mystérieux aulel,
Où la foi vient chercher et son pain immortel Et tes silencieux oracles !
SOLO.
Voici l'heure où je viens à la chute des jours,
Me glisser sous ta voûte obscure,
Et chercher, au moment où s’endort la nature,
SOLO ET CHŒUR.
         Celui qui veille toujours !
ta» 9 «
SOLO.
       Quand l’hymne enflammé qui s’élance De mille bouches à la fois,
        De ton majestueux silence Jaillit comme une seule voix :
        Plus fort que le char des tempêtes Quand le chant divin des prophètes Roule avec les flots de l’encens, N’entends-tu pas les vieux portiques,
        Les tombeaux , les siècles antiques ,
        Mêler une ame à nos acccns ?
CHŒUR.
         Salut, 6 divins tabernacles ! etc.
SOLO.
Il semble que la voix dans les airs égarée ,
Par cet espace étroit dans ces murs concentrée,
        A notre ame retentit mieux !
CHŒUR.
Et que les saints échos de la voûte sonore Te portent plus brûlant, avant qu’il s’évapore,
Le soupir qui te cherche en montant vers les cieux.
Paroles de M. Desjaques. CHŒUR.
Voilant à nos regards la splendeur de sa gloire,
Le vainqueur des enfers descend sur cet autel ;
SOLO.
     Il vient lui-même en ce jour solennel,
     Nous dispenser les fruits de sa victoire ,
     Nous consoler et nous ouvrir le ciel.]]></page>
<pb facs="Gc_prg/CH_Gc_prg_01/pyr_CH_Gc_prg_01-0012.tif"/>
<page><![CDATA[﻿CHŒUR.
Reconnaissons un Dieu dans ce profond mystere Où la vie et l’amour triomphent à la fois.
SOLO.
Offrons un pur encens au Sauveur de la terre ,
Et dans ce temple saint, d’une commune voix ,
CHŒUR.
Chrétiens, jurons de mourir sous ses lois !
5° AVE VERUM, DE MOZART.
CHŒUR.
Ave verum corpus , natum	Salut vrai coips ,
  De Maria virgine ,	Né de la vierge Marie,
Yere passum immolatum	Qui as vraiment souffert et as etc
                                   immolé
  In cruce pro homine,	Sur la croix pour l’homme ,
Cujus latus perforatum	Toi dont le côte perce
Unda fluxit et sanguine :	A répandu de l’eau et du sang ;
Esto nobis prægustatum	Viens nous soutenir
In morlis examine.	Au moment de la mort.
4° HYMNE DE G. M. WEBER.
DÉDIÉ- A LA SOCIÉTÉ HELVÉTIQUE DE MUSIQUE. Traduit de l'allemand.
CHŒUR.
              Dieu dit et l’univers paraît.
             Les êtres à sa voix
                      &> 11 <«*
         Chacun au temps marqué,
           Obéissans, surgissent à la fois.
Nul du Seigneur ne prévient la puissance, Tout lui répond quand il appelle.
            Dieu dit et l’univers paraît.
                            SOLO.
          Les feux du jour embrasent l’air, Bientôt la nuit ranime la nature.
Le sombre hiver fait place à la tendre verdure,
Et des parfums légers ont embaumé les airs.
En ces beaux jours avec transports Nous sourions aux douceurs de lq vie.
                        CHŒUR.
Nul du Seigneur ne prévient la puissance.
                            SOLO.
           L’orage s’avance ,
           La foudre s’élance ,
           Un faible rayon se balance.
La fleur est fanée par d’âpres frimas : Notre ame s’attriste de ces maux divers.
           Le calme est rétabli,
Le jour reparaît ; fuyez frimas, l’espoir renaît.
                        CHŒUR.
          Obéissez tous, Dieu commande.
            Dieu dit et l’univers paraît.
                            RÉCITATIF.
Ainsi les noirs esprits, devant l’éclat du jour Ont étendu leurs ailes ,
           Et dans les cœurs infidèles S’éteint l’espérance et l’amour.
          Les peuples à Dieu sont rebelles,]]></page>
<pb facs="Gc_prg/CH_Gc_prg_01/pyr_CH_Gc_prg_01-0013.tif"/>
<page><![CDATA[﻿                    &> 12
           Et l’homme est flétri sans retour.
I.a lice va s’ouvrir, que la vertu s’avance :
      Le mal vaincu se relire en silence,
      Et l’univers proclame le vainqueur.
                    CHORAL A 4 VOIX.
     Oui, mon ame , en silence ,
            En paix recueille-toi ;
           Attends ta délivrance Sans crainte et sans effroi.
     Non ce qui peut me plaire,
      Mais ce qui lui plaira ,
          Et comme un tendre père Mon Dieu me gardera.
                         CHŒUR.
           Loué soit Dieu Dont le pouvoir a donné la victoire au bien.
           Tout obéit, et l’ordre à sa voix Resplendit d’un nouvel éclat.
          Mortels, à Dieu donnons nos cœurs ; Chantons-le nuit et jour.
                             SOLO.
Chantons à Dieu, la nuit, le jour.
                         CHŒUR.
           Dans les horreurs des ouragans,
          Comme au retour des plus beaux jours, Chantons sa gloire et son amour.
           Dans les horreurs des ouragans , etc.
            Qu’il soit loué. -Chantons sa gloire et son amour.
                          FIN.
© Conservatoire de Musique Genève]]></page>
       
        </p>
    </body>
  </text>
</TEI>
