<?xml version="1.0" encoding="UTF-8"?>
<?xml-model href="http://www.tei-c.org/release/xml/tei/custom/schema/relaxng/tei_all.rng" schematypens="http://relaxng.org/ns/structure/1.0"?>
<TEI xmlns="http://www.tei-c.org/ns/1.0">
  <teiHeader>
    <fileDesc>
        <titleStmt>
            <title>HEMU Conservatoire de Genève - Programme de concert</title>
        </titleStmt>
        <editionStmt>
            <edition>TEI P5.1 Edition</edition>
            <respStmt>
                <resp>
                    <persName>Claudio Bacciagaluppi</persName>
                    <persName>Paolo Boschetti</persName>
                    <persName>Laurent Pugin</persName>
                    <persName>Violeta Struijk van Bergen</persName>
                    <persName>Rodolfo Zitellini</persName>
                    <date when="2016-01">Janvier 2016</date>
                </resp>
                <name>Bureau Suisse du RISM</name>
            </respStmt>
        </editionStmt>
        <publicationStmt>
            <publisher><orgName xml:base="http://www.rism-ch.org">Bureau Suisse du RISM</orgName></publisher>
        </publicationStmt>
	    <seriesStmt>
	     <idno type="collection">ch_gc</idno>
	    </seriesStmt>
      <sourceDesc>
		<bibl>
        <title><date when="18330626">26/06/1833</date></title>
<series>None</series>
<placeName>Genève, Casino</placeName>
<orgName role="holding">Bibliothèque du Conservatoire de Musique de Genève; <link target="http://www.cmusge.ch/contact_bibliotheque"/></orgName>

		</bibl>
      </sourceDesc>
    </fileDesc>
  </teiHeader>
  <text>
    <body>
        <p> <!-- all the content of the program in one paragraph -->
            <pb facs="Gc_prg/CH_Gc_prg_01/pyr_CH_Gc_prg_01-0004.tif"/>
<date when="18330626"/>
<name key="Tulou, Jean-Louis" type="person" role="cmp">Tulou, Jean-Louis</name>
<name key="Donizetti, Gaetano" type="person" role="cmp">Donizetti, Gaetano</name>
<name key="Rossini, Gioachino" type="person" role="cmp">Rossini, Gioacchino</name>
<name key="Mercadante, Saverio" type="person" role="cmp">Mercadante, Saverio</name>
<name key="Pacini, Giovanni" type="person" role="cmp">Pacini, Giovanni</name>
<name key="Generali, Pietro" type="person" role="cmp">Generali, Pietro</name><title/>
<placeName key="Genève, Casino"/>
<name key="None" type="series"/>
<page><![CDATA[﻿œ-
   <//%. GRAZIANL, //? 'eÿ/z&éï/*	co??icÿ'M& c/ct	ropta/
âa/ïc/i c/e	éf^/ê. SCATARDA, ancien cw/m/c c/e /ce- (/// cr// c//e
 e/et, ///oc- c/t e/'/’attce, on/ //on/teur c/e voce*/ envoyer ce enc/u<f, /e ^wocj/rat/Mne c/e /u : /ois<ee fniCtficcz/e yu // c/oi7/tci*on/, /c- mca'c/'cc/ z(f //écwi cour cite/, ci y /teeei'cJ c/a docr, AU CASINO.
                      //Zi don/, avec /erfe/e/j /un/e coiiJu/crce/ion,
                                               //as â?<ej-/u?n/lai jervt/eie/if,
                         {Bra^utni tt
 M. Graùanij hôtel de la Balance.
 M. Scnuarda, hôtel de l'Ecu-dc-Gcnève: "]]></page>
<pb facs="Gc_prg/CH_Gc_prg_01/pyr_CH_Gc_prg_01-0005.tif"/>
<page><![CDATA[﻿PROGRAMME DE LA SOIRÉE MUSICALE
QUE DONNEROIVT
        mm.	mm notaum*
   AU CASINO ,
Le Mercredi 26 Juin courant.
                  Qa(B(Dsr5)]â
6.	Duo iVE/iso e Claudio, de Mercadante, chante par MM. Graziani et Scavarda.
7.	Variations pour la flûte, composées par M. Tulou, exécutées parM. Hess.
8.	Air à’’Anna Bolena,‘àe, Donizetti, chanté par M. Scavarda.
9.	Air bouffe de Pacini, chanté par M. Graziani.
On peut se procurer des billets an Casino, chez M. Graziani, hôtel de la Balance, chez M. Scavarda, à l’Ecu-de-Genève,
et chez les marchands de musique.
Le concert commencera à 7 heures précises.
Le Bureau sera ouvert à 6 heures.
  PRIX DU BILLET 3 FRANCS.
                                                                                                                                                           Imprim* J. D. Jakrï*.
/ 833
1. Duo de Generali3 chanté par MM- Graziani et Scavarda.
2.	Variations pour la flûte, composées par M.. Fulou,
     exécutées par M. Hess.
3.	Air d'Anna Bolena, de Donizetti, chanté par M.
     Scavarda.
4.	Gavatine du Barbier de Sevillia, de Rossini, chantée
     par M. Graziani.
5.	Romance, chantée par M. Scavarda.]]></page>
<pb facs="Gc_prg/CH_Gc_prg_01/pyr_CH_Gc_prg_01-0006.tif"/>
<page><![CDATA[﻿© Conservatoire de Musique Genève]]></page>
       
        </p>
    </body>
  </text>
</TEI>
