<?xml version="1.0" encoding="UTF-8"?>
<?xml-model href="http://www.tei-c.org/release/xml/tei/custom/schema/relaxng/tei_all.rng" schematypens="http://relaxng.org/ns/structure/1.0"?>
<TEI xmlns="http://www.tei-c.org/ns/1.0">
  <teiHeader>
    <fileDesc>
        <titleStmt>
            <title>HEMU Conservatoire de Genève - Programme de concert</title>
        </titleStmt>
        <editionStmt>
            <edition>TEI P5.1 Edition</edition>
            <respStmt>
                <resp>
                    <persName>Claudio Bacciagaluppi</persName>
                    <persName>Paolo Boschetti</persName>
                    <persName>Laurent Pugin</persName>
                    <persName>Violeta Struijk van Bergen</persName>
                    <persName>Rodolfo Zitellini</persName>
                    <date when="2016-01">Janvier 2016</date>
                </resp>
                <name>Bureau Suisse du RISM</name>
            </respStmt>
        </editionStmt>
        <publicationStmt>
            <publisher><orgName xml:base="http://www.rism-ch.org">Bureau Suisse du RISM</orgName></publisher>
        </publicationStmt>
	    <seriesStmt>
	     <idno type="collection">ch_gc</idno>
	    </seriesStmt>
      <sourceDesc>
		<bibl>
        <title><date when="18350325">25/03/1835</date></title>
<series>None</series>
<placeName>Genève, Salle du Casino</placeName>
<orgName role="holding">Bibliothèque du Conservatoire de Musique de Genève; <link target="http://www.cmusge.ch/contact_bibliotheque"/></orgName>

		</bibl>
      </sourceDesc>
    </fileDesc>
  </teiHeader>
  <text>
    <body>
        <p> <!-- all the content of the program in one paragraph -->
            <pb facs="Gc_prg/CH_Gc_prg_01/pyr_CH_Gc_prg_01-0015.tif"/>
<date when="18350325"/>
<name key="Paër, Ferdinando" type="person" role="cmp">Paër, Ferdinando</name>
<name key="Bellini, Vincenzo" type="person" role="cmp">Bellini, Vincenzo</name>
<name key="Czerny, Carl" type="person" role="cmp">Czerny, Carl</name>
<name key="Rossini, Gioachino" type="person" role="cmp">Rossini, Gioacchino</name>
<name key="Pacini, Giovanni" type="person" role="cmp">Paccini, Giovanni</name>
<name key="Mayr, Johann Simon" type="person" role="cmp">Johann Simon Mayr</name><title/>
<placeName key="Genève, Salle du Casino"/>
<name key="None" type="series"/>
<page><![CDATA[﻿iisins
       VOCAL ET IWSTRUMEOTAJL ?
                     DONNÉ PAR
         M. BONOLÜI père, premier ténor,
ET
Mlle BONOLDI sa fille, premier soprane ;
jPaw# ia; JSalte frit &Mim,
Mercredi 25 Mars 1835. — On commencera à 6 heures. première
     i* Ouverture.
    a0 Duo de l’Agnèse, chanté par M. et Mllc Bonoldi, de	Paet,
    3° Air de La Stranière, chanté par M. Rossi, de	Hellini.
     4° Variations à 4 mains, pour piano, par MM. Bonoldi fils, de Czerni*
     5° Trio de La Gazza Ladra, chanté par Mn*Bonoldi, M. Ilonoldi
       fils et M. Rossi, de	Rossini.
                   fÇ«»xtém< Qattit.	'
     i" Ouverture.
    2° Air Délia Sémiramide, chanté par M. Bonoldi père, de Rossini.
     3° CavatineDelgi Arabi nelle Gai lie, chantée par Mlle Bonoldi, de Paccini.
     4° Fantaisie pour basson et piano, exécutée par MM. Sabon et Bonoldi (ils. 5° Duo délia Rosa bianca e délia rossa rosa, chanté par M.
         Bonoldi père et M11* Bonoldi, de	Mayer.
PRIX DU BILLET 3 FRANCS.
On peut se procurer des billets chez les Marchands de musique, «n flasino, et elle* M. Wcssel, march. de papier, Grand’rur.
 «ni
               sac de la nutum,]]></page>
       
        </p>
    </body>
  </text>
</TEI>
