<?xml version="1.0" encoding="UTF-8"?>
<?xml-model href="http://www.tei-c.org/release/xml/tei/custom/schema/relaxng/tei_all.rng" schematypens="http://relaxng.org/ns/structure/1.0"?>
<TEI xmlns="http://www.tei-c.org/ns/1.0">
  <teiHeader>
    <fileDesc>
        <titleStmt>
            <title>HEMU Conservatoire de Genève - Programme de concert</title>
        </titleStmt>
        <editionStmt>
            <edition>TEI P5.1 Edition</edition>
            <respStmt>
                <resp>
                    <persName>Claudio Bacciagaluppi</persName>
                    <persName>Paolo Boschetti</persName>
                    <persName>Laurent Pugin</persName>
                    <persName>Violeta Struijk van Bergen</persName>
                    <persName>Rodolfo Zitellini</persName>
                    <date when="2016-01">Janvier 2016</date>
                </resp>
                <name>Bureau Suisse du RISM</name>
            </respStmt>
        </editionStmt>
        <publicationStmt>
            <publisher><orgName xml:base="http://www.rism-ch.org">Bureau Suisse du RISM</orgName></publisher>
        </publicationStmt>
	    <seriesStmt>
	     <idno type="collection">ch_gc</idno>
	    </seriesStmt>
      <sourceDesc>
		<bibl>
        <title><date when="18321112">12/11/1832</date></title>
<series>None</series>
<placeName>Genève, Salle du Casino</placeName>
<orgName role="holding">Bibliothèque du Conservatoire de Musique de Genève; <link target="http://www.cmusge.ch/contact_bibliotheque"/></orgName>

		</bibl>
      </sourceDesc>
    </fileDesc>
  </teiHeader>
  <text>
    <body>
        <p> <!-- all the content of the program in one paragraph -->
            <pb facs="Gc_prg/CH_Gc_prg_01/pyr_CH_Gc_prg_01-0002.tif"/>
<date when="18321112"/>
<name key="Tulou, Jean-Louis" type="person" role="cmp">Tulou, Jean-Louis</name>
<name key="Cambon, M." type="person" role="cmp">Cambon, M.</name>
<name key="Bertini, Henri" type="person" role="cmp">Bertini, Henri</name>
<name key="Boieldieu, François Adrien" type="person" role="cmp">Boieldieu, Adrien</name>
<name key="Baillot, Pierre" type="person" role="cmp">Baillot, Pierre</name>
<name key="Beauplan, Amédée de" type="person" role="cmp">Amédée de Beauplan</name><title/>
<placeName key="Genève, Salle du Casino"/>
<name key="None" type="series"/>
<page><![CDATA[﻿ CONCERT
      a® ra^m&ïtmiiïràiiiLa
A LA DEMANDE GÉNÉRALE.
          MM, BERTINI ET CAMBON,
AUTISTES DE PAIUS,
&ttwnt l’àxmtmtff W Wmw un ^cfcrn^ et Wsrîmr Qwtwtt » Le lundi 12 Novembre 1832,
DAIMS LA SALLE DU CASINO.
m
é
 ■Ÿi'
 f£»
A
w
■ë
jttrogratrotw.
Ve PARTIE.
 1.	Air varié pour llûte (de TulouJ, exécuté par M. Hess.
 2.	Chantons yaîment sur l’Eau (barearollc), musique de M. Cambon suivie de Louise (romance), chantées par M. Cambon.
 3.	Variations brillantes pour piano, composées et exécutées par M. Bertini.
 4.	Air de la Dame Rlanciie (lia! quel plaisir d’être soldat), chanté par M. Cambon.
 5.	Air varié pour le violon ( *lc II ai Ilot), exécuté par M. Bloc.
2me PARTIE.
G. Duo pour piano, de M. Berlini, exécuté par l’auteur et Mme Henry.
7.	Le Matelot Provençal (ballade), musique de M. Bertini, suivie de Mes quinze ans (chansonnette), musique de M. Cambon, chantées par l’auteur.
8.	Eludes caractéristiques ( demandées par les amateurs de cette ville et adoptées par le Conservatoire de musique de Paris), composées et exécutées par M. Bertini.
1). La leçon tyrolienne (redemandée), suivie de FAnylaise a Paris (chansonnette), chantées par M- Cambon.
                   On commencera <z d&z> Aeewe# e/ c/e^nie' /vrecùi&f.
                              PRIX DU RILLET: 3 FRANCS.
                On pourra se procurer des billets chez les marchands de musique et chez le concierge du Casino.
© Conservatoire de Musique Genève]]></page>
       
        </p>
    </body>
  </text>
</TEI>
