<?xml version="1.0" encoding="UTF-8"?>
<?xml-model href="http://www.tei-c.org/release/xml/tei/custom/schema/relaxng/tei_all.rng" schematypens="http://relaxng.org/ns/structure/1.0"?>
<TEI xmlns="http://www.tei-c.org/ns/1.0">
  <teiHeader>
    <fileDesc>
        <titleStmt>
            <title>HEMU Conservatoire de Genève - Programme de concert</title>
        </titleStmt>
        <editionStmt>
            <edition>TEI P5.1 Edition</edition>
            <respStmt>
                <resp>
                    <persName>Claudio Bacciagaluppi</persName>
                    <persName>Paolo Boschetti</persName>
                    <persName>Laurent Pugin</persName>
                    <persName>Violeta Struijk van Bergen</persName>
                    <persName>Rodolfo Zitellini</persName>
                    <date when="2016-01">Janvier 2016</date>
                </resp>
                <name>Bureau Suisse du RISM</name>
            </respStmt>
        </editionStmt>
        <publicationStmt>
            <publisher><orgName xml:base="http://www.rism-ch.org">Bureau Suisse du RISM</orgName></publisher>
        </publicationStmt>
	    <seriesStmt>
	     <idno type="collection">ch_gc</idno>
	    </seriesStmt>
      <sourceDesc>
		<bibl>
        <title><date when="18520825">25/08/1852</date></title>
<series>None</series>
<placeName>Genève, Bastion bourgeois</placeName>
<orgName role="holding">Bibliothèque du Conservatoire de Musique de Genève; <link target="http://www.cmusge.ch/contact_bibliotheque"/></orgName>

		</bibl>
      </sourceDesc>
    </fileDesc>
  </teiHeader>
  <text>
    <body>
        <p> <!-- all the content of the program in one paragraph -->
            <pb facs="Gc_prg/CH_Gc_prg_01/pyr_CH_Gc_prg_01-0040.tif"/>
<date when="18520825"/>
<name key="Bernhard, Ed." type="person" role="cmp">Bernhard, Ed.</name>
<name key="Hamm, Johann Valentin" type="person" role="cmp">J. Val Hamm</name>
<name key="Schacht, Theodor von" type="person" role="cmp">Theodor von Schacht</name>
<name key="Verdi, Giuseppe" type="person" role="cmp">Verdi, Giuseppe</name>
<name key="Labitzky, Josef" type="person" role="cmp">Labitzky, Joseph</name>
<name key="Lanner, Joseph" type="person" role="cmp">Lanner, Joseph</name>
<name key="Halévy, Fromental" type="person" role="cmp">Halévy, Fromental</name>
<name key="Cantor" type="person" role="cmp">Cantor</name><title/>
<placeName key="Genève, Bastion bourgeois"/>
<name key="None" type="series"/>
<page><![CDATA[﻿BASTION BOURGEOIS.
Lundi 25 Août 4 852, à 6 heures et demie précises,
HT
DONNE PAR LA
SOCIÉTÉ D’HARMONIE
DE GENÈVE.
PREMIKRF. PARTIE.
i.	Marche militaire......... .	Bernhard.
а.	Polonaise pour Clarinette et Cornet.....Hamm.
3.	Cavalerie-Polka...........Schacht.
4.	Air de Jcrusalem..............Verdi.
5.	Yarsovienne. (Valse).........Labitzky.
б.	Air des deux Foscari.........Verdi.
DEUXIÈME PARTIE.
1,	Marche.............Lanner.
а.	Vision et Air de Jérusalem. . . •.....Verdi.
3.	Les Sentinelles. (Valse)........Lahitzky.
4.	Scène et Air d’Attila.........Verdi.
5.	Duo de la Reiue de Chypre.......Holecy.
б.	Poudre-Coton (Galop).........Cantor.
Priât d'entrée * SO cent. — 25 eent. pour leu enfant».
                                                                        Jxnprim, i-D Jftfry».]]></page>
       
        </p>
    </body>
  </text>
</TEI>
