<?xml version="1.0" encoding="UTF-8"?>
<?xml-model href="http://www.tei-c.org/release/xml/tei/custom/schema/relaxng/tei_all.rng" schematypens="http://relaxng.org/ns/structure/1.0"?>
<TEI xmlns="http://www.tei-c.org/ns/1.0">
  <teiHeader>
    <fileDesc>
        <titleStmt>
            <title>HEMU Conservatoire de Genève - Programme de concert</title>
        </titleStmt>
        <editionStmt>
            <edition>TEI P5.1 Edition</edition>
            <respStmt>
                <resp>
                    <persName>Claudio Bacciagaluppi</persName>
                    <persName>Paolo Boschetti</persName>
                    <persName>Laurent Pugin</persName>
                    <persName>Violeta Struijk van Bergen</persName>
                    <persName>Rodolfo Zitellini</persName>
                    <date when="2016-01">Janvier 2016</date>
                </resp>
                <name>Bureau Suisse du RISM</name>
            </respStmt>
        </editionStmt>
        <publicationStmt>
            <publisher><orgName xml:base="http://www.rism-ch.org">Bureau Suisse du RISM</orgName></publisher>
        </publicationStmt>
	    <seriesStmt>
	     <idno type="collection">ch_gc</idno>
	    </seriesStmt>
      <sourceDesc>
		<bibl>
        <title><date when="18440415">15/04/1844</date></title>
<series>None</series>
<placeName>Genève, Grande salle du Casino</placeName>
<orgName role="holding">Bibliothèque du Conservatoire de Musique de Genève; <link target="http://www.cmusge.ch/contact_bibliotheque"/></orgName>

		</bibl>
      </sourceDesc>
    </fileDesc>
  </teiHeader>
  <text>
    <body>
        <p> <!-- all the content of the program in one paragraph -->
            <pb facs="Gc_prg/CH_Gc_prg_01/pyr_CH_Gc_prg_01-0030.tif"/>
<date when="18440415"/>
<date when="18450415"/>
<name key="Grast, Franz Gabriel" type="person" role="cmp">François Gabriel Grast</name>
<name key="Bellini, Vincenzo" type="person" role="cmp">Bellini, Vincenzo</name>
<name key="Hiller, Ferdinand" type="person" role="cmp">Hiller, Ferdinand</name>
<name key="Mercadante, Saverio" type="person" role="cmp">Mercadante, Saverio</name>
<name key="Donizetti, Gaetano" type="person" role="cmp">Donizetti, Gaetano</name>
<name key="Mulder, Richard" type="person" role="cmp">Mulder, Richard</name>
<name key="Spontini, Gaspare" type="person" role="cmp">Spontini, Gaspare</name><title/>
<placeName key="Genève, Grande salle du Casino"/>
<name key="None" type="series"/>
<page><![CDATA[﻿  Concert tWal et JnstvummtaD
                                             \ ^ \ J n
DONNÉ PAR
M. MORTELLET, Professeur de cliant an Conservatoire,
F.T
M. F. GRAST, Compositeur.
          /y’-// $	' '	/
s S çywvn/, a G *L /uw'&f/
DANS LA GRANDE SALLE DU CASINO.
PREMIÈRE PARTIE.
1 . Ouverture i) grand Orchestre.............composée par	F.
2.	Invocation à l'harmonie, sérénade à 4 voix.............. idem.
3.	Duo (Je Bealrice di Tenda, chanté par Mlle B**3 et M. Alortellet........JBelHni.
i. Fantaisie pour le violon, sur Robin des Bois, composée et exécutée par . . . . M.	Hitler.
5.	Trio de Dona Caritea, chanté par Mlle B**, MAI. F** et Alorlellcl.......ITKercadante.
6.	Chant du Cloître. Versets chaulés par M. Mortellet, avec accompagnement de Chœur et
d’Orchestre......................F. ftrast
SECONDE PARTIE.
1.	Héloise, scène dramatique de AI. Albert Richard, chantée par Aille B**, avec Chœur et
Orchestre. .	...................F. CJrast.
2.	Air de la Favorite, chanté par AI. F***-..............Donlzetti.
3.	Chant d'ejil, avec accompagnement d’Alto obligé, exécuté par MAI. Mortellet et Mar-
tinet........................F. Cirast.
4.	Sextuor pour piano, 2 violons, alto, violoncelle et contrebasse, composé et exécuté par AI.	ITfulder.
5.	Air de Fernand Cortès, chanté par AI. Alonellet............Spontinl.
6.	Au bord de la mer, Scène d’ensemble pour 2 Chœurs, Orchestre et Orgue.....F. Cirant.
L’Orchestre sera dirigé par M. BLOC.
PRIX DU BILLET 3 FRANCS.
On trouve des billets dans les magasins de musique, chez M. Wessel, Grand’rue, et le soir à l’entrée du Casino.
Genève. — Impr. Ch. Gruaz.]]></page>
       
        </p>
    </body>
  </text>
</TEI>
