<?xml version="1.0" encoding="UTF-8"?>
<?xml-model href="http://www.tei-c.org/release/xml/tei/custom/schema/relaxng/tei_all.rng" schematypens="http://relaxng.org/ns/structure/1.0"?>
<TEI xmlns="http://www.tei-c.org/ns/1.0">
  <teiHeader>
    <fileDesc>
        <titleStmt>
            <title>HEMU Conservatoire de Genève - Programme de concert</title>
        </titleStmt>
        <editionStmt>
            <edition>TEI P5.1 Edition</edition>
            <respStmt>
                <resp>
                    <persName>Claudio Bacciagaluppi</persName>
                    <persName>Paolo Boschetti</persName>
                    <persName>Laurent Pugin</persName>
                    <persName>Violeta Struijk van Bergen</persName>
                    <persName>Rodolfo Zitellini</persName>
                    <date when="2016-01">Janvier 2016</date>
                </resp>
                <name>Bureau Suisse du RISM</name>
            </respStmt>
        </editionStmt>
        <publicationStmt>
            <publisher><orgName xml:base="http://www.rism-ch.org">Bureau Suisse du RISM</orgName></publisher>
        </publicationStmt>
	    <seriesStmt>
	     <idno type="collection">ch_gc</idno>
	    </seriesStmt>
      <sourceDesc>
		<bibl>
        <title><date when="18520603">03/06/1852</date></title>
<series>None</series>
<placeName>Genève, Salle du Casino</placeName>
<orgName role="holding">Bibliothèque du Conservatoire de Musique de Genève; <link target="http://www.cmusge.ch/contact_bibliotheque"/></orgName>

		</bibl>
      </sourceDesc>
    </fileDesc>
  </teiHeader>
  <text>
    <body>
        <p> <!-- all the content of the program in one paragraph -->
            <pb facs="Gc_prg/CH_Gc_prg_01/pyr_CH_Gc_prg_01-0038.tif"/>
<date when="18520603"/>
<name key="Haydn, Joseph" type="person" role="cmp">Haydn, Joseph</name>
<name key="Mozart, Wolfgang Amadeus" type="person" role="cmp">Wolfgang Amadeus Mozart</name>
<name key="Beethoven, Ludwig van" type="person" role="cmp">Ludwig van Beethoven</name>
<name key="Stellor, Stephan" type="person" role="cmp">Stellor, Stephan</name>
<name key="Ernst, Heinrich Wilhelm" type="person" role="cmp">Heinrich Wilhelm Ernst</name>
<name key="Bellini, Vincenzo" type="person" role="cmp">Bellini, Vincenzo</name>
<name key="Mendelssohn Bartholdy, Felix" type="person" role="cmp">Felix Mendelssohn Bartholdy</name>
<name key="Adler, Vincent" type="person" role="cmp">Adler, Vincent</name>
<name key="Schubert, Franz" type="person" role="cmp">Schubert, Franz</name><title/>
<placeName key="Genève, Salle du Casino"/>
<name key="None" type="series"/>
<page><![CDATA[﻿SALLE DU CASINO.
fuin 1852, à 7 heures et demie précises,
 il
SOIRÉE
DE
Musique classique «I moderne,
IM);NJSEK PAU
M. H. W. ERNST,
avec le concours ni:
XX. mmj ADLEK ET LOUIS 1MULIV,
                                        PREMIÈRE PARTIE.
 Quatuor pour deux violons, alto et violoncelle, exécuté par MM. Ernst, Sbyfriz Martinet et Schunckb.
 Air de Don Juan, chanté par M. Paolïn.
 Grande Sonate (en La) pour piano et violon, exécutée par MM. Adler et Ernst
                                        DEUXIÈME PARTIE.
 a)	Feuillet d’Album,
 b)	Elégie,
 Romance de» Puritains, chantée par M. Paulin.
 a)	Romance sans paroles,
 b)	Grand Caprice,-
 La Religieuse et la Sérénade, mélodies chantées par M. Paown.
 Airs Hongrois, variés et exécutés par M.
© Conservatoire de Musique Genève]]></page>
       
        </p>
    </body>
  </text>
</TEI>
