<?xml version="1.0" encoding="UTF-8"?>
<?xml-model href="http://www.tei-c.org/release/xml/tei/custom/schema/relaxng/tei_all.rng" schematypens="http://relaxng.org/ns/structure/1.0"?>
<TEI xmlns="http://www.tei-c.org/ns/1.0">
  <teiHeader>
    <fileDesc>
        <titleStmt>
            <title>HEMU Conservatoire de Genève - Programme de concert</title>
        </titleStmt>
        <editionStmt>
            <edition>TEI P5.1 Edition</edition>
            <respStmt>
                <resp>
                    <persName>Claudio Bacciagaluppi</persName>
                    <persName>Paolo Boschetti</persName>
                    <persName>Laurent Pugin</persName>
                    <persName>Violeta Struijk van Bergen</persName>
                    <persName>Rodolfo Zitellini</persName>
                    <date when="2016-01">Janvier 2016</date>
                </resp>
                <name>Bureau Suisse du RISM</name>
            </respStmt>
        </editionStmt>
        <publicationStmt>
            <publisher><orgName xml:base="http://www.rism-ch.org">Bureau Suisse du RISM</orgName></publisher>
        </publicationStmt>
	    <seriesStmt>
	     <idno type="collection">ch_gc</idno>
	    </seriesStmt>
      <sourceDesc>
		<bibl>
        <title><date when="18500417">17/04/1850</date></title>
<series>None</series>
<placeName>Genève, Salle du théâtre</placeName>
<orgName role="holding">Bibliothèque du Conservatoire de Musique de Genève; <link target="http://www.cmusge.ch/contact_bibliotheque"/></orgName>

		</bibl>
      </sourceDesc>
    </fileDesc>
  </teiHeader>
  <text>
    <body>
        <p> <!-- all the content of the program in one paragraph -->
            <pb facs="Gc_prg/CH_Gc_prg_01/pyr_CH_Gc_prg_01-0034.tif"/>
<date when="18500417"/>
<name key="Rossini, Gioachino" type="person" role="cmp">Rossini, Gioacchino</name>
<name key="Haydn, Joseph" type="person" role="cmp">Haydn, Joseph</name>
<name key="Weber, Carl Maria von" type="person" role="cmp">Carl Maria von Weber</name>
<name key="Adam, Adolphe" type="person" role="cmp">Adam, Adolphe</name>
<name key="Auber, Daniel-François-Esprit" type="person" role="cmp">Auber, Daniel-François-Esprit</name>
<name key="Meyerbeer, Giacomo" type="person" role="cmp">Meyerbeer, Giacomo</name>
<name key="Isouard, Nicolas" type="person" role="cmp">Isouard, Nicolò</name>
<name key="Duprez" type="person" role="cmp">Duprez</name><title/>
<placeName key="Genève, Salle du théâtre"/>
<name key="None" type="series"/>
<page><![CDATA[﻿SALLE >11 THEATRE.
Mercredi prochin 1 7 Avril î 8 !> 0.
Pour répondre au désir exprimé parune grande partie du publie, M. DUPHEZ a retardé d’un jour son départ; l’Administration al’lionnenr d’annoncer pour cette dernière soirée un
lilUM) CONCERT
■AL
»
DONNE PAR
M. DUPHEZ,
PRÜ9IIKB TÉWOR DK L'OPÉRA ET PROFESSEUR,
SECONDÉ PAR SES ÉLÈVES.
2.
3.
4.
Mlie
MM. BALANQUÉ, première basse chantante.
    OSWALD, baryton.
     BERTRAND, te'nor léger.
     PROUVIER, Ed., basse chantante.
                  PROGRAMME :
Première Partie. Musique sacrée.
i. Prière de Moïse, par MM. Dl'PnEZ, Balanqué, Oswald, Pronvif*r n
  ___,_«.j o.	ci au. «e Joly^	......
Trio de la Création, par MM. Ol PIU’./, Balanqué et Mlle Poinsot,
Duo de Moïse, par Mlles C. Duprez et h. de Joly,
Coniertodc solon, pour piauo, par Mlle E. de Joly,
POINSOT, grand soprano.
DUPREZ Caroline, soprano léger.
DE JOLLY Eugénie, soprano mezzo, caraterre
 UH-.
 nossini. Haydn. Rossini. IVeher.
         STABAT MATER,
s.
6.
7.
Pro peccatis, par M. Balanqué, ........ Rossini.
Cujus animam genientem, air par M. DuPIVliZ, ..... Rossini.
Inflaminatus, air par Mlle Poinsot; cheur par MM. DUPREZ, Balanqué, Oswald,
 Rossini
Prouvier, Bertrand, Mlles Duprez ei E. de Joly,
Deuaciètne Partie, Musique profane.
4.	Duo du Chalet, par MM. DUPREZ et (lalanqué, îi. Air d’Othello, par M. Oswald, .....
3.	Duo du Maçon, par Mlles Poinsof et C. Duprez,
4.	Air du Siéjje de Corintlie, par M. Ualauqtié,
5.	Air de Bobert le Diable, par Mlle Poinsot, .
4>. Caprice pour piano, par Mlle E. de Joly.
7.	Air du Billet de Loterie, par Mlle C. Duprez, .....
8.	Scène et andante de l’air de GLTiLLAUME-TELL, par M. DUPREZ, .
0.	Jeanne la Rieuse et la >ie d’une fleur, romance par Mlle C. Duprez, poésie
de M. Ed. Duprez, musique de .......
10.	Grand trio de Bobert le Diable, par MM. DUPREZ, Balanqué, Mlle Poinsot,
Le piano sera tenu par Mlle E. de Joly, premier prix du Conservatoire.
On ouvrira à © II. !}$• On commencera à 7 II. il**
PRIX DES PLACES . Stalie# d« Prornière*, et A*Orchestre 6 fr. — Premières, Logts grillées <1’avait et LoffCS griffJesdcs secondes de côte 4 fr. — Loges grillées des secondes de face 3 fr. Parterre 2 fr. — Secondes 1 fr. a5. — Troisièmes yS cent*.
S’adr. pour la location de>; loges cl stalles, au Théâtre, escalier à droite, au 2e, chez M. Dupuis, et pour des billets à l’avance, chez Me Chevallier, Coutance, 74.
 Adan. Rossiii Aubtr-
 Rossini. Meyerbvev.
 Nicolo. Rossini.
 Duprez. Meyerbe]]></page>
       
        </p>
    </body>
  </text>
</TEI>
