<?xml version="1.0" encoding="UTF-8"?>
<?xml-model href="http://www.tei-c.org/release/xml/tei/custom/schema/relaxng/tei_all.rng" schematypens="http://relaxng.org/ns/structure/1.0"?>
<TEI xmlns="http://www.tei-c.org/ns/1.0">
  <teiHeader>
    <fileDesc>
        <titleStmt>
            <title>HEMU Conservatoire de Genève - Programme de concert</title>
        </titleStmt>
        <editionStmt>
            <edition>TEI P5.1 Edition</edition>
            <respStmt>
                <resp>
                    <persName>Claudio Bacciagaluppi</persName>
                    <persName>Paolo Boschetti</persName>
                    <persName>Laurent Pugin</persName>
                    <persName>Violeta Struijk van Bergen</persName>
                    <persName>Rodolfo Zitellini</persName>
                    <date when="2016-01">Janvier 2016</date>
                </resp>
                <name>Bureau Suisse du RISM</name>
            </respStmt>
        </editionStmt>
        <publicationStmt>
            <publisher><orgName xml:base="http://www.rism-ch.org">Bureau Suisse du RISM</orgName></publisher>
        </publicationStmt>
	    <seriesStmt>
	     <idno type="collection">ch_gc</idno>
	    </seriesStmt>
      <sourceDesc>
		<bibl>
        <title><date when="18360307">07/03/1836</date></title>
<series>None</series>
<placeName>Genève, Salle du Casino</placeName>
<orgName role="holding">Bibliothèque du Conservatoire de Musique de Genève; <link target="http://www.cmusge.ch/contact_bibliotheque"/></orgName>

		</bibl>
      </sourceDesc>
    </fileDesc>
  </teiHeader>
  <text>
    <body>
        <p> <!-- all the content of the program in one paragraph -->
            <pb facs="Gc_prg/CH_Gc_prg_01/pyr_CH_Gc_prg_01-0022.tif"/>
<date when="18360307"/>
<name key="Generali, Pietro" type="person" role="cmp">Generali, Pietro</name>
<name key="Beethoven, Ludwig van" type="person" role="cmp">Ludwig van Beethoven</name>
<name key="Meyerbeer, Giacomo" type="person" role="cmp">Meyerbeer, Giacomo</name>
<name key="Hauman, Théodore" type="person" role="cmp">Hauman, Théodore</name>
<name key="Rossini, Gioachino" type="person" role="cmp">Rossini, Gioacchino</name>
<name key="Tulou, Jean-Louis" type="person" role="cmp">Tulou, Jean-Louis</name>
<name key="Vaccai, Nicola" type="person" role="cmp">Vaccai, Nicola</name><title/>
<placeName key="Genève, Salle du Casino"/>
<name key="None" type="series"/>
<page><![CDATA[﻿Avec permission.
               Second et dernier
                  GRAND
CONCERT
Vocal et Instrumental
                                      DONNÉ PAR
        TII. HAUMAN,
               Lundi, 7 Mars, à 6 heures du soir9
                   •	7 / a s 6
                       PANS LA SALLE PU CASINO»
                          Pi ’ogramme.
                                        PREMIERE PARTIE.
                       1.	Ouverture à grand orchestre.
? Dur» chanté par MM. Bonoldi, père et fils.	GENER ALI.
                      3.	Grand Quintette, exécuté par MM. Hauman, Bloc, Martinet,
Thenon et ***.	BEETHOVEN.
4.	Grand air de Robert le Diable, chanté par Madame ***.	MEYERBEER.
5.	Fantaisie exécutée par Th. Hauman.	HAUMAN.
                                       SECONDE PARTIE.
                        6.	Ouverture à grand orchestre.
7.	Air chanté par M. Bonoldi père.	ROSSINI.
8.	Solo de Flûte, exécuté par M. Hess.	TULOU.
9.	Variations chantées par Madame***.	VACCAY.
10.	Variations sur un thème Original, exécutées par Th. Hauman.	HAUMAN.
            Entre la lre et la 2me partie, M. Hauman exécutera un Duo de PAGAIVINI, pour l iolon seul.
                    M. BLOC DIRIGERA L’ORCHESTRE,
                                  M. BONOLDI TIENDRA LE PIANO.
                                 PRIX DU BILLET *. 5 FRANCS.
                       On trouvera des Billets chez tous les Marchands de musique, et chez le Concierge du Casino.	_
                                                    Genève. — Imprimerie A Visrninj
© Conservatoire de Musique Genève]]></page>
       
        </p>
    </body>
  </text>
</TEI>
