<?xml version="1.0" encoding="UTF-8"?>
<?xml-model href="http://www.tei-c.org/release/xml/tei/custom/schema/relaxng/tei_all.rng" schematypens="http://relaxng.org/ns/structure/1.0"?>
<TEI xmlns="http://www.tei-c.org/ns/1.0">
  <teiHeader>
    <fileDesc>
        <titleStmt>
            <title>HEMU Conservatoire de Genève - Programme de concert</title>
        </titleStmt>
        <editionStmt>
            <edition>TEI P5.1 Edition</edition>
            <respStmt>
                <resp>
                    <persName>Claudio Bacciagaluppi</persName>
                    <persName>Paolo Boschetti</persName>
                    <persName>Laurent Pugin</persName>
                    <persName>Violeta Struijk van Bergen</persName>
                    <persName>Rodolfo Zitellini</persName>
                    <date when="2016-01">Janvier 2016</date>
                </resp>
                <name>Bureau Suisse du RISM</name>
            </respStmt>
        </editionStmt>
        <publicationStmt>
            <publisher><orgName xml:base="http://www.rism-ch.org">Bureau Suisse du RISM</orgName></publisher>
        </publicationStmt>
	    <seriesStmt>
	     <idno type="collection">ch_gc</idno>
	    </seriesStmt>
      <sourceDesc>
		<bibl>
        <title><date when="18350518">18/05/1835</date></title>
<series>None</series>
<placeName>Genève, Château de la Boissière</placeName>
<orgName role="holding">Bibliothèque du Conservatoire de Musique de Genève; <link target="http://www.cmusge.ch/contact_bibliotheque"/></orgName>

		</bibl>
      </sourceDesc>
    </fileDesc>
  </teiHeader>
  <text>
    <body>
        <p> <!-- all the content of the program in one paragraph -->
            <pb facs="Gc_prg/CH_Gc_prg_01/pyr_CH_Gc_prg_01-0017.tif"/>
<date when="18350518"/>
<name key="Kalkbrenner, Friedrich" type="person" role="cmp">Kalkbrenner, Frédéric</name>
<name key="Rossini, Gioachino" type="person" role="cmp">Rossini, Gioacchino</name>
<name key="Bériot, Charles-Auguste de" type="person" role="cmp">Charles de Bériot</name>
<name key="Bellini, Vincenzo" type="person" role="cmp">Bellini, Vincenzo</name>
<name key="Osborne, George Alexander" type="person" role="cmp">George Alexander Osborne</name><title/>
<placeName key="Genève, Château de la Boissière"/>
<name key="None" type="series"/>
<page><![CDATA[﻿ 'Somrç ^anHcafc,
s// ///// < CMC ^///'//y/// t/s fs/ r	// s ' '
-	//s,s/s// /(9 '	/<2o;>.
Vénaux
liiuie
r	rs. * rfs/r/ys .
s:
â*.
A°
r.
o;
3r
>r
                 s/s///s?//,/ a/ *4/7ua^?i<j j tU^T <//’- / - '(/r s /K M	s/C" r Æ,,
  s/s	- '//ss/fs'//
//'ïss//s/4v '/'? 'r/ss/s/s/wff/■//'//
f/r/'sr/s //j r A/s/ ///•// //f
éfcr.
/ùz/A tir/////t r ft/MM/rr
ûs Atrs'/f/A Ai/AA////
 t /' SS/S/ // SJ/ ,J .
r^yyv^yy y/y > ^yy/y y1^.
/. //'> s/ ;/ s/,j Y s/ y/s///
///s/// f
y^ys*s/sy&j y s/ r/st y/?•//,/y*4/■/< /* f //// ///■///s f }fy///<y/ f Art f//v / 'Ÿ/ïa/r
(t/s/#- r,',/ <~y t /a //,/y'/vut'ÿf/# //# r/ t '«?/*//
< s/î	'
' Sts‘///// ///YW
A ////.Arm/ff/' Zir/Z/f//
(irâ/j/'/w eA. -,oy A>OM/f//
© Conservatoire de Musique Genève]]></page>
       
        </p>
    </body>
  </text>
</TEI>
