<?xml version="1.0" encoding="UTF-8"?>
<?xml-model href="http://www.tei-c.org/release/xml/tei/custom/schema/relaxng/tei_all.rng" schematypens="http://relaxng.org/ns/structure/1.0"?>
<TEI xmlns="http://www.tei-c.org/ns/1.0">
  <teiHeader>
    <fileDesc>
        <titleStmt>
            <title>HEMU Conservatoire de Genève - Programme de concert</title>
        </titleStmt>
        <editionStmt>
            <edition>TEI P5.1 Edition</edition>
            <respStmt>
                <resp>
                    <persName>Claudio Bacciagaluppi</persName>
                    <persName>Paolo Boschetti</persName>
                    <persName>Laurent Pugin</persName>
                    <persName>Violeta Struijk van Bergen</persName>
                    <persName>Rodolfo Zitellini</persName>
                    <date when="2016-01">Janvier 2016</date>
                </resp>
                <name>Bureau Suisse du RISM</name>
            </respStmt>
        </editionStmt>
        <publicationStmt>
            <publisher><orgName xml:base="http://www.rism-ch.org">Bureau Suisse du RISM</orgName></publisher>
        </publicationStmt>
	    <seriesStmt>
	     <idno type="collection">ch_gc</idno>
	    </seriesStmt>
      <sourceDesc>
		<bibl>
        <title><date when="18520616">16/06/1852</date></title>
<series>None</series>
<placeName>Genève, Salle du Casino</placeName>
<orgName role="holding">Bibliothèque du Conservatoire de Musique de Genève; <link target="http://www.cmusge.ch/contact_bibliotheque"/></orgName>

		</bibl>
      </sourceDesc>
    </fileDesc>
  </teiHeader>
  <text>
    <body>
        <p> <!-- all the content of the program in one paragraph -->
            <pb facs="Gc_prg/CH_Gc_prg_01/pyr_CH_Gc_prg_01-0039.tif"/>
<date when="18520616"/>
<name key="Mendelssohn Bartholdy, Felix" type="person" role="cmp">Felix Mendelssohn Bartholdy</name>
<name key="Liszt, Franz" type="person" role="cmp">Liszt, Franz</name>
<name key="Beethoven, Ludwig van" type="person" role="cmp">Ludwig van Beethoven</name>
<name key="Ernst, Heinrich Wilhelm" type="person" role="cmp">Heinrich Wilhelm Ernst</name>
<name key="Donizetti, Gaetano" type="person" role="cmp">Donizetti, Gaetano</name>
<name key="Schubert, Franz" type="person" role="cmp">Schubert, Franz</name>
<name key="Paganini, Nicolò" type="person" role="cmp">Paganini, Niccolò</name><title/>
<placeName key="Genève, Salle du Casino"/>
<name key="None" type="series"/>
<page><![CDATA[﻿SALLE DU CASINO.
 Mercredi 4ti Juin 4852, « 7 heures et demie précises,
DEUXIÈME
BE MUSIQUE CLASSIQ1K i:T 9IODERWK,
 DONNÉE i>,\li
AS. H. W. ERNST,
 AVEC LE CONCOURS I>E
MM. VINCENT ADLER ET LOllIS PAULIN.
------------iî-",'û) -Ç- ------------
 PREMIÈRE PARTIE.
1.	Quatuor pour deux violons, alto et violoncelle, exécuté
 par MM. Ernst, Sf.vfriz, Martinet et Schuncke . . . Hen de Iss oh n
2.	Air de Joseph, chante par M. Paulin.......Liszt.
3.	Trio pour piano, violon et violoncelle, exécuté par MM.
Adleii, Ernst et Schuncke. .........Beethoven.
 DEUXIÈME PARTIE.
4.	Fantaisie sur la marche et la romance d’Othello, exécutée
 par M. Ernst. .............Ernst.
5.	Romance de l’Elisir d’Amore, chantée par M. Paulin. . Donize/ti.
6.	Grande fantaisie sur la Somnambule, exécutée par M. Adler. Liszt.
7.	Sois toujours mes Amours, chantée par M. Paulin. . . Schubert.
8.	Variations de Bravoure, sur le thème : nel cor non piu mi
   sento, pour le violon seul, exécutées par M. Ernst . . Paganini.
Le Piano sera tenu par M“c Paulin.
Places réservées s & fr. — Billet d'entrée t 3 fr.
On trouve des billets chez tous les march* de musique et le soir au Casino.
lmp. J-D. Jarrys.]]></page>
       
        </p>
    </body>
  </text>
</TEI>
