<?xml version="1.0" encoding="UTF-8"?>
<?xml-model href="http://www.tei-c.org/release/xml/tei/custom/schema/relaxng/tei_all.rng" schematypens="http://relaxng.org/ns/structure/1.0"?>
<TEI xmlns="http://www.tei-c.org/ns/1.0">
  <teiHeader>
    <fileDesc>
        <titleStmt>
            <title>HEMU Conservatoire de Genève - Programme de concert</title>
        </titleStmt>
        <editionStmt>
            <edition>TEI P5.1 Edition</edition>
            <respStmt>
                <resp>
                    <persName>Claudio Bacciagaluppi</persName>
                    <persName>Paolo Boschetti</persName>
                    <persName>Laurent Pugin</persName>
                    <persName>Violeta Struijk van Bergen</persName>
                    <persName>Rodolfo Zitellini</persName>
                    <date when="2016-01">Janvier 2016</date>
                </resp>
                <name>Bureau Suisse du RISM</name>
            </respStmt>
        </editionStmt>
        <publicationStmt>
            <publisher><orgName xml:base="http://www.rism-ch.org">Bureau Suisse du RISM</orgName></publisher>
        </publicationStmt>
	    <seriesStmt>
	     <idno type="collection">ch_gc</idno>
	    </seriesStmt>
      <sourceDesc>
		<bibl>
        <title>5me concert<date when="18500325">25/03/1850</date></title>
<series>5me concert</series>
<placeName>Inconnu</placeName>
<orgName role="holding">Bibliothèque du Conservatoire de Musique de Genève; <link target="http://www.cmusge.ch/contact_bibliotheque"/></orgName>

		</bibl>
      </sourceDesc>
    </fileDesc>
  </teiHeader>
  <text>
    <body>
        <p> <!-- all the content of the program in one paragraph -->
            <pb facs="Gc_prg/CH_Gc_prg_01/pyr_CH_Gc_prg_01-0033.tif"/>
<date when="18500325"/>
<name key="Mendelssohn Bartholdy, Felix" type="person" role="cmp">Felix Mendelssohn Bartholdy</name>
<name key="Donizetti, Gaetano" type="person" role="cmp">Donizetti, Gaetano</name>
<name key="Herz, Henri" type="person" role="cmp">Herz, Henri</name>
<name key="Lafont, Charles Philippe" type="person" role="cmp">Charles Philippe Lafont</name>
<name key="Verdi, Giuseppe" type="person" role="cmp">Verdi, Giuseppe</name>
<name key="Rossini, Gioachino" type="person" role="cmp">Rossini, Gioacchino</name>
<name key="Fessy, Alexandre Charles" type="person" role="cmp">Fessy, Alexandre</name>
<name key="Spontini, Gaspare" type="person" role="cmp">Spontini, Gaspare</name><title>5me concert</title>
<placeName key="Inconnu"/>
<name key="5me concert" type="series"/>
<page><![CDATA[﻿gQŒaa'ïa saursa^a aKDSïStâi&v&ïvDaiaa.
                S"t: CONCERT, — 25 MARS 1850.
             PK©©ÏK&BS8EE.
                          PREMIÈRE PARTIE
             1.	Introduction, Allegro agitato et Scherzo
                de la 3meSymphonie (la mineur). . MENDELSSOIIN.
            2.	Duo de Lucie, chanté par MUo Baumann
       et	..... DONIZETTI.
             3.	Grand duo concertant sur une cavatine de
                   Niobe , pour violon et piano, exécuté
                par M116 Sabon et un amateur. . . IIERZ et LAFONT.
4.	Trio de YAllila. ...... VERDI.
                           SECONDE PARTIE.
            d. Adagio cantabile, Allegro guerriero et
                 Finale maestosode la 5rac Symphonie. MENDELSSOIIN.
           2.	Duo du Comte Ory, chanté par Mad110
         Paquet et M. P.......ROSSINI.
             3.	Fantaisie sur des motifs de Lucie, pour
                  clarinette et piano, exécutée par M.
Streiss’l et MHe Sabon.....FESSY.
           h. Romances chantées par M. P.
5.	Final du second acte de la Vestale. . SPONTIM.
© Conservatoire de Musique Genève]]></page>
       
        </p>
    </body>
  </text>
</TEI>
